ID,Producer,Battery,Battery.1,SDate,VP,Sulf,S.Temp,A.Temp,Dens,Temp.Mean,Temp.Roll,Estevan,Weyburn,Oxbow,Yellow Grass North,Melita,Kipling,CrudeType,Unknown,C5,Light_LSB,Light_SW,Medium_LSB,Medium_SW,Midale,Heavy_SW,Heavy_Sour,Crude_Breakdown,Crude_Num,VolumeM3,mth,Net Sulf,Net Dens,Net VP,SS_VP,SS_Dens,SS_Sulf,VP_95_Spec
1,LRE,04-05-002-15W2,,12/7/2016,76.4,1.99624,15.5,-25,867.7,-16.33333333,-7.863809524,-17.2,-17.5,-16.3,-17,-13.5,-16.5,Crude,0,0,0,0,1,0,0,0,0,Medium_LSB,3,3726.96,12,6455606.983,3233883.192,284739.744,31.36993627,584.0407707,0.451098231,0
2,CENOV,05-16-006-13W2,,12/7/2016,63.6,2.3065,27.1,-20,867.7,-16.33333333,-7.863809524,-17.2,-17.5,-16.3,-17,-13.5,-16.5,Crude,0,0,0,0,1,0,0,0,0,Medium_LSB,3,118264.62,12,236688903.2,102618210.8,7521629.832,338.5926459,584.0407707,0.964124601,0
3,SPAEN,11-12-006-15W2,,12/7/2016,74.1,2.34526,31,-20,868,-16.33333333,-7.863809524,-17.2,-17.5,-16.3,-17,-13.5,-16.5,Crude,0,0,0,0,1,0,0,0,0,Medium_LSB,3,7324.14,12,14909646.92,6357353.52,542718.774,62.42401692,598.630932,1.041743708,0
4,CRESC,01-21-001-14W2,,12/8/2016,112,0.28571,-1.5,-25,804,-21.18333333,-10.48047619,-22.7,-23.3,-20.5,-20.5,-20.3,-19.8,Crude,0,0,0,1,0,0,0,0,0,Light_SW,2,15481.35,12,3556233.913,12447005.4,1733911.2,383.6087403,34.73004596,0.00074882,0
5,CRESC,14-27-001-13W2,,12/8/2016,102.9,0.39244,7,-25,819,-21.18333333,-10.48047619,-22.7,-23.3,-20.5,-20.5,-20.3,-19.8,Crude,0,0,0,1,0,0,0,0,0,Light_SW,2,21171.82,12,6804799.944,17339720.58,2178580.278,109.9547742,82.93343579,0.00629887,0
6,SPAEN,01-28-002-14W2,,12/8/2016,89.2,1.53164,21.7,-25,854.9,-21.18333333,-10.48047619,-22.7,-23.3,-20.5,-20.5,-20.3,-19.8,Crude,0,0,0,0,1,0,0,0,0,Medium_LSB,3,5257.84,12,6884610.627,4494927.416,468999.328,51.82722659,129.2072223,0.042864927,0
7,LRE,11-02-005-12W2,,12/8/2016,116.4,1.70589,5.6,-25,846.4,-21.18333333,-10.48047619,-22.7,-23.3,-20.5,-20.5,-20.3,-19.8,Crude,0,0,0,0,1,0,0,0,0,Medium_LSB,3,3105.33,12,4483678.22,2628351.312,361460.412,1183.298969,8.219319069,0.145380896,0
8,CRESC,07-07-006-15W2,,12/8/2016,80.5,2.88476,20.5,-25,872,-21.18333333,-10.48047619,-22.7,-23.3,-20.5,-20.5,-20.3,-19.8,Crude,0,0,0,0,0,0,1,0,0,Midale,5,4517.96,12,11364976.81,3939661.12,363695.78,252.555664,28.472896,0.067378454,0
9,SECUR ,08-28-005-33W1, REV,12/12/2016,82,1.00855,6,-24,839.7,-20.71666667,-21.13666667,-21.2,-19.4,-21.8,-19.3,-21.1,-21.5,Crude,0,0,0,0,1,0,0,0,0,Medium_LSB,3,106852.55,12,90491227.17,89724086.24,8761909.1,7.87E-07,14.69238358,0.099888571,0
10,RDGBK,02-26-009-09W2,,12/12/2016,85.9,0.16917,20.4,-24,812,-20.71666667,-21.13666667,-21.2,-19.4,-21.8,-19.3,-21.1,-21.5,Crude,0,0,0,1,0,0,0,0,0,Light_SW,2,6988.22,12,959944.108,5674434.64,600288.098,42.43307926,4.43852054,0.020708527,0
11,CRESC,09-14-009-08W2,,12/12/2016,121.1,0.19149,5.7,-24,802,-20.71666667,-21.13666667,-21.2,-19.4,-21.8,-19.3,-21.1,-21.5,Crude,0,0,0,1,0,0,0,0,0,Light_SW,2,30199.41,12,4637873.787,24219926.82,3657148.551,822.8827064,62.30292732,0.014782809,0
12,CRESC,04-08-008-08W2,,12/12/2016,111.3,0.27205,-7,-24,807.2,-20.71666667,-21.13666667,-21.2,-19.4,-21.8,-19.3,-21.1,-21.5,Crude,0,0,0,1,0,0,0,0,0,Light_SW,2,75984.03,12,16685998.77,61334309.02,8457022.539,356.6784352,7.253435794,0.001683016,0
13,RDGBK,03-33-008-06W2,,12/12/2016,107.9,0.34421,8.9,-24,804.3,-20.71666667,-21.13666667,-21.2,-19.4,-21.8,-19.3,-21.1,-21.5,Crude,0,0,0,1,0,0,0,0,0,Light_SW,2,13104.25,12,3627886.754,10539748.28,1413948.575,239.8140962,31.28411376,0.000969415,0
14,CRESC,04-08-008-08W2,,12/12/2016,112,0.37223,-6.8,-24,807.1,-20.71666667,-21.13666667,-21.2,-19.4,-21.8,-19.3,-21.1,-21.5,Crude,0,0,0,1,0,0,0,0,0,Light_SW,2,75984.03,12,22827641.49,61326710.61,8510211.36,383.6087403,7.802079862,0.003499364,0
15,CRESC,04-08-008-08W2,,12/12/2016,111.1,0.37223,-6.8,-24,807.8,-20.71666667,-21.13666667,-21.2,-19.4,-21.8,-19.3,-21.1,-21.5,Crude,0,0,0,1,0,0,0,0,0,Light_SW,2,75984.03,12,22847439.97,61379899.43,8441825.733,349.1640623,4.381571388,0.003499364,0
16,RDGBK,12-06-009-07W2,,12/12/2016,107,0.56927,-2,-24,805,-20.71666667,-21.13666667,-21.2,-19.4,-21.8,-19.3,-21.1,-21.5,Crude,0,0,1,0,0,0,0,0,0,Light_LSB,1,9482.96,12,4345683.535,7633782.8,1014676.72,204.3072367,181.415905,0.012686237,0
17,CRESC,13-13-007-02W2,,12/12/2016,81.1,1.27773,8,-24,850,-20.71666667,-21.13666667,-21.2,-19.4,-21.8,-19.3,-21.1,-21.5,Crude,0,0,0,0,1,0,0,0,0,Medium_LSB,3,4977.42,12,5405829.028,4230807,403668.762,0.811597561,41.82125455,0.002196941,0
18,SPAEN,16-18-011-04W2,,12/12/2016,86.3,1.57156,4.2,-24,852.7,-20.71666667,-21.13666667,-21.2,-19.4,-21.8,-19.3,-21.1,-21.5,Crude,0,0,0,0,1,0,0,0,0,Medium_LSB,3,7387.01,12,9899104.67,6298903.427,637498.963,18.48237175,84.03270617,0.060988485,0
19,SECUR ,08-28-005-33W1, SALES,12/12/2016,113.3,1.2964,4,-24,838.7,-20.71666667,-21.13666667,-21.2,-19.4,-21.8,-19.3,-21.1,-21.5,Crude,0,0,0,0,1,0,0,0,0,Medium_LSB,3,106852.55,12,116179781.7,89617233.69,12106393.92,979.6344685,23.35851262,0.000795326,0
20,CRESC,14-13-001-05W2,,12/13/2016,95.3,0.50932,1.9,-25,812,-17.95,-21.72380952,-18.1,-17.8,-18.3,-17,-18,-18.5,Crude,0,0,1,0,0,0,0,0,0,Light_LSB,1,18538.56,12,7666952.216,15053310.72,1766724.768,6.726803741,41.84889468,0.029784959,0
21,FEDER,05-31-002-01W2,,12/13/2016,93.9,0.80219,16,-25,825.7,-17.95,-21.72380952,-18.1,-17.8,-18.3,-17,-18,-18.5,Crude,0,0,0,0,1,0,0,0,0,Medium_LSB,3,8019.9,12,5312127.393,6622031.43,753068.61,141.5888879,318.01819,0.272913809,0
22,SPAEN,09-08-004-03W2,,12/13/2016,104.4,0.97927,10.7,-25,832,-17.95,-21.72380952,-18.1,-17.8,-18.3,-17,-18,-18.5,Crude,0,0,0,0,1,0,0,0,0,Medium_LSB,3,13705.84,12,11166869.32,11403258.88,1430889.696,501.7202589,133.0115771,0.119253867,0
23,CRESC,05-14-003-01W2,,12/13/2016,88.9,1.09218,5,-25,834,-17.95,-21.72380952,-18.1,-17.8,-18.3,-17,-18,-18.5,Crude,0,0,0,0,1,0,0,0,0,Medium_LSB,3,3704.37,12,3374229.581,3089444.58,329318.493,47.59775885,90.87931907,0.054019769,0
24,TORCO,03-15-004-06W2,,12/13/2016,64.9,1.142,26,-25,849.4,-17.95,-21.72380952,-18.1,-17.8,-18.3,-17,-18,-18.5,Crude,0,0,0,0,1,0,0,0,0,Medium_LSB,3,6151.05,12,5966609.536,5224701.87,399203.145,292.4403395,34.42093197,0.03334332,0
25,CRESC,02-13-006-06W2,,12/13/2016,87.9,1.43677,18,-25,845,-17.95,-21.72380952,-18.1,-17.8,-18.3,-17,-18,-18.5,Crude,0,0,0,0,1,0,0,0,0,Medium_LSB,3,1579,12,1917017.556,1334255,138794.1,34.79953305,2.151899714,0.012581765,0
26,SPAEN,03-03-002-32W1,,12/13/2016,102.3,1.70048,-8.7,-25,825,-17.95,-21.72380952,-18.1,-17.8,-18.3,-17,-18,-18.5,Crude,0,0,1,0,0,0,0,0,0,Light_LSB,1,4410.24,12,6187108.055,3638448,451167.552,92.03731921,42.65301839,1.037498706,0
27,TORCO,04-17-004-31W1,,12/13/2016,79.9,1.73357,6.7,-25,862.8,-17.95,-21.72380952,-18.1,-17.8,-18.3,-17,-18,-18.5,Crude,0,0,0,0,1,0,0,0,0,Medium_LSB,3,1520.03,12,2273545.65,1311481.884,121450.397,4.413726593,371.2148029,0.167255208,0
28,PMCL,01-07-006-10W2, REV,12/14/2016,53.7,0.35605,3,-25,830,-23.21666667,-22.70714286,-24.1,-24.3,-23,-20.8,-23.6,-23.5,Crude,0,0,0,0,0,1,0,0,0,Medium_SW,4,53327.86,12,15759529.18,44262123.8,2863706.082,361,648.5511111,0.024239272,0
29,PMCL,01-07-006-10W2, SALES,12/14/2016,97.5,1.61271,0.5,-25,833,-23.21666667,-22.70714286,-24.1,-24.3,-23,-20.8,-23.6,-23.5,Crude,0,0,0,0,1,0,0,0,0,Medium_LSB,3,53327.86,12,71639976.79,44422107.38,5199466.35,240.2225008,110.9454481,0.083006489,0
30,CRESC,11-15-007-09W2,,12/14/2016,99.8,0.23268,-4,-25,822,-23.21666667,-22.70714286,-24.1,-24.3,-23,-20.8,-23.6,-23.5,Crude,0,0,0,1,0,0,0,0,0,Light_SW,2,5355.02,12,1024216.976,4401826.44,534430.996,54.55199451,146.5741138,0.006463288,0
31,CRESC,09-20-008-08W2,,12/14/2016,113.5,0.38735,-11,-25,815,-23.21666667,-22.70714286,-24.1,-24.3,-23,-20.8,-23.6,-23.5,Crude,0,0,0,1,0,0,0,0,0,Light_SW,2,2747.39,12,867324.2359,2239122.85,311828.765,444.6165369,26.07919851,0.005516839,0
32,CRESC,09-13-007-11W2,,12/14/2016,118.4,0.47224,5,-25,803.1,-23.21666667,-22.70714286,-24.1,-24.3,-23,-20.8,-23.6,-23.5,Crude,0,0,0,1,0,0,0,0,0,Light_SW,2,22011.31,12,8347920.153,17677283.06,2606139.104,675.2686725,46.14784257,0.025333632,0
33,CRESC,13-30-007-10W2,,12/14/2016,99.6,0.56724,-9,-25,803,-23.21666667,-22.70714286,-24.1,-24.3,-23,-20.8,-23.6,-23.5,Crude,0,0,1,0,0,0,0,0,0,Light_LSB,1,9665.33,12,4402497.117,7761259.99,962666.868,47.52183467,239.2921936,0.013147648,0
34,CRESC,01-04-007-09W2,,12/14/2016,44.3,2.11695,28.5,-25,873,-23.21666667,-22.70714286,-24.1,-24.3,-23,-20.8,-23.6,-23.5,Crude,0,0,0,0,0,0,1,0,0,Midale,5,411.438,12,760377.4775,359185.374,18226.7034,412.414864,18.800896,0.258304238,0
35,APACH,07-12-006-11W2,,12/14/2016,44.3,2.11695,28.5,-25,873,-23.21666667,-22.70714286,-24.1,-24.3,-23,-20.8,-23.6,-23.5,Crude,0,0,0,0,0,0,1,0,0,Midale,5,21372.33,12,39498146.44,18658044.09,946794.219,412.414864,18.800896,0.258304238,0
36,RDGBK,12-22-007-11W2,,12/14/2016,83.2,2.18593,-2.5,-25,828,-23.21666667,-22.70714286,-24.1,-24.3,-23,-20.8,-23.6,-23.5,Crude,0,0,0,0,1,0,0,0,0,Medium_LSB,3,5268.48,12,9535685.587,4362301.44,438337.536,1.437871755,241.2760933,0.741886729,0
37,CRESC,12-30-006-15W2,,12/20/2016,72.9,0.025031,28,-6,892.7,-5.416666667,-18.3047619,-6,-5.2,-5.5,-3.8,-5.5,-6.5,Crude,0,0,0,0,0,1,0,0,0,Medium_SW,4,4638.45,12,103646.9709,4140744.315,338143.005,0.04,1386.321111,0.030740375,0
38,SPAEN,03-03-002-32W1,,12/29/2016,97.4,1.4284,1,-9,825.2,-8.94,-11.91047619,-9.9,-9.9,0,-7.5,-8.1,-9.3,Crude,0,0,0,0,1,0,0,0,0,Medium_LSB,3,4410.24,12,5198419.041,3639330.048,429557.376,237.1326782,336.1012546,0.010774122,0
39,SPAEN,09-08-004-03W2,,12/30/2016,87.8,1.1688,21,-11,839,-10.18,-12.00047619,-10,-9.7,0,-8.5,-12.4,-10.3,Crude,0,0,0,0,1,0,0,0,0,Medium_LSB,3,13705.84,12,13440264.68,11499199.76,1203372.752,33.62971046,20.54867391,0.024274117,0
40,CRESC,05-35-006-11W2,,1/21/2017,86.2,0.141,10,-4,809,-5.733333333,-5.754761905,-7,-7.4,-7.5,-5.8,-1.7,-5,Crude,0,0,0,1,0,0,0,0,0,Light_SW,2,410.785,1,46857.83417,332325.065,35409.667,38.61463858,0.797842574,0.02960966,0
41,CRESC,13-30-007-10W2,,1/21/2017,103.6,0.503,7.5,-6,811.6,-5.733333333,-5.754761905,-7,-7.4,-7.5,-5.8,-1.7,-5,Crude,0,0,1,0,0,0,0,0,0,Light_LSB,1,11216.89,1,4579124.846,9103627.924,1162069.804,118.6707006,47.18415241,0.032006353,0
42,CRESC,09-13-007-11W2,,1/21/2017,102.5,0.542,16,-5,815,-5.733333333,-5.754761905,-7,-7.4,-7.5,-5.8,-1.7,-5,Crude,0,0,1,0,0,0,0,0,0,Light_LSB,1,21030.91,1,9289983.874,17140191.65,2155668.275,95.9147625,12.03446169,0.019572904,0
43,CRESC,04-08-008-08W2,,1/21/2017,95.6,0.584,7,-6,821.8,-5.733333333,-5.754761905,-7,-7.4,-7.5,-5.8,-1.7,-5,Crude,0,0,1,0,0,0,0,0,0,Light_LSB,1,122139.87,1,58618734.38,100374545.2,11676571.57,8.37296869,11.09508024,0.009585036,0
44,CRESC,11-15-007-09W2,,1/21/2017,107.6,0.762,5.9,-6,819.3,-5.733333333,-5.754761905,-7,-7.4,-7.5,-5.8,-1.7,-5,Crude,0,0,1,0,0,0,0,0,0,Light_LSB,1,6179.56,1,3857940.093,5062913.508,664920.656,221.8195666,0.690441067,0.006415498,0
45,CRESC,16-23-006-11W2,,1/21/2017,53.2,2.12,29.7,-4,878,-5.733333333,-5.754761905,-7,-7.4,-7.5,-5.8,-1.7,-5,Crude,0,0,0,0,0,0,1,0,0,Midale,5,1326.07,1,2468293.655,1164289.46,70546.924,130.142464,0.440896,0.255213299,0
46,CRESC,14-13-001-05W2,,1/22/2017,83,0.501,3.6,-1,818,-3.583333333,-4.485714286,-2.9,-3.7,-4,-3.5,-2.1,-5.3,Crude,0,0,1,0,0,0,0,0,0,Light_LSB,1,18973.99,1,7775882.634,15520723.82,1574841.17,94.21404085,0.220028696,0.032725966,0
47,CRESC,13-29-008-07W2,,1/24/2017,100.8,0.178,22.4,-8,801.4,-8.166666667,-4.473809524,-8,-8.9,-8,-8.9,-6.2,-9,Crude,0,0,0,1,0,0,0,0,0,Light_SW,2,12738.71,1,1817166.791,10208802.19,1284061.968,70.32385892,72.13479173,0.018245141,0
48,CRESC,09-13-007-11W2,,1/24/2017,103.8,0.538,17.1,-9,813.8,-8.166666667,-4.473809524,-8,-8.9,-8,-8.9,-6.2,-9,Crude,0,0,1,0,0,0,0,0,0,Light_LSB,1,21030.91,1,9207845.552,17114954.56,2183008.458,123.0681439,21.80023488,0.02070813,0
49,CRESC,04-08-008-08W2,,1/24/2017,99.1,0.6178,6,-9,822.3,-8.166666667,-4.473809524,-8,-8.9,-8,-8.9,-6.2,-9,Crude,0,0,1,0,0,0,0,0,0,Light_LSB,1,122139.87,1,62049123.01,100435615.1,12104061.12,40.87822642,14.67600808,0.00410922,0
50,CRESC,11-15-007-09W2,,1/24/2017,108.6,0.632,2.9,-9,815,-8.166666667,-4.473809524,-8,-8.9,-8,-8.9,-6.2,-9,Crude,0,0,1,0,0,0,0,0,0,Light_LSB,1,6179.56,1,3182967.765,5036341.4,671100.216,252.6067831,12.03446169,0.002490329,0
51,SECUR ,08-28-005-33W1, REV,1/26/2017,80.6,0.949,4.5,-10,848.7,-11.86666667,-7.50952381,-12.9,-12.1,-13.5,-11.3,-10.6,-10.8,Crude,0,0,0,0,1,0,0,0,0,Medium_LSB,3,105136.14,1,84678360.88,89229042.02,8473972.884,1.962484658,26.69722229,0.141076511,0
52,CRESC,14-27-001-13W2,,1/26/2017,86.1,0.473,16.5,-10,819,-11.86666667,-7.50952381,-12.9,-12.1,-13.5,-11.3,-10.6,-10.8,Crude,0,0,0,1,0,0,0,0,0,Light_SW,2,25785.92,1,9989130.191,21118668.48,2220167.712,39.86745214,82.93343579,0.025576141,0
53,CRESC,09-13-007-11W2,,1/26/2017,82.5,0.536,15.6,-10,816.9,-11.86666667,-7.50952381,-12.9,-12.1,-13.5,-11.3,-10.6,-10.8,Crude,0,0,1,0,0,0,0,0,0,Light_LSB,1,21030.91,1,9208560.603,17180150.38,1735050.075,104.1704326,2.461987459,0.021287743,0
54,CRESC,11-15-007-09W2,,1/26/2017,112.4,0.658,4,-10,816.7,-11.86666667,-7.50952381,-12.9,-12.1,-13.5,-11.3,-10.6,-10.8,Crude,0,0,1,0,0,0,0,0,0,Light_LSB,1,6179.56,1,3320825.097,5046846.652,694582.544,387.8382058,3.129616325,0.000571363,0
55,CRESC,04-08-008-08W2,,1/26/2017,101.5,0.698,5.1,-10,823.6,-11.86666667,-7.50952381,-12.9,-12.1,-13.5,-11.3,-10.6,-10.8,Crude,0,0,1,0,0,0,0,0,0,Light_LSB,1,122139.87,1,70214889.06,100594396.9,12397196.81,77.32754601,26.32642045,0.000259107,0
56,CRESC,07-07-006-15W2,,1/26/2017,89.6,2.834,14.1,-10,857.2,-11.86666667,-7.50952381,-12.9,-12.1,-13.5,-11.3,-10.6,-10.8,Crude,0,0,0,0,1,0,0,0,0,Medium_LSB,3,5598.5,1,13600462.92,4799034.2,501625.6,57.74651692,186.7851255,2.278283734,0
57,SECUR ,08-28-005-33W1, SALES,1/26/2017,97.1,1.228,4,-10,838.8,-11.86666667,-7.50952381,-12.9,-12.1,-13.5,-11.3,-10.6,-10.8,Crude,0,0,0,0,1,0,0,0,0,Medium_LSB,3,105136.14,1,108295102.5,88188194.23,10208719.19,227.9832105,22.40189971,0.009331856,0
58,PMCL,01-07-006-10W2, SALES,1/27/2017,100,1.63,6,-8,822,-5.15,-7.411904762,-5.9,-4.1,-6.5,-2.4,-7.2,-4.8,Crude,0,0,1,0,0,0,0,0,0,Light_LSB,1,50817.36,1,68088147.97,41771869.92,5081736,53.19672127,12.46745138,0.89888755,0
59,CRESC,13-29-008-07W2,,1/27/2017,99.4,0.149,21.9,-8,801,-5.15,-7.411904762,-5.9,-4.1,-6.5,-2.4,-7.2,-4.8,Crude,0,0,0,1,0,0,0,0,0,Light_SW,2,12738.71,1,1520352.3,10203706.71,1266227.774,48.80324875,79.089368,0.026920467,0
60,CRESC,04-08-008-08W2,,1/27/2017,99.7,0.686,5.7,-8,823.1,-5.15,-7.411904762,-5.9,-4.1,-6.5,-2.4,-7.2,-4.8,Crude,0,0,1,0,0,0,0,0,0,Light_LSB,1,122139.87,1,68965862.32,100533327,12177345.04,48.91055632,21.44549261,1.68E-05,0
61,CRESC,14-13-001-05W2,,1/29/2017,91.3,0.558,4.5,2,812.2,-2.05,-6.545238095,-2,-0.6,-2.3,0.7,-5.8,-2.3,Crude,0,0,1,0,0,0,0,0,0,Light_LSB,1,18973.99,1,8599156.47,15410674.68,1732325.287,1.977937762,39.30126581,0.015352002,0
62,CRESC,11-15-007-09W2,,1/29/2017,109.6,0.675,6.3,-2,815.9,-2.05,-6.545238095,-2,-0.6,-2.3,0.7,-5.8,-2.3,Crude,0,0,1,0,0,0,0,0,0,Light_LSB,1,6179.56,1,3403284.528,5041903.004,677279.776,285.3939996,6.600131789,4.77E-05,0
63,CRESC,04-08-008-08W2,,1/29/2017,92.8,0.838,8.1,-1,824.7,-2.05,-6.545238095,-2,-0.6,-2.3,0.7,-5.8,-2.3,Crude,0,0,1,0,0,0,0,0,0,Light_LSB,1,122139.87,1,84410693.16,100728750.8,11334579.94,0.008762504,38.82446169,0.024366212,0
64,CRESC,05-14-003-01W2,,1/29/2017,88.6,0.962,13.4,-2,825.2,-2.05,-6.545238095,-2,-0.6,-2.3,0.7,-5.8,-2.3,Crude,0,0,0,0,1,0,0,0,0,Medium_LSB,3,3332.45,1,2645440.106,2749937.74,295255.07,43.54829111,336.1012546,0.131479871,0
65,CRESC,13-11-004-02W2,,1/29/2017,63.3,1.11,16,-2,841.7,-2.05,-6.545238095,-2,-0.6,-2.3,0.7,-5.8,-2.3,Crude,0,0,0,0,1,0,0,0,0,Medium_LSB,3,768.941,1,718411.5801,647217.6397,48673.9653,349.7231782,3.36012552,0.046053818,0
66,CRESC,02-13-006-06W2,,1/29/2017,77.9,1.576,26.3,-1,858.6,-2.05,-6.545238095,-2,-0.6,-2.3,0.7,-5.8,-2.3,Crude,0,0,0,0,1,0,0,0,0,Medium_LSB,3,1887.29,1,2553793.258,1620427.194,147019.891,16.81727498,227.0125449,0.06320119,0
67,CRESC,13-29-008-07W2,,1/31/2017,104.4,0.195,1.1,-2,799.5,-10.78333333,-5.954761905,-10.6,-11.6,-9.3,-11.2,-11,-11,Crude,0,0,0,1,0,0,0,0,0,Light_SW,2,12738.71,1,1985996.736,10184598.65,1329921.324,143.6625708,108.019029,0.013941606,0
68,CRESC,13-30-007-10W2,,1/31/2017,91.8,0.61,10.9,-2,821.1,-10.78333333,-5.954761905,-10.6,-11.6,-9.3,-11.2,-11,-11,Crude,0,0,1,0,0,0,0,0,0,Light_LSB,1,11216.89,1,5618214.911,9210188.379,1029710.502,0.821546009,6.921781273,0.00517007,0
69,CRESC,09-13-007-11W2,,1/31/2017,86.7,0.626,11.2,-2,823.2,-10.78333333,-5.954761905,-10.6,-11.6,-9.3,-11.2,-11,-11,Crude,0,0,1,0,0,0,0,0,0,Light_LSB,1,21030.91,1,10837715.84,17312645.11,1823379.897,36.07674189,22.38167818,0.003125167,0
70,CRESC,11-15-007-09W2,,1/31/2017,106.6,0.678,3.1,-2,818.2,-10.78333333,-5.954761905,-10.6,-11.6,-9.3,-11.2,-11,-11,Crude,0,0,1,0,0,0,0,0,0,Light_LSB,1,6179.56,1,3428046.643,5056115.992,658741.096,193.0323501,0.07239983,1.52E-05,0
71,CRESC,04-08-008-08W2,,1/31/2017,92.7,0.757,7.8,-2,825.7,-10.78333333,-5.954761905,-10.6,-11.6,-9.3,-11.2,-11,-11,Crude,0,0,0,0,1,0,0,0,0,Medium_LSB,3,122139.87,1,76344124.23,100850890.7,11322365.95,114.4710169,318.01819,0.322171499,0
72,SECUR ,08-28-005-33W1, REV,1/31/2017,75.3,1.14,4,-2,843,-10.78333333,-5.954761905,-10.6,-11.6,-9.3,-11.2,-11,-11,Crude,0,0,0,0,1,0,0,0,0,Medium_LSB,3,105136.14,1,101037933.3,88629766.02,7916751.342,44.90188788,0.284157778,0.034077726,0
73,SECUR ,08-28-005-33W1, SALES,1/31/2017,95.2,1.196,5.5,-2,836.9,-10.78333333,-5.954761905,-10.6,-11.6,-9.3,-11.2,-11,-11,Crude,0,0,0,0,1,0,0,0,0,Medium_LSB,3,105136.14,1,105234168.9,87988435.57,10008960.53,174.2165814,43.99754488,0.016538354,0
74,CRESC,12-12-005-34W1,,2/1/2017,108.5,0.399,-8.4,-14,821.8,-18.68,-7.044761905,-18,-17.2,-19.3,0,-19.4,-19.5,Crude,0,0,0,1,0,0,0,0,0,Light_SW,2,153.818,2,50436.64533,126407.6324,16689.253,258.7572149,141.7714019,0.007383178,0
75,CRESC,11-15-007-09W2,,2/1/2017,115.5,0.62,0.86,-14,820.8,-18.68,-7.044761905,-18,-17.2,-19.3,0,-19.4,-19.5,Crude,0,0,1,0,0,0,0,0,0,Light_LSB,1,5063.22,2,2576652.405,4155890.976,584801.91,519.5485769,5.433224572,0.003832006,0
76,CRESC,04-08-008-08W2,,2/1/2017,95.8,0.739,4.2,-14,825.1,-18.68,-7.044761905,-18,-17.2,-19.3,0,-19.4,-19.5,Crude,0,0,0,0,1,0,0,0,0,Medium_LSB,3,124428.83,2,75870342.22,102666227.6,11920281.91,190.4155169,339.7778675,0.342929155,0
77,CRESC,10-33-004-32W1,,2/1/2017,66.6,0.792,20.9,-14,842.6,-18.68,-7.044761905,-18,-17.2,-19.3,0,-19.4,-19.5,Crude,0,0,0,0,1,0,0,0,0,Medium_LSB,3,665.443,2,444076.1993,560702.2718,44318.5038,237.1873234,0.870609391,0.283664392,0
78,CRESC,02-13-006-06W2,,2/1/2017,87.2,1.576,11.2,-14,850.5,-18.68,-7.044761905,-18,-17.2,-19.3,0,-19.4,-19.5,Crude,0,0,0,0,1,0,0,0,0,Medium_LSB,3,1437.39,2,1926660.307,1222500.195,125340.408,27.03077498,48.53819004,0.06320119,0
79,SECUR ,08-28-005-33W1, REV,2/4/2017,79,1.202,3.3,-12,839.5,-14.93333333,-11.37095238,-14.5,-15,-14.5,-14.2,-15.6,-15.8,Crude,0,0,0,0,1,0,0,0,0,Medium_LSB,3,96501.95,2,97378091.2,81013387.03,7623654.05,9.005323368,16.26560939,0.015031136,0
80,CRESC,04-05-007-33W1,,2/4/2017,98.5,1.211,11.9,-15,840.1,-14.93333333,-11.37095238,-14.5,-15,-14.5,-14.2,-15.6,-15.8,Crude,0,0,0,0,1,0,0,0,0,Medium_LSB,3,2171.79,2,2209494.663,1824520.779,213921.315,272.2207266,11.78593197,0.012905308,0
81,SECUR ,08-28-005-33W1, SALES,2/4/2017,101.4,1.174,4.4,-12,837.8,-14.93333333,-11.37095238,-14.5,-15,-14.5,-14.2,-15.6,-15.8,Crude,0,0,0,0,1,0,0,0,0,Medium_LSB,3,96501.95,2,94917117.78,80849333.71,9785297.73,376.3255814,32.86802875,0.022680822,0
82,CRESC,01-21-001-14W2,,2/5/2017,94.3,0.347,,-16,809.9,-19.46666667,-13.85904762,-19.3,-19,-21.8,-17.4,-20.8,-18.5,Crude,0,0,0,1,0,0,0,0,0,Light_SW,2,17200.88,2,4834054.471,13930992.71,1622042.984,3.556740276,4.60E-05,0.001150934,0
83,CRESC,14-27-001-13W2,,2/5/2017,85.2,0.561,20.6,-16,814.7,-19.46666667,-13.85904762,-19.3,-19,-21.8,-17.4,-20.8,-18.5,Crude,0,0,1,0,0,0,0,0,0,Light_LSB,1,20149.22,2,9209134.509,16415569.53,1716713.544,56.34591714,14.20590498,0.014617583,0
84,CRESC,07-07-006-15W2,,2/5/2017,81.4,2.546,15,-16,871.6,-19.46666667,-13.85904762,-19.3,-19,-21.8,-17.4,-20.8,-18.5,Crude,0,0,0,0,0,0,1,0,0,Midale,5,5073.82,2,11259281.49,4422341.512,413008.948,281.971264,32.901696,0.006270486,0
85,CRESC,13-30-007-10W2,,2/7/2017,88.1,0.529,12,-30,814.6,-24.13333333,-18.23761905,-24.4,-25.8,-22.3,-25.5,-24,-22.8,Crude,0,0,1,0,0,0,0,0,0,Light_LSB,1,11683.09,2,5034516.865,9517045.114,1029280.229,21.21884498,14.96971942,0.023379387,0
86,CRESC,09-13-007-11W2,,2/7/2017,80.4,0.556,13.7,-30,815.7,-24.13333333,-18.23761905,-24.4,-25.8,-22.3,-25.5,-24,-22.8,Crude,0,0,1,0,0,0,0,0,0,Light_LSB,1,16928.63,2,7677628.021,13808683.49,1361061.852,151.447278,7.667760655,0.015851615,0
87,CRESC,05-14-003-01W2,,2/7/2017,83.7,0.957,14,-30,825.8,-24.13333333,-18.23761905,-24.4,-25.8,-22.3,-25.5,-24,-22.8,Crude,0,0,0,0,1,0,0,0,0,Medium_LSB,3,2335.38,2,1845628.861,1928556.804,195471.306,2.886984658,314.4615771,0.135130887,0
88,SECUR ,08-28-005-33W1, REV,2/7/2017,75.4,1.376,5.6,-30,855.7,-24.13333333,-18.23761905,-24.4,-25.8,-22.3,-25.5,-24,-22.8,Crude,0,0,0,0,1,0,0,0,0,Medium_LSB,3,96501.95,2,113625564.8,82576718.62,7276247.03,43.57171046,148.0343191,0.002641802,0
89,SECUR ,08-28-005-33W1, SALES,2/7/2017,93.9,1.256,4.5,-30,842.2,-24.13333333,-18.23761905,-24.4,-25.8,-22.3,-25.5,-24,-22.8,Crude,0,0,0,0,1,0,0,0,0,Medium_LSB,3,96501.95,2,102080071.5,81273942.29,9061533.105,141.5888879,1.777061004,0.00470617,0
90,CRESC,07-24-006-15W2,,2/8/2017,91.2,2.254,12.1,-30,868.2,-25.95,-19.27619048,-26.2,-25.5,-26.5,-25.7,-25.5,-26.3,Crude,0,0,0,0,1,0,0,0,0,Medium_LSB,3,1304.53,2,2552864.5,1132592.946,118973.136,84.62367821,608.4577062,0.863781512,0
91,CRESC,07-07-006-15W2,,2/8/2017,82.1,2.611,10.7,-30,866.1,-25.95,-19.27619048,-26.2,-25.5,-26.5,-25.7,-25.5,-26.3,Crude,0,0,0,0,1,0,0,0,0,Medium_LSB,3,5073.82,2,11473871.1,4394435.502,416560.622,0.009823368,509.2665771,1.654821018,0
92,CRESC,13-29-008-07W2,,2/10/2017,99.6,0.17,25.5,-6,818.2,-4.35,-17.46428571,-1.4,-1.5,-6.5,-2.1,-5.6,-9,Crude,0,0,0,1,0,0,0,0,0,Light_SW,2,8347.01,2,1161019.009,6829523.582,831362.196,51.63762163,69.00258834,0.020470334,0
93,CRESC,04-08-008-08W2,,2/10/2017,106.7,0.568,1.9,-25,818.2,-4.35,-17.46428571,-1.4,-1.5,-6.5,-2.1,-5.6,-9,Crude,0,0,1,0,0,0,0,0,0,Light_LSB,1,124428.83,2,57826755.83,101807668.7,13276556.16,195.8210718,0.07239983,0.012973938,0
94,CRESC,09-20-008-08W2,,2/10/2017,92,0.57,9.6,-6,822.7,-4.35,-17.46428571,-1.4,-1.5,-6.5,-2.1,-5.6,-9,Crude,0,0,1,0,0,0,0,0,0,Light_LSB,1,3171.69,2,1487329.137,2609349.363,291795.48,0.498989308,17.90075035,0.012522325,0
95,CRESC,11-15-007-09W2,,2/10/2017,107.6,0.656,4.3,-6,815.4,-4.35,-17.46428571,-1.4,-1.5,-6.5,-2.1,-5.6,-9,Crude,0,0,1,0,0,0,0,0,0,Light_LSB,1,5063.22,2,2708328.53,4128549.588,544802.472,221.8195666,9.419203954,0.000670976,0
96,CRESC,04-08-008-08W2,,2/10/2017,96.8,0.834,4.9,-6,826.9,-4.35,-17.46428571,-1.4,-1.5,-6.5,-2.1,-5.6,-9,Crude,0,0,0,0,1,0,0,0,0,Medium_LSB,3,124428.83,2,85810426.41,102890199.5,12044710.74,219.0137427,276.6588352,0.240689863,0
97,CRESC,13-13-007-02W2,,2/10/2017,75.5,1.243,30.5,-6,844,-4.35,-17.46428571,-1.4,-1.5,-6.5,-2.1,-5.6,-9,Crude,0,0,0,0,1,0,0,0,0,Medium_LSB,3,4432.74,2,4650352.072,3741232.56,334671.87,42.26153305,0.218028746,0.00665881,0
98,CRESC,09-34-005-15W2,,2/10/2017,79.8,2.039,22.7,-6,877.9,-4.35,-17.46428571,-1.4,-1.5,-6.5,-2.1,-5.6,-9,Crude,0,0,0,0,0,0,1,0,0,Midale,5,885.899,2,1585792.963,777730.7321,70694.7402,230.796864,0.318096,0.343614496,0
99,CRESC,01-21-001-14W2,,2/11/2017,87.3,0.404,,-2,814.8,-5.283333333,-16.08571429,-5.3,-4.8,-6,-5.3,-3.5,-6.8,Crude,0,0,0,1,0,0,0,0,0,Light_SW,2,17200.88,2,5662171.918,14015277.02,1501636.824,26.15368943,24.07648664,0.008267433,0
100,CRESC,14-13-001-05W2,,2/11/2017,90.5,0.483,4.7,-2,809.1,-5.283333333,-16.08571429,-5.3,-4.8,-6,-5.3,-3.5,-6.8,Crude,0,0,0,1,0,0,0,0,0,Light_SW,2,20596.55,2,8049034.936,16664668.61,1863987.775,3.66365553,0.629198506,0.02887465,0
101,CRESC,14-27-001-13W2,,2/11/2017,85.4,0.557,20.3,-2,820.8,-5.283333333,-16.08571429,-5.3,-4.8,-6,-5.3,-3.5,-6.8,Crude,0,0,1,0,0,0,0,0,0,Light_LSB,1,20149.22,2,9211933.235,16538479.78,1720743.388,53.38336044,5.433224572,0.015600808,0
102,CRESC,11-15-007-09W2,,2/11/2017,101.5,0.891,2.1,-2,818.4,-5.283333333,-16.08571429,-5.3,-4.8,-6,-5.3,-3.5,-6.8,Crude,0,0,1,0,0,0,0,0,0,Light_LSB,1,5063.22,2,3692071.67,4143739.248,513916.83,77.32754601,0.004770964,0.043721473,0
103,CRESC,13-29-008-07W2,,2/14/2017,125.1,0.164,10.4,3,796.5,-3.816666667,-9.088095238,-4.4,-4.1,-4.8,-2.2,-4.1,-3.3,Crude,0,0,0,1,0,0,0,0,0,Light_SW,2,8347.01,2,1090336.528,6648393.465,1044210.951,1068.370164,179.378351,0.022223229,0
104,CRESC,09-13-007-11W2,,2/14/2017,82.8,0.533,19.9,3,817,-3.816666667,-9.088095238,-4.4,-4.1,-4.8,-2.2,-4.1,-3.3,Crude,0,0,1,0,0,0,0,0,0,Light_LSB,1,16928.63,2,7371758.148,13830690.71,1401690.564,98.13659756,2.158173026,0.022172162,0
105,CRESC,13-30-007-10W2,,2/14/2017,85.4,0.637,9.8,3,818.7,-3.816666667,-9.088095238,-4.4,-4.1,-4.8,-2.2,-4.1,-3.3,Crude,0,0,1,0,0,0,0,0,0,Light_LSB,1,11683.09,2,6092870.464,9564945.783,997735.886,53.38336044,0.053327665,0.002016297,0
106,CRESC,11-15-007-09W2,,2/14/2017,97.9,0.784,4.5,3,820.4,-3.816666667,-9.088095238,-4.4,-4.1,-4.8,-2.2,-4.1,-3.3,Crude,0,0,1,0,0,0,0,0,0,Light_LSB,1,5063.22,2,3256630.699,4153865.688,495689.238,26.97356663,3.728482304,0.010423757,0
107,CRESC,04-08-008-08W2,,2/14/2017,96.5,0.865,7.4,3,830.7,-3.816666667,-9.088095238,-4.4,-4.1,-4.8,-2.2,-4.1,-3.3,Crude,0,0,0,0,1,0,0,0,0,Medium_LSB,3,124428.83,2,89409020.16,103363029.1,12007382.1,210.224275,164.6875449,0.211233568,0
108,CRESC,13-13-007-02W2,,2/14/2017,79.4,1.227,29,3,842.6,-3.816666667,-9.088095238,-4.4,-4.1,-4.8,-2.2,-4.1,-3.3,Crude,0,0,0,0,1,0,0,0,0,Medium_LSB,3,4432.74,2,4582877.79,3735026.724,351959.556,6.76461369,0.870609391,0.009526059,0
109,SECUR ,08-28-005-33W1, REV,2/14/2017,74,1.277,5.2,3,841,-3.816666667,-9.088095238,-4.4,-4.1,-4.8,-2.2,-4.1,-3.3,Crude,0,0,0,0,1,0,0,0,0,Medium_LSB,3,96501.95,2,103638944.7,81158139.95,7141144.3,64.01419434,6.416415843,0.002265906,0
110,SECUR ,08-28-005-33W1, SALES,2/14/2017,97.2,1.133,8.2,3,847.2,-3.816666667,-9.088095238,-4.4,-4.1,-4.8,-2.2,-4.1,-3.3,Crude,0,0,0,0,1,0,0,0,0,Medium_LSB,3,96501.95,2,92630060.16,81756452.04,9379989.54,231.013033,13.44641584,0.036711147,0
111,CRESC,04-08-008-08W2,,2/16/2017,96.5,0.681,8.7,5,823.5,2.816666667,-2.864285714,2.4,3.2,2.5,4.9,0.4,3.5,Crude,0,0,1,0,0,0,0,0,0,Light_LSB,1,124428.83,2,69780123.36,102467141.5,12007382.1,14.39146353,25.31023488,8.16E-07,0
112,CRESC,11-15-007-09W2,,2/16/2017,107,0.854,7.4,5,821.4,2.816666667,-2.864285714,2.4,3.2,2.5,4.9,0.4,3.5,Crude,0,0,1,0,0,0,0,0,0,Light_LSB,1,5063.22,2,3551725.287,4158928.908,541764.54,204.3072367,8.590337974,0.02961731,0
113,CRESC,05-14-003-01W2,,2/16/2017,88.2,0.873,18,5,820.1,2.816666667,-2.864285714,2.4,3.2,2.5,4.9,0.4,3.5,Crude,0,0,1,0,0,0,0,0,0,Light_LSB,1,2335.38,2,1672009.005,1915245.138,205980.516,20.30756663,2.659925603,0.036517989,0
114,SECUR ,08-28-005-33W1, REV,2/16/2017,73.9,1.089,7.5,5,840.3,2.816666667,-2.864285714,2.4,3.2,2.5,4.9,0.4,3.5,Crude,0,0,0,0,1,0,0,0,0,Medium_LSB,3,96501.95,2,88307650.97,81090588.59,7131494.105,65.62437175,10.45270617,0.055508082,0
115,SECUR ,08-28-005-33W1, SALES,2/16/2017,96.1,1.179,6.2,5,837,2.816666667,-2.864285714,2.4,3.2,2.5,4.9,0.4,3.5,Crude,0,0,0,0,1,0,0,0,0,Medium_LSB,3,96501.95,2,95230343.8,80772132.15,9273837.395,198.7849847,42.68093197,0.021199806,0
116,CRESC,06-03-001-16W2,,2/18/2017,55.7,0.416,21.2,2,818.9,-0.55,-1.026190476,-1.9,-1.6,-1,-0.6,-0.2,2,Crude,0,0,0,1,0,0,0,0,0,Light_SW,2,2535.14,2,863626.8767,2076026.146,141207.298,1347.922774,81.12207986,0.010593643,0
117,CRESC,01-21-001-14W2,,2/18/2017,76.6,0.457,20.2,2,815.3,-0.55,-1.026190476,-1.9,-1.6,-1,-0.6,-0.2,2,Crude,0,0,0,1,0,0,0,0,0,Light_SW,2,17200.88,2,6408912.001,14023877.46,1317587.408,250.0847403,29.2332663,0.020714528,0
118,CRESC,14-13-001-05W2,,2/18/2017,89.3,0.5,4.5,1,805.7,-0.55,-1.026190476,-1.9,-1.6,-1,-0.6,-0.2,2,Crude,0,0,0,1,0,0,0,0,0,Light_SW,2,20596.55,2,8297320.168,16594640.34,1839271.915,9.697418242,17.58309681,0.034941114,0
119,CRESC,14-27-001-13W2,,2/18/2017,85.3,0.675,23.5,2,821.7,-0.55,-1.026190476,-1.9,-1.6,-1,-0.6,-0.2,2,Crude,0,0,1,0,0,0,0,0,0,Light_LSB,1,20149.22,2,11175714.5,16556614.07,1718728.466,54.85463879,10.43889468,4.77E-05,0
120,CRESC,02-29-001-17W2,,2/18/2017,75.5,2.057,18.8,1,858.2,-0.55,-1.026190476,-1.9,-1.6,-1,-0.6,-0.2,2,Crude,0,0,0,0,1,0,0,0,0,Medium_LSB,3,618.171,2,1091268.022,530514.3522,46671.9105,42.26153305,215.1189965,0.536407516,0
121,CRESC,03-12-002-19W2,,2/18/2017,65.9,2.562,13.5,1,877.5,-0.55,-1.026190476,-1.9,-1.6,-1,-0.6,-0.2,2,Crude,0,0,0,0,0,0,1,0,0,Midale,5,303.271,2,681800.215,266120.3025,19985.5589,1.669264,0.026896,0.003992521,0
122,SECUR ,08-28-005-33W1, REV,2/18/2017,80.6,1.083,4.5,-1,846.7,-0.55,-1.026190476,-1.9,-1.6,-1,-0.6,-0.2,2,Crude,0,0,0,0,1,0,0,0,0,Medium_LSB,3,96501.95,2,88489981.75,81708201.07,7778057.17,1.962484658,10.02948036,0.0583713,0
123,SECUR ,08-28-005-33W1, SALES,2/18/2017,99.5,1.055,7.9,-1,833,-0.55,-1.026190476,-1.9,-1.6,-1,-0.6,-0.2,2,Crude,0,0,0,0,1,0,0,0,0,Medium_LSB,3,96501.95,2,84807361.19,80386124.35,9601944.025,306.2189524,110.9454481,0.072684986,0
124,CRESC,07-07-006-15W2,,2/19/2017,69.9,2.711,17.6,1,868.6,-0.2,-0.29047619,-0.1,-0.1,-0.8,-0.4,0.2,0,Crude,0,0,0,0,1,0,0,0,0,Medium_LSB,3,5073.82,2,11947702.46,4407120.052,354660.018,146.4314685,628.3512546,1.922100711,0
125,RDGBK,02-26-009-09W2,,2/21/2017,80.8,0.165,27.1,6,809.6,-0.05,0.847619048,1.1,-0.4,-1.3,1.4,-1.1,0,Crude,0,0,0,1,0,0,0,0,0,Light_SW,2,7768.68,2,1037771.349,6289523.328,627709.344,134.8865708,0.085978167,0.02192608,0
126,CRESC,13-29-008-07W2,,2/21/2017,89.6,0.169,26,6,801.3,-0.05,0.847619048,1.1,-0.4,-1.3,1.4,-1.1,0,Crude,0,0,0,1,0,0,0,0,0,Light_SW,2,8347.01,2,1130349.59,6688459.113,747892.096,7.918977564,73.84343579,0.020757484,0
127,RDGBK,12-06-009-07W2,,2/21/2017,83.4,0.265,2.2,6,810.2,-0.05,0.847619048,1.1,-0.4,-1.3,1.4,-1.1,0,Crude,0,0,0,1,0,0,0,0,0,Light_SW,2,7967.62,2,1710671.917,6455365.724,664499.508,81.25341824,0.09411376,0.002311165,0
128,RDGBK,03-33-008-06W2,,2/21/2017,88,0.283,14.1,6,807.8,-0.05,0.847619048,1.1,-0.4,-1.3,1.4,-1.1,0,Crude,0,0,0,1,0,0,0,0,0,Light_SW,2,12819.81,2,2930703.433,10355842.52,1128143.28,19.48399451,4.381571388,0.00090448,0
129,SPAEN,13-03-006-34W1,,2/21/2017,61.3,1.208,24.6,6,843.6,-0.05,0.847619048,1.1,-0.4,-1.3,1.4,-1.1,0,Crude,0,0,0,0,1,0,0,0,0,Medium_LSB,3,6151.16,2,6268455.24,5189118.576,377066.108,428.5267266,0.004480359,0.013595917,0
130,CRESC,13-13-007-02W2,,2/21/2017,73.1,1.279,32.9,6,846.1,-0.05,0.847619048,1.1,-0.4,-1.3,1.4,-1.1,0,Crude,0,0,0,0,1,0,0,0,0,Medium_LSB,3,4432.74,2,4796942.341,3750541.314,324033.294,79.22579111,6.589157778,0.0020795,0
131,SPAEN,16-18-011-04W2,,2/21/2017,89.5,1.406,15.6,6,820.8,-0.05,0.847619048,1.1,-0.4,-1.3,1.4,-1.1,0,Crude,0,0,1,0,0,0,0,0,0,Light_LSB,1,7771.4,2,8968543.759,6378765.12,695540.3,10.28094807,5.433224572,0.524316182,0
132,RDGBK,12-22-007-11W2,,2/21/2017,85.9,1.719,19.2,6,840.1,-0.05,0.847619048,1.1,-0.4,-1.3,1.4,-1.1,0,Crude,0,0,0,0,1,0,0,0,0,Medium_LSB,3,4978.74,2,7189957.256,4182639.474,427673.766,15.20308143,11.78593197,0.155550151,0
133,SECUR ,08-28-005-33W1, REV,2/21/2017,72.2,1.308,7.7,6,850.2,-0.05,0.847619048,1.1,-0.4,-1.3,1.4,-1.1,0,Crude,0,0,0,0,1,0,0,0,0,Medium_LSB,3,96501.95,2,107316112.9,82045957.89,6967440.79,96.05738788,44.44802875,0.000275611,0
134,SECUR ,08-28-005-33W1, SALES,2/21/2017,98.4,1.122,8,6,839.7,-0.05,0.847619048,1.1,-0.4,-1.3,1.4,-1.1,0,Crude,0,0,0,0,1,0,0,0,0,Medium_LSB,3,96501.95,2,90918675.28,81032687.42,9495791.88,268.930904,14.69238358,0.041047381,0
135,CRESC,09-13-007-11W2,,2/22/2017,78.3,0.525,15.8,3,816.9,-0.85,0.973809524,-1.1,-1.5,0.3,-0.8,0.3,-2.3,Crude,0,0,1,0,0,0,0,0,0,Light_LSB,1,16928.63,2,7260223.87,13828997.85,1325511.729,207.5441233,2.461987459,0.024618613,0
136,CRESC,13-30-007-10W2,,2/22/2017,80.9,0.543,16.6,3,816.4,-0.85,0.973809524,-1.1,-1.5,0.3,-0.8,0.3,-2.3,Crude,0,0,1,0,0,0,0,0,0,Light_LSB,1,11683.09,2,5179174.549,9538074.676,945161.981,139.3908862,4.281059624,0.019294098,0
137,CRESC,11-15-007-09W2,,2/22/2017,97.5,0.595,6.1,3,813.1,-0.85,0.973809524,-1.1,-1.5,0.3,-0.8,0.3,-2.3,Crude,0,0,1,0,0,0,0,0,0,Light_LSB,1,5063.22,2,2449557.988,4116904.182,493663.95,22.97868003,28.82693591,0.007552165,0
138,CRESC,04-08-008-08W2,,2/22/2017,97.3,0.639,8.6,3,820.2,-0.85,0.973809524,-1.1,-1.5,0.3,-0.8,0.3,-2.3,Crude,0,0,1,0,0,0,0,0,0,Light_LSB,1,124428.83,2,65214120.35,102056526.4,12106925.16,21.10123673,2.99611117,0.001840684,0
139,RDGBK,12-22-007-11W2,,2/22/2017,93.8,1.655,15.5,3,839,-0.85,0.973809524,-1.1,-1.5,0.3,-0.8,0.3,-2.3,Crude,0,0,0,0,1,0,0,0,0,Medium_LSB,3,4978.74,2,6913204.533,4177162.86,467005.812,139.2190653,20.54867391,0.109163147,0
140,SPAEN,11-12-006-15W2,,2/22/2017,73.3,2.368,33.9,3,870.4,-0.85,0.973809524,-1.1,-1.5,0.3,-0.8,0.3,-2.3,Crude,0,0,0,0,0,0,1,0,0,Midale,5,6655.18,2,13717039.42,5792668.672,487824.694,75.550864,48.108096,0.066144844,0
141,CRESC,07-07-006-15W2,,2/22/2017,71,2.533,15.7,3,870.1,-0.85,0.973809524,-1.1,-1.5,0.3,-0.8,0.3,-2.3,Crude,0,0,0,0,0,0,1,0,0,Midale,5,5073.82,2,11182513.07,4414730.782,360241.22,40.857664,52.359696,0.008498332,0
142,CRESC,01-21-001-14W2,,2/23/2017,70.1,0.212,4.5,-1,804.1,-4.083333333,-0.011904762,-3.5,-3.5,-4.5,-3.4,-3.6,-6,Crude,0,0,0,1,0,0,0,0,0,Light_SW,2,17200.88,2,2932220.253,13831227.61,1205781.688,497.9176216,33.5614019,0.01021607,0
143,CRESC,14-27-001-13W2,,2/23/2017,90.6,0.393,16.7,-1,811.2,-4.083333333,-0.011904762,-3.5,-3.5,-4.5,-3.4,-3.6,-6,Crude,0,0,0,1,0,0,0,0,0,Light_SW,2,20149.22,2,6423603.575,16345047.26,1825519.332,3.290841971,1.707673082,0.006388073,0
144,CRESC,14-13-001-05W2,,2/23/2017,91.1,0.536,5,-1,806.7,-4.083333333,-0.011904762,-3.5,-3.5,-4.5,-3.4,-3.6,-6,Crude,0,0,1,0,0,0,0,0,0,Light_LSB,1,20596.55,2,8905766.97,16615236.89,1876345.705,2.580494463,138.5110596,0.021287743,0
145,SPAEN,09-08-004-03W2,,2/23/2017,90.9,1.21,27.9,-1,836.7,-4.083333333,-0.011904762,-3.5,-3.5,-4.5,-3.4,-3.6,-6,Crude,0,0,0,0,1,0,0,0,0,Medium_LSB,3,12541.53,2,12697132.76,10493498.15,1140025.077,79.19421046,46.69077068,0.013133511,0
146,SPAEN,01-28-002-14W2,,2/23/2017,100.9,1.333,25.2,-1,815.8,-4.083333333,-0.011904762,-3.5,-3.5,-4.5,-3.4,-3.6,-6,Crude,0,0,1,0,0,0,0,0,0,Light_LSB,1,5483.61,2,5963214.208,4473529.038,553296.249,67.13521611,7.123946222,0.423927048,0
147,CRESC,02-13-006-06W2,,2/23/2017,78.4,1.524,27.3,-1,850.1,-4.083333333,-0.011904762,-3.5,-3.5,-4.5,-3.4,-3.6,-6,Crude,0,0,0,0,1,0,0,0,0,Medium_LSB,3,1437.39,2,1862214.064,1221925.239,112691.376,12.96638788,43.12464165,0.039759749,0
148,RDGBK,12-22-007-11W2,,2/23/2017,91.4,1.64,9.4,-1,836.5,-4.083333333,-0.011904762,-3.5,-3.5,-4.5,-3.4,-3.6,-6,Crude,0,0,0,0,1,0,0,0,0,Medium_LSB,3,4978.74,2,6830134.256,4164716.01,455056.836,88.34332337,49.46399649,0.099476193,0
149,CRESC,10-33-004-32W1,,2/25/2017,67.2,0.96,17,-8,839.8,-11.83333333,-3.121428571,-12.3,-11.9,-10,-11.3,-13.5,-12,Crude,0,0,0,0,1,0,0,0,0,Medium_LSB,3,665.443,2,536485.4701,558839.0314,44717.7696,219.0662589,13.93577068,0.132934277,0
150,CRESC,12-23-005-31W1,,2/25/2017,88.3,1.064,15.6,-8,837.9,-11.83333333,-3.121428571,-12.3,-11.9,-10,-11.3,-13.5,-12,Crude,0,0,0,0,1,0,0,0,0,Medium_LSB,3,980.716,2,874333.4203,821741.9364,86597.2228,39.67882337,31.73141584,0.067913159,0
151,CRESC,16-10-006-30W1,,2/25/2017,78.8,1.502,13.8,-8,849.8,-11.83333333,-3.121428571,-12.3,-11.9,-10,-11.3,-13.5,-12,Crude,0,0,0,0,1,0,0,0,0,Medium_LSB,3,1571.37,2,2005696.039,1335350.226,123823.956,10.24567821,39.27448036,0.031470216,0
152,CRESC,02-20-006-32W1,,2/26/2017,72.9,0.8,15.2,-11,831.6,-11.91666667,-4.795238095,-12.6,-10.4,-12.3,-9.4,-14.5,-12.3,Crude,0,0,0,0,1,0,0,0,0,Medium_LSB,3,1474.44,2,980915.4432,1226144.304,107486.676,82.82614595,142.3980287,0.275206768,0
153,CRESC,08-13-006-33W1,,2/26/2017,46.1,0.856,11.4,-11,843,-11.91666667,-4.795238095,-12.6,-10.4,-12.3,-9.4,-14.5,-12.3,Crude,0,0,0,0,1,0,0,0,0,Medium_LSB,3,471.403,2,340168.176,397392.729,21731.6783,1288.873694,0.284157778,0.219587396,0
154,CRESC,05-14-003-01W2,,2/26/2017,87,0.904,11.5,-11,823.9,-11.91666667,-4.795238095,-12.6,-10.4,-12.3,-9.4,-14.5,-12.3,Crude,0,0,1,0,0,0,0,0,0,Light_LSB,1,2335.38,2,1739404.102,1924119.582,203178.06,32.56290683,29.49497715,0.04932699,0
155,CRESC,14-33-003-01W2,,2/26/2017,71.8,0.951,8.5,-11,837.1,-11.91666667,-4.795238095,-12.6,-10.4,-12.3,-9.4,-14.5,-12.3,Crude,0,0,0,0,1,0,0,0,0,Medium_LSB,3,935.003,2,744339.1517,782691.0113,67133.2154,104.0580976,41.38431907,0.139578105,0
156,CRESC,13-11-004-02W2,,2/26/2017,75.2,1.134,15.8,-11,840.5,-11.91666667,-4.795238095,-12.6,-10.4,-12.3,-9.4,-14.5,-12.3,Crude,0,0,0,0,1,0,0,0,0,Medium_LSB,3,768.605,2,732578.1778,646012.5025,57799.096,46.2520653,9.199480359,0.036328944,0
157,SECUR ,08-28-005-33W1, REV,2/26/2017,75.5,1.106,3.3,-11,845.5,-11.91666667,-4.795238095,-12.6,-10.4,-12.3,-9.4,-14.5,-12.3,Crude,0,0,0,0,1,0,0,0,0,Medium_LSB,3,96501.95,2,90241192.99,81592398.73,7285897.225,42.26153305,3.868835198,0.04778663,0
158,SECUR ,08-28-005-33W1, SALES,2/26/2017,97.9,1.092,4.7,-11,833.2,-11.91666667,-4.795238095,-12.6,-10.4,-12.3,-9.4,-14.5,-12.3,Crude,0,0,0,0,1,0,0,0,0,Medium_LSB,3,96501.95,2,87802723.82,80405424.74,9447540.905,252.7817911,106.7722223,0.054103473,0
159,CRESC,13-30-007-10W2,,2/28/2017,87,0.509,5.1,-14,814.1,-14.38333333,-9.24047619,-14.4,-12.6,-17,-11.7,-16.6,-14,Crude,0,0,1,0,0,0,0,0,0,Light_LSB,1,11683.09,2,4841202.617,9511203.569,1016428.83,32.56290683,19.08879158,0.029895515,0
160,CRESC,09-13-007-11W2,,2/28/2017,88.2,0.538,16.7,-14,814.7,-14.38333333,-9.24047619,-14.4,-12.6,-17,-11.7,-16.6,-14,Crude,0,0,1,0,0,0,0,0,0,Light_LSB,1,16928.63,2,7419964.115,13791754.86,1493105.166,20.30756663,14.20590498,0.02070813,0
161,CRESC,04-08-008-08W2,,2/28/2017,101.1,0.646,3.1,-14,820.9,-14.38333333,-9.24047619,-14.4,-12.6,-17,-11.7,-16.6,-14,Crude,0,0,1,0,0,0,0,0,0,Light_LSB,1,124428.83,2,65984782.75,102143626.5,12579754.71,70.45265941,5.909410139,0.001289039,0
162,CRESC,11-15-007-09W2,,2/28/2017,85.4,0.842,2.8,-14,822.9,-14.38333333,-9.24047619,-14.4,-12.6,-17,-11.7,-16.6,-14,Crude,0,0,1,0,0,0,0,0,0,Light_LSB,1,5063.22,2,3508212.987,4166523.738,432398.988,53.38336044,19.63312148,0.025630987,0
163,CRESC,13-13-007-02W2,,2/28/2017,78.1,1.266,29.3,-14,844.4,-14.38333333,-9.24047619,-14.4,-12.6,-17,-11.7,-16.6,-14,Crude,0,0,0,0,1,0,0,0,0,Medium_LSB,3,4432.74,2,4738645.16,3743005.656,346196.994,15.21692014,0.751577133,0.00343414,0
164,SECUR ,08-28-005-33W1, REV,2/28/2017,97.6,0.883,2.8,14,827.5,-14.38333333,-9.24047619,-14.4,-12.6,-17,-11.7,-16.6,-14,Crude,0,0,0,0,1,0,0,0,0,Medium_LSB,3,96501.95,2,70512286.08,79855363.63,9418590.32,243.3323234,257.0591578,0.195011913,0
165,SECUR ,08-28-005-33W1, SALES,2/28/2017,100.9,1.188,4.4,-14,839,-14.38333333,-9.24047619,-14.4,-12.6,-17,-11.7,-16.6,-14,Crude,0,0,0,0,1,0,0,0,0,Medium_LSB,3,96501.95,2,96186581.63,80965136.05,9737046.755,357.1764685,20.54867391,0.018659979,0
166,CRESC,01-21-001-14W2,,3/1/2017,82.3,0.221,16.7,-15,807.7,-12.73333333,-10.93809524,-12.5,-11.6,-14,-10.9,-13.9,-13.5,Crude,0,0,0,1,0,0,0,0,0,Light_SW,2,19019.34,3,3394984.523,15361920.92,1565291.682,102.2943674,4.810215455,0.008477728,0
167,CRESC,14-27-001-13W2,,3/1/2017,89.3,0.51,21.3,-15,816.6,-12.73333333,-10.93809524,-12.5,-11.6,-14,-10.9,-13.9,-13.5,Crude,0,0,1,0,0,0,0,0,0,Light_LSB,1,21566.57,3,8981743.142,17611261.06,1925894.701,11.60350477,3.493430758,0.029550709,0
168,CRESC,07-07-006-15W2,,3/1/2017,83.9,2.856,15.3,-15,871,-12.73333333,-10.93809524,-12.5,-11.6,-14,-10.9,-13.9,-13.5,Crude,0,0,0,0,0,0,1,0,0,Midale,5,6292.73,3,15653644.12,5480967.83,527960.047,372.181264,40.144896,0.053274918,0
169,CRESC,14-13-001-05W2,,3/2/2017,86.5,0.515,4.3,-15,814.9,-14.1,-12.36904762,-13.4,-12.8,0,-12.5,-18,-13.8,Crude,0,0,1,0,0,0,0,0,0,Light_LSB,1,20568.14,3,8631903.302,16760977.29,1779144.11,38.51929859,12.73827612,0.027856677,0
170,CRESC,05-14-003-01W2,,3/2/2017,90.1,0.899,16.2,-15,825.3,-14.1,-12.36904762,-13.4,-12.8,0,-12.5,-18,-13.8,Crude,0,0,0,0,1,0,0,0,0,Medium_LSB,3,2628.26,3,1950023.577,2169102.978,236806.226,65.59562982,332.4446416,0.181136664,0
171,CRESC,02-13-006-06W2,,3/2/2017,88.7,1.453,25.7,-15,846.4,-14.1,-12.36904762,-13.4,-12.8,0,-12.5,-18,-13.8,Crude,0,0,0,0,1,0,0,0,0,Medium_LSB,3,1407.96,3,1731536.241,1191697.344,124886.052,44.87811369,8.219319069,0.016486167,0
172,CRESC,09-13-007-11W2,,3/5/2017,88.3,0.493,16.2,4,816,-0.05,-9.15,0.8,-0.5,-1.8,1.1,-0.7,0.8,Crude,0,0,0,1,0,0,0,0,0,Light_SW,2,23623.54,3,9503466.66,19276808.64,2085958.582,16.92555384,37.29275783,0.032373158,0
173,CRESC,04-08-008-08W2,,3/5/2017,103,0.605,,4,814.4,-0.05,-9.15,0.8,-0.5,-1.8,1.1,-0.7,0.8,Crude,0,0,1,0,0,0,0,0,0,Light_LSB,1,132627.41,3,65347116.44,108011762.7,13660623.23,105.9583708,16.55734828,0.005914102,0
174,CRESC,13-30-007-10W2,,3/5/2017,92.1,0.654,17,4,820.8,-0.05,-9.15,0.8,-0.5,-1.8,1.1,-0.7,0.8,Crude,0,0,1,0,0,0,0,0,0,Light_LSB,1,10867.9,3,5833923.497,8920372.32,1000933.59,0.367710958,5.433224572,0.000778588,0
175,CRESC,11-15-007-09W2,,3/5/2017,91,0.691,6.5,4,817.3,-0.05,-9.15,0.8,-0.5,-1.8,1.1,-0.7,0.8,Crude,0,0,1,0,0,0,0,0,0,Light_LSB,1,6514.04,3,3678832.1,5323924.892,592777.64,2.911772813,1.366729727,8.28E-05,0
176,CRESC,14-13-001-05W2,,3/9/2017,88.5,0.554,3.1,-25,821.4,-19.1,-8.697619048,-19,-18.9,-18,-18.2,-21.2,-19.3,Crude,0,0,1,0,0,0,0,0,0,Light_LSB,1,20568.14,3,9359647.289,16894670.2,1820280.39,17.69373158,8.590337974,0.016359228,0
177,CRESC,13-30-007-10W2,,3/9/2017,90.1,0.597,8.3,-25,815.9,-19.1,-8.697619048,-19,-18.9,-18,-18.2,-21.2,-19.3,Crude,0,0,1,0,0,0,0,0,0,Light_LSB,1,10867.9,3,5293670.407,8867119.61,979197.79,6.793277968,6.600131789,0.007208553,0
178,CRESC,11-15-007-09W2,,3/9/2017,97.8,0.746,2.5,-25,818.9,-19.1,-8.697619048,-19,-18.9,-18,-18.2,-21.2,-19.3,Crude,0,0,1,0,0,0,0,0,0,Light_LSB,1,6514.04,3,3979423.128,5334347.356,637073.112,25.94484498,0.185698799,0.0041084,0
179,SECUR ,08-28-005-33W1, REV,3/9/2017,79.6,1.259,4.3,-25,845.1,-19.1,-8.697619048,-19,-18.9,-18,-18.2,-21.2,-19.3,Crude,0,0,0,0,1,0,0,0,0,Medium_LSB,3,106074.85,3,112861614.4,89643855.74,8443558.06,5.764258851,2.455286811,0.004303561,0
180,SECUR ,08-28-005-33W1, SALES,3/9/2017,104.1,1.1,1.5,-25,829.8,-19.1,-8.697619048,-19,-18.9,-18,-18.2,-21.2,-19.3,Crude,0,0,0,0,1,0,0,0,0,Medium_LSB,3,106074.85,3,96823001.58,88020910.53,11042391.89,488.3707911,188.597061,0.050445848,0
181,CRESC,14-27-001-13W2,,3/10/2017,83.7,0.275,15.1,-25,809.8,-21.28333333,-10.67857143,-20.8,-20.5,-22,-19.6,-23.3,-21.5,Crude,0,0,0,1,0,0,0,0,0,Light_SW,2,21566.57,3,4802767.306,17464608.39,1805121.909,75.93497756,0.008690032,0.001449673,0
182,CRESC,09-13-007-11W2,,3/10/2017,96.8,0.544,12.4,-25,812.6,-21.28333333,-10.67857143,-20.8,-20.5,-22,-19.6,-23.3,-21.5,Crude,0,0,1,0,0,0,0,0,0,Light_LSB,1,23623.54,3,10442889.8,19196488.6,2286758.672,16.75762848,34.44600808,0.019017291,0
183,CRESC,02-16-010-02W2,,3/10/2017,83.9,1.819,-8,-25,856.4,-21.28333333,-10.67857143,-20.8,-20.5,-22,-19.6,-23.3,-21.5,Crude,0,0,0,0,1,0,0,0,0,Medium_LSB,3,335.488,3,522620.3883,287311.9232,28147.4432,3.606629819,165.5580287,0.244429845,0
184,CRESC,04-08-008-08W2,,3/11/2017,107.3,0.591,2,-17,817.5,-18,-13.18571429,-17.7,-18.1,-18.5,-17.6,-18.1,-18,Crude,0,0,1,0,0,0,0,0,0,Light_LSB,1,132627.41,3,64077938.44,108422907.7,14230921.09,212.9734017,0.939100861,0.008263391,0
185,SECUR ,08-28-005-33W1, REV,3/11/2017,89.5,1.031,4.5,-17,843.9,-18,-13.18571429,-17.7,-18.1,-18.5,-17.6,-18.1,-18,Crude,0,0,0,0,1,0,0,0,0,Medium_LSB,3,106074.85,3,92291579.46,89516565.92,9493699.075,56.23669434,0.134641649,0.08620186,0
186,SECUR ,08-28-005-33W1, SALES,3/11/2017,101.3,1.059,2.6,-17,833.9,-18,-13.18571429,-17.7,-18.1,-18.5,-17.6,-18.1,-18,Crude,0,0,0,0,1,0,0,0,0,Medium_LSB,3,106074.85,3,93674710.64,88455817.42,10745382.31,372.4557589,92.79593197,0.070544174,0
187,CRESC,13-29-008-07W2,,3/12/2017,98.4,0.183,23,-14,801.2,-17.21666667,-15.63809524,-17.3,-17.3,-17,-16.8,-18.9,-16,Crude,0,0,0,1,0,0,0,0,0,Light_SW,2,1638.67,3,240261.1399,1312902.404,161245.128,35.83138434,75.57207986,0.016919395,0
188,CRESC,01-21-001-14W2,,3/12/2017,86.1,0.189,19,-14,807.5,-17.21666667,-15.63809524,-17.3,-17.3,-17,-16.8,-18.9,-16,Crude,0,0,0,1,0,0,0,0,0,Light_SW,2,19019.34,3,2902684.122,15358117.05,1637565.174,39.86745214,5.727503591,0.0153945,0
189,CRESC,04-08-008-08W2,,3/12/2017,106.2,0.566,2.4,-14,818.3,-17.21666667,-15.63809524,-17.3,-17.3,-17,-16.8,-18.9,-16,Crude,0,0,1,0,0,0,0,0,0,Light_LSB,1,132627.41,3,61427419.44,108529009.6,14085030.94,182.0774635,0.028585397,0.013433551,0
190,CRESC,05-14-003-01W2,,3/12/2017,96.5,0.888,5.1,-14,821.9,-17.21666667,-15.63809524,-17.3,-17.3,-17,-16.8,-18.9,-16,Crude,0,0,1,0,0,0,0,0,0,Light_LSB,1,2628.26,3,1918228.202,2160166.894,253627.09,14.39146353,11.77126581,0.042475893,0
191,CRESC,13-13-007-02W2,,3/12/2017,81.9,1.265,25,-14,845.1,-17.21666667,-15.63809524,-17.3,-17.3,-17,-16.8,-18.9,-16,Crude,0,0,0,0,1,0,0,0,0,Medium_LSB,3,4661.34,3,4983212.519,3939298.434,381763.746,0.010178206,2.455286811,0.003552343,0
192,CRESC,02-13-006-06W2,,3/12/2017,95.8,1.518,12,-14,848.2,-17.21666667,-15.63809524,-17.3,-17.3,-17,-16.8,-18.9,-16,Crude,0,0,0,0,1,0,0,0,0,Medium_LSB,3,1407.96,3,1812843.678,1194231.672,134882.568,190.4155169,21.78028681,0.037402967,0
193,CRESC,07-07-006-15W2,,3/12/2017,77.7,2.873,12,-14,871.9,-17.21666667,-15.63809524,-17.3,-17.3,-17,-16.8,-18.9,-16,Crude,0,0,0,0,0,0,1,0,0,Midale,5,6292.73,3,15763091.69,5486631.287,488945.121,171.400464,29.550096,0.06141158,0
194,CRESC,13-29-008-07W2,,3/13/2017,85.3,0.168,29.7,-18,802.6,-17.68,-17.1352381,-17.4,-16.7,0,-16.5,-20,-17.8,Crude,0,0,0,1,0,0,0,0,0,Light_SW,2,1638.67,3,220953.0191,1315196.542,139778.551,50.60996061,53.19106291,0.021046633,0
195,CRESC,01-21-001-14W2,,3/13/2017,88.8,0.217,15.4,-18,805.85,-17.68,-17.1352381,-17.4,-16.7,0,-16.5,-20,-17.8,Crude,0,0,0,1,0,0,0,0,0,Light_SW,2,19019.34,3,3325901.525,15326735.14,1688917.392,13.06148604,16.34763071,0.009230324,0
196,CRESC,04-08-008-08W2,,3/13/2017,106.4,0.485,3.4,-18,815.3,-17.68,-17.1352381,-17.4,-16.7,0,-16.5,-20,-17.8,Crude,0,0,0,1,0,0,0,0,0,Light_SW,2,132627.41,3,52443596.78,108131127.4,14111556.42,195.6062996,29.2332663,0.029558351,0
197,CRESC,09-13-007-11W2,,3/13/2017,94.7,0.499,9.2,-18,812.3,-17.68,-17.1352381,-17.4,-16.7,0,-16.5,-20,-17.8,Crude,0,0,0,1,0,0,0,0,0,Light_SW,2,23623.54,3,9575511.369,19189401.54,2237149.238,5.225486038,5.792588337,0.034568263,0
198,CRESC,14-13-001-05W2,,3/13/2017,87.3,0.519,2.8,-18,818.7,-17.68,-17.1352381,-17.4,-16.7,0,-16.5,-20,-17.8,Crude,0,0,1,0,0,0,0,0,0,Light_LSB,1,20568.14,3,8739511.697,16839136.22,1795598.622,29.22907178,0.053327665,0.026537451,0
199,CRESC,14-27-001-13W2,,3/13/2017,104.93,0.576,13.4,-18,819.8,-17.68,-17.1352381,-17.4,-16.7,0,-16.5,-20,-17.8,Crude,0,0,1,0,0,0,0,0,0,Light_LSB,1,21566.57,3,10183837.87,17680274.09,2262980.19,149.4165986,1.771368902,0.011215487,0
200,CRESC,13-30-007-10W2,,3/13/2017,86.9,0.596,-2,-18,817,-17.68,-17.1352381,-17.4,-16.7,0,-16.5,-20,-17.8,Crude,0,0,1,0,0,0,0,0,0,Light_LSB,1,10867.9,3,5291928.283,8879074.3,944420.51,33.71418518,2.158173026,0.007379359,0
201,CRESC,11-15-007-09W2,,3/13/2017,96.6,0.6285,0.7,-18,815,-17.68,-17.1352381,-17.4,-16.7,0,-16.5,-20,-17.8,Crude,0,0,1,0,0,0,0,0,0,Light_LSB,1,6514.04,3,3336670.424,5308942.6,629256.264,15.16018518,12.03446169,0.002851901,0
202,SECUR ,08-28-005-33W1, REV,3/13/2017,80.3,1.181,3.5,-18,839,-17.68,-17.1352381,-17.4,-16.7,0,-16.5,-20,-17.8,Crude,0,0,0,0,1,0,0,0,0,Medium_LSB,3,106074.85,3,105105219.8,88996799.15,8517810.455,2.893016916,20.54867391,0.0206214,0
203,SECUR ,08-28-005-33W1, SALES,3/13/2017,90.6,1.126,3.5,-18,839.7,-17.68,-17.1352381,-17.4,-16.7,0,-16.5,-20,-17.8,Crude,0,0,0,0,1,0,0,0,0,Medium_LSB,3,106074.85,3,100294004,89071051.55,9610381.41,73.94474272,14.69238358,0.039442569,0
204,CRESC,05-14-003-01W2,,3/14/2017,90.19,0.885,10.8,-8,823.5,-9.35,-16.67571429,-8.4,-9,-11.3,-7.5,-9.6,-10.3,Crude,0,0,1,0,0,0,0,0,0,Light_LSB,1,2628.26,3,1915469.317,2164372.11,237042.7694,6.332227452,25.31023488,0.041248312,0
205,CRESC,13-13-007-02W2,,3/14/2017,79.5,1.243,30.3,-8,842.9,-9.35,-16.67571429,-8.4,-9,-11.3,-7.5,-9.6,-10.3,Crude,0,0,0,0,1,0,0,0,0,Medium_LSB,3,4661.34,3,4883801.053,3929043.486,370576.53,6.254436271,0.400770682,0.00665881,0
206,CRESC,02-13-006-06W2,,3/14/2017,90.05,1.382,13.4,-8,845.1,-9.35,-16.67571429,-8.4,-9,-11.3,-7.5,-9.6,-10.3,Crude,0,0,0,0,1,0,0,0,0,Medium_LSB,3,1407.96,3,1644396.188,1189866.996,126786.798,64.78821853,2.455286811,0.003294584,0
207,CRESC,07-07-006-15W2,,3/14/2017,69.6,2.607,17.1,-8,873,-9.35,-16.67571429,-8.4,-9,-11.3,-7.5,-9.6,-10.3,Crude,0,0,0,0,0,0,1,0,0,Midale,5,6292.73,3,14321693.43,5493553.29,437974.008,24.920064,18.800896,0.000330745,0
208,CRESC,04-08-008-08W2,,3/15/2017,99.33,0.446,1.8,-1,818.05,-3.316666667,-15.1352381,-3.5,-2.6,-5.3,-1.7,-4.3,-2.5,Crude,0,0,0,1,0,0,0,0,0,Light_SW,2,132627.41,3,48389150.33,108495852.8,13173880.64,47.83011824,66.53305444,0.017669168,0
209,CRESC,14-27-001-13W2,,3/15/2017,90.35,0.73,25.7,-1,827,-3.316666667,-15.1352381,-3.5,-2.6,-5.3,-1.7,-4.3,-2.5,Crude,0,0,0,0,1,0,0,0,0,Medium_LSB,3,21566.57,3,13019953.97,17835553.39,1948539.6,69.70768627,273.3422223,0.353550982,0
210,RDGBK,09-26-007-09W2,,3/15/2017,97.51,1.338,7.3,-1,842.6,-3.316666667,-15.1352381,-3.5,-2.6,-5.3,-1.7,-4.3,-2.5,Crude,0,0,0,0,1,0,0,0,0,Medium_LSB,3,1068.25,3,1204343.768,900107.45,104165.0575,240.532583,0.870609391,0.000179519,0
211,SECUR ,08-28-005-33W1, REV,3/16/2017,70.91,1.077,8,1,845.9,1.5,-12.19238095,1.1,2.9,-0.8,4,-0.5,2.3,Crude,0,0,0,0,1,0,0,0,0,Medium_LSB,3,106074.85,3,96637826.72,89728715.62,7521767.614,123.0077766,5.602383585,0.061306519,0
212,SECUR ,08-28-005-33W1, SALES,3/16/2017,85.29,1.11,7.1,1,840.9,1.5,-12.19238095,1.1,2.9,-0.8,4,-0.5,2.3,Crude,0,0,0,0,1,0,0,0,0,Medium_LSB,3,106074.85,3,99010158.92,89198341.37,9047123.957,10.81826369,6.933028746,0.046053818,0
213,CRESC,15-26-007-04W2,,3/17/2017,62.4,1.405,6.7,-1,849.9,-1.7,-9.394761905,-2.6,-1.3,-0.8,0.2,-3.4,-2.3,Crude,0,0,0,0,1,0,0,0,0,Medium_LSB,3,290.432,3,346807.6103,246838.1568,18122.9568,384.194775,40.53786746,0.006463914,0
214,CRESC,15-21-008-03W2,,3/17/2017,74.1,1.551,5.5,-1,850.3,-1.7,-9.394761905,-2.6,-1.3,-0.8,0.2,-3.4,-2.3,Crude,0,0,0,0,1,0,0,0,0,Medium_LSB,3,167.658,3,221109.9356,142559.5974,12423.4578,62.42401692,45.79141584,0.051256266,0
215,CRESC,04-08-008-08W2,,3/20/2017,93,0.341,6.9,-1,810.3,-2.616666667,-1.954761905,-3.3,-2.4,-2,-2.1,-3.9,-2,Crude,0,0,0,1,0,0,0,0,0,Light_SW,2,132627.41,3,36646584.7,107467990.3,12334349.13,0.343316547,0.165469693,0.000779829,0
216,CRESC,09-13-007-11W2,,3/20/2017,89.6,0.4116,17.5,-1,812.4,-2.616666667,-1.954761905,-3.3,-2.4,-2,-2.1,-3.9,-2,Crude,0,0,0,1,0,0,0,0,0,Light_SW,2,23623.54,3,7899330.02,19191763.9,2116669.184,7.918977564,6.283944269,0.009707259,0
217,CRESC,13-30-007-10W2,,3/20/2017,87.1,0.564,13,-1,817.6,-2.616666667,-1.954761905,-3.3,-2.4,-2,-2.1,-3.9,-2,Crude,0,0,1,0,0,0,0,0,0,Light_LSB,1,10867.9,3,5011475.603,8885595.04,946594.09,31.43162848,0.755286428,0.013901164,0
218,CRESC,11-15-007-09W2,,3/20/2017,93.5,0.634,5.6,-1,815.5,-2.616666667,-1.954761905,-3.3,-2.4,-2,-2.1,-3.9,-2,Crude,0,0,1,0,0,0,0,0,0,Light_LSB,1,6514.04,3,3367934.559,5312199.62,609062.74,0.62981405,8.815389521,0.002294716,0
219,CRESC,13-13-007-02W2,,3/20/2017,73,1.323,32.2,-1,846.2,-2.616666667,-1.954761905,-3.3,-2.4,-2,-2.1,-3.9,-2,Crude,0,0,0,0,1,0,0,0,0,Medium_LSB,3,4661.34,3,5218475.476,3944425.908,340277.82,81.01596853,7.112544875,2.56E-06,0
220,SECUR ,08-28-005-33W1, REV,3/20/2017,76.8,1.122,3.5,-1,844.5,-2.616666667,-1.954761905,-3.3,-2.4,-2,-2.1,-3.9,-2,Crude,0,0,0,0,1,0,0,0,0,Medium_LSB,3,106074.85,3,100508996.5,89580210.83,8146548.48,27.04922659,0.93496423,0.041047381,0
221,SECUR ,08-28-005-33W1, SALES,3/20/2017,93.9,0.997,6.4,-1,830.6,-2.616666667,-1.954761905,-3.3,-2.4,-2,-2.1,-3.9,-2,Crude,0,0,0,0,1,0,0,0,0,Medium_LSB,3,106074.85,3,87841453.1,88105770.41,9960428.415,141.5888879,167.2641578,0.107322764,0
222,CRESC,14-13-001-05W2,,3/21/2017,77.7,0.567,4,-11,823.6,-9.816666667,-2.021428571,-9.3,-8.2,-11.8,-6.8,-12.8,-10,Crude,0,0,1,0,0,0,0,0,0,Light_LSB,1,20568.14,3,9604934.699,16939920.1,1598144.478,225.1917934,26.32642045,0.013202744,0
223,CRESC,05-14-003-01W2,,3/21/2017,88.2,0.904,13,-11,824.9,-9.816666667,-2.021428571,-9.3,-8.2,-11.8,-6.8,-12.8,-10,Crude,0,0,1,0,0,0,0,0,0,Light_LSB,1,2628.26,3,1959918.713,2168051.674,231812.532,20.30756663,41.35683282,0.04932699,0
224,CRESC,01-21-001-14W2,,3/22/2017,82.4,0.183,11,2,802.8,-3.48,-2.044761905,-2.9,-2.6,0,-1.2,-6.2,-4.5,Crude,0,0,0,1,0,0,0,0,0,Light_SW,2,19019.34,3,2794176.886,15268726.15,1567193.616,100.2815538,50.31377478,0.016919395,0
225,CRESC,14-27-001-13W2,,3/22/2017,78.3,0.599,26,2,823,-3.48,-2.044761905,-2.9,-2.6,0,-1.2,-6.2,-4.5,Crude,0,0,1,0,0,0,0,0,0,Light_LSB,1,21566.57,3,10631822.98,17749287.11,1688662.431,207.5441233,20.52930705,0.00687294,0
226,CRESC,07-07-006-15W2,,3/22/2017,78.1,2.903,2,2,870.9,-3.48,-2.044761905,-2.9,-2.6,0,-1.2,-6.2,-4.5,Crude,0,0,0,0,0,0,1,0,0,Midale,5,6292.73,3,15909422.83,5480338.557,491462.213,182.034064,41.422096,0.077180396,0
227,CRESC,04-05-007-33W1,,3/24/2017,83.6,1.234,22,4,841.2,-0.38,-1.936190476,-0.1,0.3,0,1.1,-2.7,-0.5,Crude,0,0,0,0,1,0,0,0,0,Medium_LSB,3,2666.25,3,2767676.283,2242849.5,222898.5,2.557162077,5.443190036,0.008208638,0
228,CRESC,02-16-010-02W2,,3/24/2017,91,1.8,3.4,4,851.8,-0.38,-1.936190476,-0.1,0.3,0,1.1,-2.7,-0.5,Crude,0,0,0,0,1,0,0,0,0,Medium_LSB,3,335.488,3,514383.6211,285768.6784,30529.408,80.98403305,68.34222229,0.226003703,0
229,CRESC,13-07-010-09W2,,3/26/2017,78.5,0.198,4.5,9,813.3,5.166666667,-0.712380952,7.2,5.8,3.3,5.3,2.6,6.8,Crude,0,0,0,1,0,0,0,0,0,Light_SW,2,2573.55,3,414427.5066,2093068.215,202023.675,193.6012826,11.60614766,0.013242158,0
230,CRESC,09-06-010-07W2,,3/26/2017,53.2,3.455,30.6,9,881.1,5.166666667,-0.712380952,7.2,5.8,3.3,5.3,2.6,6.8,Crude,0,0,0,0,0,0,1,0,0,Midale,5,2101.77,3,6398209.285,1851869.547,111814.164,130.142464,14.167696,0.688590611,0
231,CRESC,16-35-009-09W2,,3/26/2017,58.5,4.019,27,9,879.1,5.166666667,-0.712380952,7.2,5.8,3.3,5.3,2.6,6.8,Crude,0,0,0,0,0,0,1,0,0,Midale,5,598.462,3,2114427.828,526107.9442,35010.027,37.307664,3.111696,1.942716352,0
232,CRESC,13-29-008-07W2,,3/27/2017,89.6,0.165,28.2,-12,801.9,1.466666667,-0.129047619,0.7,3,1.3,3.3,-0.3,0.8,Crude,0,0,0,1,0,0,0,0,0,Light_SW,2,1638.67,3,216818.163,1314049.473,146824.832,7.918977564,63.89157139,0.02192608,0
233,CRESC,13-29-008-07W2,,3/27/2017,85.7,0.196,29.2,4,803.8,1.466666667,-0.129047619,0.7,3,1.3,3.3,-0.3,0.8,Crude,0,0,0,1,0,0,0,0,0,Light_SW,2,1638.67,3,258163.9374,1317162.946,140434.019,45.07870638,37.1273341,0.013706456,0
234,CRESC,09-14-009-08W2,,3/27/2017,94.5,0.227,25.8,-12,805.9,1.466666667,-0.129047619,0.7,3,1.3,3.3,-0.3,0.8,Crude,0,0,0,1,0,0,0,0,0,Light_SW,2,214.578,3,39254.74912,172928.4102,20277.621,4.351113157,15.94580868,0.007408833,0
235,CRESC,04-08-008-08W2,,3/27/2017,93.1,0.324,8.1,4,810.8,1.466666667,-0.129047619,0.7,3,1.3,3.3,-0.3,0.8,Crude,0,0,0,1,0,0,0,0,0,Light_SW,2,132627.41,3,34841114.51,107534304,12347611.87,0.470502988,0.822249354,0.000119365,0
236,CRESC,09-13-007-11W2,,3/27/2017,92.4,0.534,19.4,4,814.8,1.466666667,-0.129047619,0.7,3,1.3,3.3,-0.3,0.8,Crude,0,0,1,0,0,0,0,0,0,Light_LSB,1,23623.54,3,10278677.85,19248460.39,2182815.096,0.093875906,13.46209055,0.021875355,0
237,CRESC,13-30-007-10W2,,3/27/2017,87.1,0.569,18.2,4,816.2,1.466666667,-0.129047619,0.7,3,1.3,3.3,-0.3,0.8,Crude,0,0,1,0,0,0,0,0,0,Light_LSB,1,10867.9,3,5047246.209,8870379.98,946594.09,31.43162848,5.14868849,0.012747132,0
238,CRESC,11-15-007-09W2,,3/27/2017,89.6,0.98,5.8,4,827.4,1.466666667,-0.129047619,0.7,3,1.3,3.3,-0.3,0.8,Crude,0,0,0,0,1,0,0,0,0,Medium_LSB,3,6514.04,3,5281922.362,5389716.696,583657.984,57.74651692,260.2757707,0.118750216,0
239,CRESC,13-13-007-02W2,,3/27/2017,70.7,1.303,34.3,4,845.5,1.466666667,-0.129047619,0.7,3,1.3,3.3,-0.3,0.8,Crude,0,0,0,0,1,0,0,0,0,Medium_LSB,3,4661.34,3,5135335.35,3941162.97,329556.738,127.7100492,3.868835198,0.000466626,0
240,SECUR ,08-28-005-33W1, REV,3/27/2017,79.6,0.989,4.3,4,845.8,1.466666667,-0.129047619,0.7,3,1.3,3.3,-0.3,0.8,Crude,0,0,0,0,1,0,0,0,0,Medium_LSB,3,106074.85,3,88731208.94,89718108.13,8443558.06,5.764258851,5.138996488,0.112628388,0
241,SECUR ,08-28-005-33W1, SALES,3/27/2017,96.8,1.182,9.7,4,833.4,1.466666667,-0.129047619,0.7,3,1.3,3.3,-0.3,0.8,Crude,0,0,0,0,1,0,0,0,0,Medium_LSB,3,106074.85,3,104492085.9,88402779.99,10268045.48,219.0137427,102.6789965,0.020335197,0
242,CRESC,14-13-001-05W2,,3/28/2017,80.1,0.575,3.9,12,823.2,1.64,1.507619048,2,2.1,0,1.8,1,1.3,Crude,0,0,1,0,0,0,0,0,0,Light_LSB,1,20568.14,3,9735723.388,16931692.85,1647508.014,158.921113,22.38167818,0.011428293,0
243,CRESC,05-14-003-01W2,,3/28/2017,79.9,0.807,19.1,12,824.8,1.64,1.507619048,2,2.1,0,1.8,1,1.3,Crude,0,0,1,0,0,0,0,0,0,Light_LSB,1,2628.26,3,1749405.6,2167788.848,209997.974,164.0036697,40.08064725,0.01564921,0
244,TORCO,11-25-005-06W2,,3/28/2017,67.6,1.115,27.8,12,843.7,1.64,1.507619048,2,2.1,0,1.8,1,1.3,Crude,0,0,0,0,1,0,0,0,0,Medium_LSB,3,1152.33,3,1084026.215,972220.821,77897.508,207.3855492,0.027867456,0.043932802,0
245,CRESC,01-21-001-14W2,,3/29/2017,91.5,0.22,14.2,16,843.7,6.766666667,2.971428571,6.7,7.9,5.5,8.8,4.7,7,Crude,0,0,0,0,0,1,0,0,0,Medium_SW,4,19019.34,3,3530255.775,16046617.16,1740269.61,353.44,138.4544444,0.000385717,0
246,CRESC,14-27-001-13W2,,3/29/2017,74.6,0.482,27.9,16,819.9,6.766666667,2.971428571,6.7,7.9,5.5,8.8,4.7,7,Crude,0,0,0,1,0,0,0,0,0,Light_SW,2,21566.57,3,8522931.618,17682430.74,1608866.122,317.3410115,100.1356392,0.028535799,0
247,VENTU,16-36-004-06W2,,3/29/2017,60.1,1.048,29.1,16,843.9,6.766666667,2.971428571,6.7,7.9,5.5,8.8,4.7,7,Crude,0,0,0,0,1,0,0,0,0,Medium_LSB,3,135.165,3,119540.8992,114065.7435,8123.4165,479.6488556,0.134641649,0.076508408,0
248,CRESC,07-07-006-15W2,,3/29/2017,73.3,2.519,19,16,866.2,6.766666667,2.971428571,6.7,7.9,5.5,8.8,4.7,7,Crude,0,0,0,0,1,0,0,0,0,Medium_LSB,3,6292.73,3,13730471.31,5450762.726,461257.109,75.70543627,513.7899642,1.4265877,0
249,ENERM,05-31-003-16W2,,3/29/2017,67.6,2.777,35.4,16,887.3,6.766666667,2.971428571,6.7,7.9,5.5,8.8,4.7,7,Crude,0,0,0,0,0,0,1,0,0,Midale,5,5368.51,3,13228180.97,4763478.923,362911.276,8.952064,99.281296,0.023047369,0
250,CRESC,06-01-007-01W2,,3/30/2017,75.7,1.059,26.2,14,843.4,8.266666667,4.018095238,9,10.2,5,10.2,5.9,9.3,Crude,0,0,0,0,1,0,0,0,0,Medium_LSB,3,2331.41,3,2082323.554,1966311.194,176487.737,39.70117821,0.017706165,0.070544174,0
251,CRESC,08-33-005-03W2,,3/30/2017,75.5,1.067,21.1,14,841.1,8.266666667,4.018095238,9,10.2,5,10.2,5.9,9.3,Crude,0,0,0,0,1,0,0,0,0,Medium_LSB,3,1421.02,3,1275299.657,1195219.922,107287.01,42.26153305,5.91980294,0.066358549,0
252,CRESC,04-33-006-01W2,,3/30/2017,59,1.157,18.5,14,846.6,8.266666667,4.018095238,9,10.2,5,10.2,5.9,9.3,Crude,0,0,0,0,1,0,0,0,0,Medium_LSB,3,940.253,3,920993.0456,796018.1898,55474.927,529.0408072,9.406093262,0.028090274,0
253,CRESC,09-13-007-11W2,,4/3/2017,87.1,0.345,19.7,8,810.8,5.04,5.404285714,5,4.9,0,4.8,5.5,5,Crude,0,0,0,1,0,0,0,0,0,Light_SW,2,21198.93,4,5929891.893,17188092.44,1846426.803,28.23931655,0.822249354,0.001019233,0
254,CRESC,04-08-008-08W2,,4/3/2017,91.5,0.373,9.1,8,813.3,5.04,5.404285714,5,4.9,0,4.8,5.5,5,Crude,0,0,0,1,0,0,0,0,0,Light_SW,2,140792.68,4,42710994.12,114506686.6,12882530.22,0.835519937,11.60614766,0.003591056,0
255,CRESC,13-30-007-10W2,,4/3/2017,83.8,0.533,20.2,8,818.3,5.04,5.404285714,5,4.9,0,4.8,5.5,5,Crude,0,0,1,0,0,0,0,0,0,Light_LSB,1,13068.54,4,5699894.688,10693986.28,1095143.652,79.32381405,0.028585397,0.022172162,0
256,CRESC,11-15-007-09W2,,4/3/2017,92,0.731,7.4,8,819.9,5.04,5.404285714,5,4.9,0,4.8,5.5,5,Crude,0,0,1,0,0,0,0,0,0,Light_LSB,1,6439.65,4,3859584.265,5279869.035,592447.8,0.498989308,2.047554469,0.002410496,0
257,CRESC,13-13-007-02W2,,4/3/2017,67.1,1.25,35.3,8,844.5,5.04,5.404285714,5,4.9,0,4.8,5.5,5,Crude,0,0,0,0,1,0,0,0,0,Medium_LSB,3,4080.25,4,4307213.906,3445771.125,273784.775,222.0364363,0.93496423,0.005565389,0
258,SECUR ,08-28-005-33W1, REV,4/3/2017,75,1.092,9.7,8,842.8,5.04,5.404285714,5,4.9,0,4.8,5.5,5,Crude,0,0,0,0,1,0,0,0,0,Medium_LSB,3,111869.04,4,102957283.8,94283226.91,8390178,49.01242014,0.537383585,0.054103473,0
259,SECUR ,08-28-005-33W1, SALES,4/3/2017,89.5,1.208,13.2,8,838.1,5.04,5.404285714,5,4.9,0,4.8,5.5,5,Crude,0,0,0,0,1,0,0,0,0,Medium_LSB,3,111869.04,4,113258990.4,93757442.42,10012279.08,56.23669434,29.51819004,0.013595917,0
260,CRESC,14-13-001-05W2,,4/4/2017,80.6,0.521,6.5,6,820.9,5.166666667,5.908095238,5.2,4.1,6.5,4.4,6,4.8,Crude,0,0,1,0,0,0,0,0,0,Light_LSB,1,19345.2,4,8273727.308,15880474.68,1559223.12,146.5647213,5.909410139,0.025889838,0
261,CRESC,05-14-003-01W2,,4/4/2017,66.2,0.717,28.4,6,829.4,5.166666667,5.908095238,5.2,4.1,6.5,4.4,6,4.8,Crude,0,0,0,0,1,0,0,0,0,Medium_LSB,3,3029.38,4,1801511.093,2512567.772,200544.956,249.668033,199.7435126,0.369179622,0
262,CRESC,14-27-001-13W2,,4/5/2017,74.4,0.465,19.4,9,819.9,3.266666667,5.408095238,3.2,3.4,3.5,3,3.7,2.8,Crude,0,0,0,1,0,0,0,0,0,Light_SW,2,23117.69,4,8813700.224,18954194.03,1719956.136,324.5066386,100.1356392,0.023081334,0
263,CRESC,07-07-006-15W2,,4/5/2017,69.1,2.543,19.5,9,870.8,3.266666667,5.408095238,3.2,3.4,3.5,3,3.7,2.8,Crude,0,0,0,0,0,0,1,0,0,Midale,5,6716.37,4,14873027.93,5848614.996,464101.167,20.178064,42.719296,0.006754604,0
264,CRESC,16-24-004-01W2,,4/6/2017,78.9,0.581,13.7,12,824.5,6.38,5.138571429,6.5,7.6,0,7.7,5.3,4.8,Crude,0,0,1,0,0,0,0,0,0,Light_LSB,1,112.955,4,54109.34195,93131.3975,8912.1495,190.6164532,36.37209055,0.010181455,0
265,CRESC,02-08-004-33W1,,4/6/2017,65.6,0.642,26.2,12,829.6,6.38,5.138571429,6.5,7.6,0,7.7,5.3,4.8,Crude,0,0,0,0,1,0,0,0,0,Medium_LSB,3,420.668,4,224049.1229,348986.1728,27595.8208,268.9890976,194.1302868,0.465944852,0
266,CRESC,08-36-003-34W1,,4/6/2017,63.1,1.136,24.9,12,847.5,6.38,5.138571429,6.5,7.6,0,7.7,5.3,4.8,Crude,0,0,0,0,1,0,0,0,0,Medium_LSB,3,3547.72,4,3415602.907,3006692.7,223861.132,357.243533,15.73657713,0.035570538,0
267,CRESC,07-25-009-08W2,,4/6/2017,53.2,3.69,26.1,9,881.1,6.38,5.138571429,6.5,7.6,0,7.7,5.3,4.8,Crude,0,0,0,0,0,0,1,0,0,Midale,5,317.094,4,1030954.721,279391.5234,16869.4008,130.142464,14.167696,1.133828003,0
268,CRESC,08-22-004-09W2,,4/9/2017,47.9,2.05,32.5,8,885.2,0.6,6.421904762,2.3,0.6,0,-1,1.9,-0.8,Crude,0,0,0,0,0,0,1,0,0,Midale,5,797.853,4,1447831.925,706259.4756,38217.1587,279.157264,61.842496,0.330839395,0
269,CRESC,13-15-005-08W2,,4/9/2017,40.3,2.114,31.3,8,882.3,0.6,6.421904762,2.3,0.6,0,-1,1.9,-0.8,Crude,0,0,0,0,0,0,1,0,0,Midale,5,543.571,4,1013858.954,479592.6933,21905.9113,590.878864,24.641296,0.261311536,0
270,CRESC,01-17-005-08W2,,4/9/2017,49.1,2.264,31.4,8,887.7,0.6,6.421904762,2.3,0.6,0,-1,1.9,-0.8,Crude,0,0,0,0,0,0,1,0,0,Midale,5,1712.01,4,3440716.891,1519751.277,84059.691,240.498064,107.412496,0.130455616,0
271,CRESC,01-04-007-09W2,,4/10/2017,67.5,0.304,13.4,6,816.2,-0.3,5.659047619,0.8,0.3,-0.3,-0.7,-0.6,-1.3,Crude,0,0,0,1,0,0,0,0,0,Light_SW,2,498.884,4,123785.4927,407189.1208,33674.67,620.7107742,39.77546969,8.23E-05,0
272,CRESC,04-08-008-08W2,,4/10/2017,90.6,0.415,8.2,6,812.7,-0.3,5.659047619,0.8,0.3,-0.3,-0.7,-0.6,-1.3,Crude,0,0,0,1,0,0,0,0,0,Light_SW,2,140792.68,4,47485217.58,114422211,12755816.81,3.290841971,7.878012065,0.010388792,0
273,CRESC,09-13-007-11W2,,4/10/2017,91.2,0.516,21.1,6,814.9,-0.3,5.659047619,0.8,0.3,-0.3,-0.7,-0.6,-1.3,Crude,0,0,1,0,0,0,0,0,0,Light_LSB,1,21198.93,4,8913904.157,17275008.06,1933342.416,2.269216112,12.73827612,0.02752387,0
274,CRESC,11-15-007-09W2,,4/10/2017,89.9,0.791,7.1,6,819.7,-0.3,5.659047619,0.8,0.3,-0.3,-0.7,-0.6,-1.3,Crude,0,0,1,0,0,0,0,0,0,Light_LSB,1,6439.65,4,4175357.654,5278581.105,578924.535,7.875834669,1.515183335,0.011902113,0
275,CRESC,13-13-007-02W2,,4/10/2017,68.2,1.278,34.2,6,845.7,-0.3,5.659047619,0.8,0.3,-0.3,-0.7,-0.6,-1.3,Crude,0,0,0,0,1,0,0,0,0,Medium_LSB,3,4080.25,4,4409952.969,3450667.425,278273.05,190.4644847,4.695609391,0.002171703,0
276,SECUR ,08-28-005-33W1, REV,4/10/2017,69.2,1.332,11.4,6,852.2,-0.3,5.659047619,0.8,0.3,-0.3,-0.7,-0.6,-1.3,Crude,0,0,0,0,1,0,0,0,0,Medium_LSB,3,111869.04,4,126985948.1,95334795.89,7741337.568,163.8627105,75.11577068,5.47E-05,0
277,SECUR ,08-28-005-33W1, SALES,4/10/2017,93,1.042,10.7,6,832.5,-0.3,5.659047619,0.8,0.3,-0.3,-0.7,-0.6,-1.3,Crude,0,0,0,0,1,0,0,0,0,Medium_LSB,3,111869.04,4,97042476.78,93130975.8,10403820.72,120.9804847,121.7285126,0.079863626,0
278,CRESC,14-13-001-05W2,,4/11/2017,83.9,0.557,6.4,8,822.4,5.283333333,5.675714286,6.1,5.5,4.5,5.5,5.1,5,Crude,0,0,1,0,0,0,0,0,0,Light_LSB,1,19345.2,4,8861587.311,15909492.48,1623062.28,77.5525357,15.45219364,0.015600808,0
279,CRESC,05-14-003-01W2,,4/11/2017,69,0.925,22.5,8,835.4,5.283333333,5.675714286,6.1,5.5,4.5,5.5,5.1,5,Crude,0,0,0,0,1,0,0,0,0,Medium_LSB,3,3029.38,4,2340938.248,2530744.052,209027.22,169.0230653,66.14673842,0.159681385,0
280,CRESC,05-20-004-04W2,,4/11/2017,92.3,1.439,11.6,8,804.5,5.283333333,5.675714286,6.1,5.5,4.5,5.5,5.1,5,Crude,0,0,1,0,0,0,0,0,0,Light_LSB,1,4145.75,4,4799433.204,3335255.875,382652.725,0.165154257,195.1349771,0.573195571,0
281,CRESC,01-21-001-14W2,,4/12/2017,80.9,0.171,9.3,15,808.2,6.016666667,6.068571429,6.2,5.4,6,5.7,6.8,6,Crude,0,0,0,1,0,0,0,0,0,Light_SW,2,19811.16,4,2737945.897,16011379.51,1602722.844,132.5737572,2.866995116,0.020185185,0
282,CRESC,14-27-001-13W2,,4/12/2017,75,0.545,20.1,15,824.1,6.016666667,6.068571429,6.2,5.4,6,5.7,6.8,6,Crude,0,0,1,0,0,0,0,0,0,Light_LSB,1,23117.69,4,10382952.14,19051288.33,1733826.75,313.5163089,31.70734828,0.018742485,0
283,CRESC,07-07-006-15W2,,4/12/2017,73.3,2.661,18.2,15,868.2,6.016666667,6.068571429,6.2,5.4,6,5.7,6.8,6,Crude,0,0,0,0,1,0,0,0,0,Medium_LSB,3,6716.37,4,15516696.63,5831152.434,492309.921,75.70543627,608.4577062,1.785960865,0
284,CRESC,12-12-005-34W1,,4/14/2017,85.7,0.634,13.5,12,822.3,11.86666667,6.447619048,12.5,9,14.3,7.6,15,12.8,Crude,0,0,1,0,0,0,0,0,0,Light_LSB,1,158.818,4,82797.89025,130596.0414,13610.7026,49.08952539,14.67600808,0.002294716,0
285,CRESC,13-30-007-10W2,,4/14/2017,82,0.766,19.5,12,824.1,11.86666667,6.447619048,12.5,9,14.3,7.6,15,12.8,Crude,0,0,1,0,0,0,0,0,0,Light_LSB,1,13068.54,4,8249654.402,10769783.81,1071620.28,114.6268244,31.70734828,0.007072272,0
286,CRESC,11-16-005-04W2,,4/14/2017,61.2,1.352,29.9,12,850.6,11.86666667,6.447619048,12.5,9,14.3,7.6,15,12.8,Crude,0,0,0,0,1,0,0,0,0,Medium_LSB,3,3019.73,4,3472723.321,2568582.338,184807.476,432.676904,49.94157713,0.000750676,0
287,CRESC,08-14-004-07W2,,4/14/2017,53.4,1.522,34.6,12,866.4,11.86666667,6.447619048,12.5,9,14.3,7.6,15,12.8,Crude,0,0,0,0,1,0,0,0,0,Medium_LSB,3,909.478,4,1199292.987,787971.7392,48566.1252,818.0107427,522.8967384,0.038966155,0
288,SECUR ,08-28-005-33W1, REV,4/18/2017,74.7,1.218,8.9,7,842.6,5.35,5.238095238,5.7,5.8,4.3,5.5,5,5.8,Crude,0,0,0,0,1,0,0,0,0,Medium_LSB,3,111869.04,4,114809719.1,94260853.1,8356617.288,53.3029524,0.870609391,0.011363887,0
289,SECUR ,08-28-005-33W1, SALES,4/18/2017,99.6,0.958,11.8,7,823.4,5.35,5.238095238,5.7,5.8,4.3,5.5,5,5.8,Crude,0,0,1,0,0,0,0,0,0,Light_LSB,1,111869.04,4,88244222.9,92112967.54,11142156.38,47.52183467,24.31404931,0.076229445,0
290,CRESC,01-21-001-14W2,,4/19/2017,85.3,0.358,15.3,8,808.8,6.75,5.342857143,6.7,8.2,6,7.2,5.4,7,Crude,0,0,0,1,0,0,0,0,0,Light_SW,2,19811.16,4,5736329.302,16023266.21,1689891.948,50.60996061,1.19513071,0.002018294,0
291,CRESC,04-08-008-08W2,,4/19/2017,89.9,0.387,10,8,814.1,6.75,5.342857143,6.7,8.2,6,7.2,5.4,7,Crude,0,0,0,1,0,0,0,0,0,Light_SW,2,140792.68,4,44357677.14,114619320.8,12657261.93,6.320536886,17.69699512,0.005464968,0
292,CRESC,09-13-007-11W2,,4/19/2017,88.7,0.495,19.2,8,814.5,6.75,5.342857143,6.7,8.2,6,7.2,5.4,7,Crude,0,0,0,1,0,0,0,0,0,Light_SW,2,21198.93,4,8546931.6,17266528.49,1880345.091,13.7942996,21.22241885,0.03309686,0
293,CRESC,11-15-007-09W2,,4/19/2017,92.1,0.597,10.2,8,813.4,6.75,5.342857143,6.7,8.2,6,7.2,5.4,7,Crude,0,0,1,0,0,0,0,0,0,Light_LSB,1,6439.65,4,3127092.752,5238011.31,593091.765,0.367710958,25.69549261,0.007208553,0
294,CRESC,13-30-007-10W2,,4/19/2017,85,0.744,19.9,8,824,6.75,5.342857143,6.7,8.2,6,7.2,5.4,7,Crude,0,0,1,0,0,0,0,0,0,Light_LSB,1,13068.54,4,8011746.858,10768476.96,1110825.9,59.38847384,30.59116272,0.003856013,0
295,CRESC,13-13-007-02W2,,4/19/2017,67.3,1.192,34,8,843.5,6.75,5.342857143,6.7,8.2,6,7.2,5.4,7,Crude,0,0,0,0,1,0,0,0,0,Medium_LSB,3,4080.25,4,4102495.523,3441690.875,274600.825,216.1160814,0.001093262,0.017583166,0
296,SPAEN,11-12-006-15W2,,4/19/2017,73.1,2.356,33.7,8,871.5,6.75,5.342857143,6.7,8.2,6,7.2,5.4,7,Crude,0,0,0,0,0,0,1,0,0,Midale,5,7160.77,4,14702879.65,6240611.055,523452.287,72.114064,34.058896,0.072461318,0
297,CRESC,07-07-006-15W2,,4/19/2017,68.6,2.507,20.2,8,869,6.75,5.342857143,6.7,8.2,6,7.2,5.4,7,Crude,0,0,0,0,1,0,0,0,0,Medium_LSB,3,6716.37,4,14632169.5,5836525.53,460742.982,179.583775,648.5648029,1.398066137,0
298,ENERM,04-24-005-15W2,,4/19/2017,62,2.768,25.9,8,893.9,6.75,5.342857143,6.7,8.2,6,7.2,5.4,7,Crude,0,0,0,0,0,0,1,0,0,Midale,5,1179.2,4,2917712.484,1054086.88,73110.4,6.801664,274.366096,0.020395724,0
299,CRESC,14-13-001-05W2,,4/20/2017,82,0.525,7.3,16,822.4,8.95,5.15,9.6,9.1,9.3,8.8,8.1,8.8,Crude,0,0,1,0,0,0,0,0,0,Light_LSB,1,19345.2,4,8352483.552,15909492.48,1586306.4,114.6268244,15.45219364,0.024618613,0
300,CRESC,05-14-003-01W2,,4/20/2017,89.4,0.854,19.5,16,813.5,8.95,5.15,9.6,9.1,9.3,8.8,8.1,8.8,Crude,0,0,1,0,0,0,0,0,0,Light_LSB,1,3029.38,4,2104598.138,2464400.63,270826.572,10.93222642,24.69167818,0.02961731,0
301,CRESC,05-20-004-04W2,,4/20/2017,69.1,1.817,7.9,16,844.7,8.95,5.15,9.6,9.1,9.3,8.8,8.1,8.8,Crude,0,0,0,0,1,0,0,0,0,Medium_LSB,3,4145.75,4,6362979.6,3501915.025,286471.325,166.4328879,1.361738424,0.242456251,0
302,CRESC,07-24-006-15W2,,4/21/2017,78.6,2.177,29.5,15,869.9,9.32,4.786190476,9.9,9,0,9.1,9.1,9.5,Crude,0,0,0,0,1,0,0,0,0,Medium_LSB,3,1635.16,4,3096620.714,1422425.684,128523.576,11.56603305,695.2152868,0.726583148,0
303,CRESC,09-34-005-15W2,,4/21/2017,70.8,2.223,33.8,15,876.9,9.32,4.786190476,9.9,9,0,9.1,9.1,9.5,Crude,0,0,0,0,0,0,1,0,0,Midale,5,1109.46,4,2162724.409,972885.474,78549.768,38.340864,0.190096,0.1617539,0
304,CRESC,12-30-006-15W2,,4/21/2017,67.4,2.845,34.4,15,886.2,9.32,4.786190476,9.9,9,0,9.1,9.1,9.5,Crude,0,0,0,0,0,0,1,0,0,Midale,5,4754.59,4,11987457.74,4213517.658,320459.366,7.795264,78.570496,0.048318019,0
305,CRESC,09-13-007-11W2,,4/24/2017,87.9,0.546,16,-1,815.7,-1.616666667,4.973333333,-1.5,-1.5,-2.3,-1.3,-0.8,-2.3,Crude,0,0,1,0,0,0,0,0,0,Light_LSB,1,21198.93,4,9441414.092,17291967.2,1863385.947,23.10140168,7.667760655,0.018469679,0
306,CRESC,04-08-008-08W2,,4/24/2017,90.6,0.622,8,-1,821.6,-1.616666667,4.973333333,-1.5,-1.5,-2.3,-1.3,-0.8,-2.3,Crude,0,0,1,0,0,0,0,0,0,Light_LSB,1,140792.68,4,71950015.38,115675265.9,12755816.81,4.436886215,9.802709108,0.003588393,0
307,CRESC,11-15-007-09W2,,4/24/2017,93.2,0.734,5.6,-1,820.5,-1.616666667,4.973333333,-1.5,-1.5,-2.3,-1.3,-0.8,-2.3,Crude,0,0,1,0,0,0,0,0,0,Light_LSB,1,6439.65,4,3878259.894,5283732.825,600175.38,0.243649102,4.124667871,0.002714077,0
308,CRESC,13-30-007-10W2,,4/24/2017,89.5,0.752,17,-1,823.4,-1.616666667,4.973333333,-1.5,-1.5,-2.3,-1.3,-0.8,-2.3,Crude,0,0,1,0,0,0,0,0,0,Light_LSB,1,13068.54,4,8091998.149,10760635.84,1169634.33,10.28094807,24.31404931,0.004913562,0
309,LANSING,WATFORD CITY,317181,2/18/2017,106.7,0,5,3,657.8,-0.55,-1.026190476,-1.9,-1.6,-1,-0.6,-0.2,2,C5+,0,1,0,0,0,0,0,0,0,C5,0,37.74,2,0,24825.372,4026.858,12.39573391,0.076293136,0,0
310,TESORO,ROBINSON LAKE     ,317190,2/18/2017,107.8,0,7,3,662.7,-0.55,-1.026190476,-1.9,-1.6,-1,-0.6,-0.2,2,C5+,0,1,0,0,0,0,0,0,0,C5,0,34.96,2,0,23167.992,3768.688,21.35140057,21.37941435,0,0
311,CENTENNIAL ,HIGHLAND BAKKEN ,317176,2/18/2017,107.7,0,11,3,656,-0.55,-1.026190476,-1.9,-1.6,-1,-0.6,-0.2,2,C5+,0,1,0,0,0,0,0,0,0,C5,0,38.23,2,0,25078.88,4117.371,20.43724906,4.310656772,0,0
312,CENTENNIAL ,HIGHLAND BAKKEN ,317332,2/19/2017,108.7,0,8,2,658,-0.2,-0.29047619,-0.1,-0.1,-0.8,-0.4,0.2,0,C5+,0,1,0,0,0,0,0,0,0,C5,0,37.91,2,0,24944.78,4120.817,30.47876421,0.005808287,0,0
313,NGL ,TIOGA,317326,2/19/2017,93,0,7,3,663.5,-0.2,-0.29047619,-0.1,-0.1,-0.8,-0.4,0.2,0,C5+,0,1,0,0,0,0,0,0,0,C5,0,33.69,2,0,22353.315,3133.17,103.6169763,29.41747495,0,0
314,LANSING,WATFORD CITY,317900,2/23/2017,110.5,0,1,-8,657.13,-4.083333333,-0.011904762,-3.5,-3.5,-4.5,-3.4,-3.6,-6,C5+,0,1,0,0,0,0,0,0,0,C5,0,40.97,2,0,26922.6161,4527.185,53.59349148,0.895317378,0,0
315,NGL ,BELFIELD,317887,2/23/2017,94.6,0,1,-8,672.3,-4.083333333,-0.011904762,-3.5,-3.5,-4.5,-3.4,-3.6,-6,C5+,0,1,0,0,0,0,0,0,0,C5,0,33.84,2,0,22750.632,3201.264,73.60340057,202.3161416,0,0
316,CENTENNIAL ,HIGHLAND BAKKEN ,317891,2/23/2017,109.2,0,5.6,-8,656.7,-4.083333333,-0.011904762,-3.5,-3.5,-4.5,-3.4,-3.6,-6,C5+,0,1,0,0,0,0,0,0,0,C5,0,38.31,2,0,25158.177,4183.452,36.24952179,1.893959803,0,0
317,NGL ,TIOGA,318117,2/25/2017,94.8,0,-1.8,-13,666.84,-11.83333333,-3.121428571,-12.3,-11.9,-10,-11.3,-13.5,-12,C5+,0,1,0,0,0,0,0,0,0,C5,0,33.7,2,0,22472.508,3194.76,70.2117036,76.80397798,0,0
318,NGL ,ROBINSON LAKE     ,318309,2/26/2017,104.1,0,-2.3,-15,667,-11.91666667,-4.795238095,-12.6,-10.4,-12.3,-9.4,-14.5,-12.3,C5+,0,1,0,0,0,0,0,0,0,C5,0,35.06,2,0,23385.02,3649.746,0.847794513,79.63399011,0,0
319,LANSING,WATFORD CITY,319320,3/5/2017,107.2,0,6.9,4,657.4,-0.05,-9.15,0.8,-0.5,-1.8,1.1,-0.7,0.8,C5+,0,1,0,0,0,0,0,0,0,C5,0,38.52,3,0,25323.048,4129.344,16.16649148,0.457262833,0,0
320,CENTENNIAL ,HIGHLAND BAKKEN ,319340,3/5/2017,106.3,0,13.9,4,654.3,-0.05,-9.15,0.8,-0.5,-1.8,1.1,-0.7,0.8,C5+,0,1,0,0,0,0,0,0,0,C5,0,38.26,3,0,25033.518,4067.038,9.739127847,14.25977798,0,0
321,NGL ,TIOGA,319308,3/5/2017,94.3,0,12.7,4,659.1,-0.05,-9.15,0.8,-0.5,-1.8,1.1,-0.7,0.8,C5+,0,1,0,0,0,0,0,0,0,C5,0,33.22,3,0,21895.302,3132.646,78.84094603,1.048141621,0,0
322,LANSING,WATFORD CITY,320008,3/11/2017,104.1,0,,-17,660.9,-18,-13.18571429,-17.7,-18.1,-18.5,-17.6,-18.1,-18,C5+,0,1,0,0,0,0,0,0,0,C5,0,36.34,3,0,24017.106,3782.994,0.847794513,7.973777984,0,0
323,CENTENNIAL ,HIGHLAND BAKKEN ,320034,3/11/2017,119.5,0,6.65,-17,661.94,-18,-13.18571429,-17.7,-18.1,-18.5,-17.6,-18.1,-18,C5+,0,1,0,0,0,0,0,0,0,C5,0,37.26,3,0,24663.8844,4452.57,266.3671278,14.92885677,0,0
324,NGL ,TIOGA,320005,3/11/2017,96.5,0,6.2,-17,666.59,-18,-13.18571429,-17.7,-18.1,-18.5,-17.6,-18.1,-18,C5+,0,1,0,0,0,0,0,0,0,C5,0,32.91,3,0,21937.4769,3175.815,44.61227936,72.48458404,0,0
325,TESORO,BELFIELD,320013,3/11/2017,96.7,0,12.17,-17,673.33,-18,-13.18571429,-17.7,-18.1,-18.5,-17.6,-18.1,-18,C5+,0,1,0,0,0,0,0,0,0,C5,0,42.58,3,0,28670.3914,4117.486,41.98058239,232.6780447,0,0
326,LANSING,WATFORD CITY,321043,3/18/2017,105.9,0,3.7,-4,666,-1.05,-6.973333333,-0.7,-0.3,-2.8,2.2,-4.7,0,C5+,0,1,0,0,0,0,0,0,0,C5,0,35.5,3,0,23643,3759.45,7.402521786,62.78641435,0,0
327,CENTENNIAL ,HIGHLAND BAKKEN ,321006,3/18/2017,109.3,0,7,-4,657.01,-1.05,-6.973333333,-0.7,-0.3,-2.8,2.2,-4.7,0,C5+,0,1,0,0,0,0,0,0,0,C5,0,37.87,3,0,24880.9687,4139.191,37.4636733,1.136808287,0,0
328,NGL ,TIOGA,321041,3/18/2017,93.73,0,9.1,-4,662.3,-1.05,-6.973333333,-0.7,-0.3,-2.8,2.2,-4.7,0,C5+,0,1,0,0,0,0,0,0,0,C5,0,33.43,3,0,22140.689,3133.3939,89.28818239,17.84038404,0,0
329,TESORO,ROBINSON LAKE     ,321128,3/19/2017,99.25,0,5.9,4,665.2,2.85,-4.106666667,1.8,4.1,2,3.7,1.7,3.8,C5+,0,1,0,0,0,0,0,0,0,C5,0,36.29,3,0,24140.108,3601.7825,15.43894603,50.74835374,0,0
330,TESORO,BELFIELD,321137,3/19/2017,92.8,0,4.8,4,658,2.85,-4.106666667,1.8,4.1,2,3.7,1.7,3.8,C5+,0,1,0,0,0,0,0,0,0,C5,0,36.14,3,0,23780.12,3353.792,107.7286733,0.005808287,0,0
331,LANSING,WATFORD CITY,321941,3/24/2017,108.9,0,4,3,653.7,-0.38,-1.936190476,-0.1,0.3,0,1.1,-2.7,-0.5,C5+,0,1,0,0,0,0,0,0,0,C5,0,41.3,3,0,26997.81,4497.57,32.72706724,19.15123253,0,0
332,CENTENNIAL ,HIGHLAND BAKKEN ,321948,3/24/2017,110.5,0,6,3,655.9,-0.38,-1.936190476,-0.1,0.3,0,1.1,-2.7,-0.5,C5+,0,1,0,0,0,0,0,0,0,C5,0,38.21,3,0,25061.939,4222.205,53.59349148,4.735899197,0,0
333,NGL ,TIOGA,321940,3/24/2017,94.2,0,7,3,663.6,-0.38,-1.936190476,-0.1,0.3,0,1.1,-2.7,-0.5,C5+,0,1,0,0,0,0,0,0,0,C5,0,33.24,3,0,22058.064,3131.208,80.62679451,30.51223253,0,0
334,TESORO,BELFIELD,322028,3/25/2017,94.7,0,5,2,655.7,5.2,-1.043333333,6.4,7.7,3,8.1,0.7,5.3,C5+,0,1,0,0,0,0,0,0,0,C5,0,35.79,3,0,23467.503,3389.313,71.89755209,5.646384045,0,0
335,LANSING,WATFORD CITY,322428,3/27/2017,106,0,10,4,657.5,1.466666667,-0.129047619,0.7,3,1.3,3.3,-0.3,0.8,C5+,0,1,0,0,0,0,0,0,0,C5,0,33.55,3,0,22059.125,3556.3,7.956673301,0.332020409,0,0
336,NGL ,TIOGA,322423,3/27/2017,95,0,13.4,4,660.8,1.466666667,-0.129047619,0.7,3,1.3,3.3,-0.3,0.8,C5+,0,1,0,0,0,0,0,0,0,C5,0,32.63,3,0,21561.904,3099.85,66.90000663,7.419020409,0,0
337,CENTENNIAL ,LITTLE KNIFE,322565,3/27/2017,103.8,0,,4,646.4,1.466666667,-0.129047619,0.7,3,1.3,3.3,-0.3,0.8,C5+,0,1,0,0,0,0,0,0,0,C5,0,38.29,3,0,24750.656,3974.502,0.385339968,136.3339295,0,0
338,CENTENNIAL ,HIGHLAND BAKKEN ,322561,3/28/2017,106.2,0,10.07,12,659.05,1.64,1.507619048,2,2.1,0,1.8,1,1.3,C5+,0,1,0,0,0,0,0,0,0,C5,0,38.24,3,0,25202.072,4061.088,9.124976331,0.948262833,0,0
339,TESORO,ROBINSON LAKE     ,322567,3/28/2017,98.2,0,3.05,12,664.31,1.64,1.507619048,2,2.1,0,1.8,1,1.3,C5+,0,1,0,0,0,0,0,0,0,C5,0,36.16,3,0,24021.4496,3550.912,24.79285512,38.86011132,0,0
340,CENTENNIAL ,PALERMO,323322,4/2/2017,106.1,0,10.5,14,650.5,7.583333333,4.893809524,7.7,6.9,8.3,6.9,7.7,8,C5+,0,1,0,0,0,0,0,0,0,C5,0,39.01,4,0,25376.005,4138.961,8.530824816,57.39899011,0,0
341,CENTENNIAL ,HIGHLAND BAKKEN ,323833,4/5/2017,107.8,0,13,12,653.6,3.266666667,5.408095238,3.2,3.4,3.5,3,3.7,2.8,C5+,0,1,0,0,0,0,0,0,0,C5,0,37.66,4,0,24614.576,4059.748,21.35140057,20.03647495,0,0
342,LANSING,WATFORD CITY,324139,4/7/2017,104.5,0,16,12,661.2,13.13333333,6.645714286,13.3,14.7,11.3,15.2,11,13.3,C5+,0,1,0,0,0,0,0,0,0,C5,0,32.75,4,0,21654.3,3422.375,1.744400574,9.758050712,0,0
343,TESORO,ROBINSON LAKE     ,324145,4/7/2017,100.7,0,17,12,659.5,13.13333333,6.645714286,13.3,14.7,11.3,15.2,11,13.3,C5+,0,1,0,0,0,0,0,0,0,C5,0,34.62,4,0,22831.89,3486.234,6.146642998,2.027171924,0,0
344,NGL ,TIOGA,324135,4/7/2017,94,0,18,12,658.7,13.13333333,6.645714286,13.3,14.7,11.3,15.2,11,13.3,C5+,0,1,0,0,0,0,0,0,0,C5,0,30.01,4,0,19767.587,2820.94,84.25849148,0.389111318,0,0
345,CENTENNIAL ,LITTLE KNIFE,324274,4/8/2017,108.4,0,20,16,665.9,11.36666667,7.41952381,11.6,9.2,13,9.7,12.2,12.5,C5+,0,1,0,0,0,0,0,0,0,C5,0,37.72,4,0,25117.748,4088.848,27.25630966,61.21165677,0,0
346,CENTENNIAL ,PALERMO,324437,4/9/2017,108.4,0,10,3,656.7,0.6,6.421904762,2.3,0.6,0,-1,1.9,-0.8,C5+,0,1,0,0,0,0,0,0,0,C5,0,38.01,4,0,24961.167,4120.284,27.25630966,1.893959803,0,0
347,CENTENNIAL ,PALERMO,324725,4/11/2017,110.5,0,5.9,5,658.8,5.283333333,5.675714286,6.1,5.5,4.5,5.5,5.1,5,C5+,0,1,0,0,0,0,0,0,0,C5,0,38.19,4,0,25159.572,4219.995,53.59349148,0.523868893,0,0
348,CENTENNIAL ,HIGHLAND BAKKEN ,324829,4/12/2017,104.4,0,,15,641.5,6.016666667,6.068571429,6.2,5.4,6,5.7,6.8,6,C5+,0,1,0,0,0,0,0,0,0,C5,0,37.39,4,0,23985.685,3903.516,1.490249059,274.7708083,0,0
349,NGL ,TIOGA,324933,4/12/2017,95.2,0,16.3,15,661.6,6.016666667,6.068571429,6.2,5.4,6,5.7,6.8,6,C5+,0,1,0,0,0,0,0,0,0,C5,0,30.13,4,0,19934.008,2868.376,63.66830966,12.41708101,0,0
350,TESORO,ROBINSON LAKE     ,324930,4/12/2017,101.2,0,12.9,15,657,6.016666667,6.068571429,6.2,5.4,6,5.7,6.8,6,C5+,0,1,0,0,0,0,0,0,0,C5,0,34.02,4,0,22351.14,3442.824,3.917400574,1.15823253,0,0
351,KINDER MORGAN ,WATFORD CITY,324923,4/12/2017,95.9,0,10.21,15,665.93,6.016666667,6.068571429,6.2,5.4,6,5.7,6.8,6,C5+,0,1,0,0,0,0,0,0,0,C5,0,29.12,4,0,19391.8816,2792.608,52.98737027,61.68198404,0,0
352,CENTENNIAL ,PALERMO,325467,4/15/2017,107.8,0,13,6,630.2,6.45,5.745238095,6.7,4.8,6,6.4,8.5,6.3,C5+,0,1,0,0,0,0,0,0,0,C5,0,38.96,4,0,24552.592,4199.888,21.35140057,777.0832022,0,0
353,NGL ,REDWING,325363,4/15/2017,110.25,0,11.1,6,658.8,6.45,5.745238095,6.7,4.8,6,6.4,8.5,6.3,C5+,0,1,0,0,0,0,0,0,0,C5,0,32.43,4,0,21364.884,3575.4075,49.9956127,0.523868893,0,0
354,CENTENNIAL ,PALERMO,326122,4/19/2017,106.8,0,12,8,658.2,6.75,5.342857143,6.7,8.2,6,7.2,5.4,7,C5+,0,1,0,0,0,0,0,0,0,C5,0,40.29,4,0,26518.878,4302.972,13.10988542,0.015323439,0,0
355,TESORO ,ROBINSON LAKE     ,326523,4/22/2017,100.8,0,10,4,663.1,5.08,4.59047619,5.4,5.4,0,6.1,4.2,4.3,C5+,0,1,0,0,0,0,0,0,0,C5,0,41.67,4,0,27631.377,4200.336,5.660794513,25.23844465,0,0
356,LANSING ,WATFORD CITY,326589,4/22/2017,102.7,0,11,4,662.1,5.08,4.59047619,5.4,5.4,0,6.1,4.2,4.3,C5+,0,1,0,0,0,0,0,0,0,C5,0,33.21,4,0,21988.341,3410.667,0.229673301,16.19086889,0,0
357,NGL ,TIOGA,326748,4/23/2017,95.7,0,,5,673.8,0.98,5.023333333,-0.2,1.4,0,1.3,0.9,1.5,C5+,0,1,0,0,0,0,0,0,0,C5,0,33.86,4,0,22814.868,3240.402,55.93906724,247.2375053,0,0
358,TESORO ,ROBINSON LAKE     ,327185,4/26/2017,101.9,0,4.5,14,663.6,1.316666667,3.58047619,1.3,1.3,1.8,0.7,2,0.8,C5+,0,1,0,0,0,0,0,0,0,C5,0,42.7,4,0,28335.72,4351.13,1.63646118,30.51223253,0,0
359,CENTENNIAL ,PALERMO,327211,4/26/2017,109.3,0,8.7,14,647.8,1.316666667,3.58047619,1.3,1.3,1.8,0.7,2,0.8,C5+,0,1,0,0,0,0,0,0,0,C5,0,35.91,4,0,23262.498,3924.963,37.4636733,105.6005356,0,0
360,KINDER MORGAN ,WATFORD CITY,327178,4/26/2017,102.7,0,4.5,14,658.9,1.316666667,3.58047619,1.3,1.3,1.8,0.7,2,0.8,C5+,0,1,0,0,0,0,0,0,0,C5,0,28.83,4,0,18996.087,2960.841,0.229673301,0.678626469,0,0
361,NGL ,TIOGA,327524,4/28/2017,95.4,0,18.02,15,657.7,5.066666667,2.082857143,5.4,5.4,4.8,5,4.8,5,C5+,0,1,0,0,0,0,0,0,0,C5,0,29.92,4,0,19678.384,2854.368,60.5166127,0.14153556,0,0
362,NGL ,TIOGA,328346,5/3/2017,94.4,0,19.4,14,658.8,9.54,7.935952381,0,9,10,9.4,10,9.3,C5+,0,1,0,0,0,0,0,0,0,C5,0,30.48,5,0,20080.224,2877.312,77.07509754,0.523868893,0,1
363,TESORO,ROBINSON LAKE     ,328351,5/3/2017,103.1,0,16.4,14,658.9,9.54,7.935952381,0,9,10,9.4,10,9.3,C5+,0,1,0,0,0,0,0,0,0,C5,0,34.33,5,0,22620.037,3539.423,0.006279362,0.678626469,0,1
364,CENTENNIAL ,PALERMO,328342,5/3/2017,107.3,0,16,14,633.1,9.54,7.935952381,0,9,10,9.4,10,9.3,C5+,0,1,0,0,0,0,0,0,0,C5,0,37.96,5,0,24032.476,4073.108,16.980643,623.8111719,0,1
365,KINDER MORGAN ,WATFORD CITY,328347,5/3/2017,103.1,0,15.2,14,657.1,9.54,7.935952381,0,9,10,9.4,10,9.3,C5+,0,1,0,0,0,0,0,0,0,C5,0,29.26,5,0,19226.746,3016.706,0.006279362,0.952990106,0,1
366,PETRO HUNT,LITTLE KNIFE,328777,5/6/2017,108.7,0,22,14,657.1,18.11666667,12.63452381,18.8,19.8,16.8,20.7,15.8,16.8,C5+,0,1,0,0,0,0,0,0,0,C5,0,36.45,5,0,23951.295,3962.115,30.47876421,0.952990106,0,1
367,NGL ,TIOGA,329767,5/13/2017,94.5,0,13,17,663.5,14.46666667,12.52380952,14.8,15.5,14,16.1,14.4,12,C5+,0,1,0,0,0,0,0,0,0,C5,0,29.92,5,0,19851.92,2827.44,75.32924906,29.41747495,0,1
368,TESORO ,ROBINSON LAKE     ,329810,5/13/2017,106.4,0,13,17,661.3,14.46666667,12.52380952,14.8,15.5,14,16.1,14.4,12,C5+,0,1,0,0,0,0,0,0,0,C5,0,34.03,5,0,22504.039,3620.792,10.37327936,10.39280829,0,1
369,CENTENNIAL ,PALERMO,329821,5/13/2017,107.1,0,18,17,632.8,14.46666667,12.52380952,14.8,15.5,14,16.1,14.4,12,C5+,0,1,0,0,0,0,0,0,0,C5,0,44.04,5,0,27868.512,4716.684,15.37233997,638.8868992,0,1
370,KINDER MORGAN ,WATFORD CITY,329844,5/13/2017,101.7,0,22,17,652.9,14.46666667,12.52380952,14.8,15.5,14,16.1,14.4,12,C5+,0,1,0,0,0,0,0,0,0,C5,0,29.34,5,0,19156.086,2983.878,2.18815815,26.79317192,0,1
371,CENTENNIAL ,LITTLE KNIFE,330388,5/17/2017,120.6,0,16,12,655.7,7.066666667,11.8447619,7,6.4,8,5.9,7.3,7.8,C5+,0,1,0,0,0,0,0,0,0,C5,0,35.11,5,0,23021.627,4234.266,303.4827945,5.646384045,0,1
372,TESORO,ROBINSON LAKE     ,330400,5/17/2017,100.9,0,9,12,662.3,7.066666667,11.8447619,7,6.4,8,5.9,7.3,7.8,C5+,0,1,0,0,0,0,0,0,0,C5,0,39.07,5,0,25876.061,3942.163,5.194946028,17.84038404,0,1
373,CENTENNIAL ,PALERMO,330387,5/17/2017,107.5,0,13,12,639.7,7.066666667,11.8447619,7,6.4,8,5.9,7.3,7.8,C5+,0,1,0,0,0,0,0,0,0,C5,0,36.55,5,0,23381.035,3929.125,18.66894603,337.6851719,0,1
374,KINDER MORGAN ,WATFORD CITY,330434,5/17/2017,103.9,0,13,12,657.7,7.066666667,11.8447619,7,6.4,8,5.9,7.3,7.8,C5+,0,1,0,0,0,0,0,0,0,C5,0,32.54,5,0,21401.558,3380.906,0.519491483,0.14153556,0,1
