Date,Estevan,Weyburn,Oxbow,Yellow Grass North,Melita,Kipling,Temp.Mean,SD,Temp.Roll,day,mth,yr
1/1/2014,-23.6,-24.8,-27.3,-23,-26.7,-25.7,-25.18333333,1.552864736,-24.8,1,1,2014
1/2/2014,-18.4,-21.5,-27.3,-18.5,-24.4,-18.8,-20.32,2.338717597,-21.5,2,1,2014
1/3/2014,-9.2,-12.2,-27.3,-8.5,-10.4,-9.4,-9.94,1.283121195,-12.2,3,1,2014
1/4/2014,-22.9,-24.2,-24.8,-24.3,-21.1,-26.6,-23.98333333,1.690578468,-24.2,4,1,2014
1/5/2014,-29.9,-30.4,-32.5,-31.8,-30.3,-33.3,-31.36666667,1.253882858,-30.4,5,1,2014
1/6/2014,-26.6,-27.7,-28,-27,-28,-28.2,-27.58333333,0.584284938,-27.7,6,1,2014
1/7/2014,-25.6,-27.7,-23,-25,-24.7,-24.5,-25.08333333,1.411165791,-27.7,7,1,2014
1/8/2014,-21.1,-24.1,-24.3,-21.5,-24.1,-20,-22.51666667,1.711156204,-24.1,8,1,2014
1/9/2014,-5.5,-12.2,-13.3,-11,-9.6,-11.1,-10.45,2.487803583,-12.2,9,1,2014
1/10/2014,-5,-8.3,-9.3,-7.5,-5.6,-9.2,-7.483333333,1.664748897,-8.3,10,1,2014
1/11/2014,-5.1,-6.2,-4.5,-4.5,-7,-6.4,-5.616666667,0.968532682,-6.2,11,1,2014
1/12/2014,-4.6,-5.9,-3.3,-4.3,-2.4,-5.1,-4.266666667,1.146976702,-5.9,12,1,2014
1/13/2014,-10,-11.3,-15,-10,-11.4,-11.4,-11.51666667,1.673735012,-11.3,13,1,2014
1/14/2014,-10.1,-10.7,-15,-7,-13.8,-10.8,-10.48,2.164624679,-10.7,14,1,2014
1/15/2014,-2.2,-1.5,-6.8,-3.3,-7.8,-6,-4.6,2.383974273,-1.5,15,1,2014
1/16/2014,-6.8,-7.5,-12.3,-9.5,-9.2,-12.5,-9.633333333,2.164614413,-7.5,16,1,2014
1/17/2014,-5.8,-6.6,-9.3,-5,-8.2,-7.1,-7,1.434108318,-6.6,17,1,2014
1/18/2014,-1.1,-1.7,-1.5,-0.8,-1.1,-1.6,-1.3,0.321455025,-1.7,18,1,2014
1/19/2014,-0.6,-2.7,-3.3,-0.5,-6.4,-3.6,-2.85,1.998958062,-2.7,19,1,2014
1/20/2014,-12.4,-12.8,-18.5,-16,-20.5,-19.6,-16.63333333,3.168946548,-12.8,20,1,2014
1/21/2014,-12.6,-12.5,-18.3,-16,-15.6,-16.9,-15.31666667,2.131835412,-12.5,21,1,2014
1/22/2014,-18.2,-20.7,-22.3,-21.8,-17.9,-25.1,-21,2.472515588,-20.7,22,1,2014
1/23/2014,-15.2,-15.7,-16,-15.5,-15.7,-15.4,-15.58333333,0.254405625,-15.7,23,1,2014
1/24/2014,-1.2,-0.9,-3.5,-0.5,-4.7,-1.6,-2.066666667,1.51510909,-0.9,24,1,2014
1/25/2014,-5.1,-4.7,-8.3,-4,-13,-9.7,-7.466666667,3.20347034,-4.7,25,1,2014
1/26/2014,-14.8,-15.5,-21.3,-22,-17.2,-21.4,-18.7,2.961981319,-15.5,26,1,2014
1/27/2014,-26.3,-28.2,-28,-26.5,-26.9,-28.6,-27.41666667,0.885845484,-28.2,27,1,2014
1/28/2014,-19.7,-21.6,-21,-18,-23,-20.5,-20.63333333,1.554205764,-21.6,28,1,2014
1/29/2014,-12.9,-13.9,-14.5,-14,-15.1,-15.5,-14.31666667,0.849346154,-13.9,29,1,2014
1/30/2014,-20.8,-22.3,-22,-21,-21.7,-23.2,-21.83333333,0.805536398,-22.3,30,1,2014
1/31/2014,-16.7,-18.2,-19.5,-18,-19.9,-21.9,-19.03333333,1.652943502,-18.2,31,1,2014
2/1/2014,-18.2,-16.8,-18.5,-16.8,-19,-17.5,-17.8,0.834665602,-16.8,1,2,2014
2/2/2014,-15.3,-16,-16,-15.5,-16.2,-15.2,-15.7,0.382970843,-16,2,2,2014
2/3/2014,-17.6,-18,-18.3,-19.8,-19.2,-21.1,-19,1.193035345,-18,3,2,2014
2/4/2014,-22.2,-23.9,-18.3,-23.8,-21.6,-23,-22.9,0.894427191,-23.9,4,2,2014
2/5/2014,-24.1,-25.4,-24.3,-24,-23,-23.9,-24.11666667,0.705730512,-25.4,5,2,2014
2/6/2014,-18,-19.6,-19.8,-19.5,-18.7,-20.9,-19.41666667,0.904464237,-19.6,6,2,2014
2/7/2014,-19.6,-22.3,-18.8,-19,-20.9,-20.8,-20.23333333,1.225651754,-22.3,7,2,2014
2/8/2014,-21.4,-23,-23,-21,-22.6,-20.8,-21.96666667,0.926762585,-23,8,2,2014
2/9/2014,-25.3,-27.5,-26,-26.3,-24.6,-27.3,-26.16666667,1.025778837,-27.5,9,2,2014
2/10/2014,-21.7,-25,-25,-22.5,-26.1,-20.7,-23.5,1.972308292,-25,10,2,2014
2/11/2014,-13.8,-16,-16.5,-18.8,-13.8,-16.2,-15.85,1.716343012,-16,11,2,2014
2/12/2014,-18.6,-20.1,-21.5,-20,-17.8,-20.1,-19.68333333,1.188018892,-20.1,12,2,2014
2/13/2014,-21.8,-22.6,-22.5,-22.5,-21.7,-22,-22.18333333,0.362476053,-22.6,13,2,2014
2/14/2014,-14.5,-15.6,-18,-14,-19.9,-16.9,-16.48333333,2.042397828,-15.6,14,2,2014
2/15/2014,-15.8,-16.1,-15,-11.5,-20.1,-17.8,-16.05,2.624722208,-16.1,15,2,2014
2/16/2014,-11.2,-10.4,-15.5,-10.5,-18.2,-14.1,-13.31666667,2.891030189,-10.4,16,2,2014
2/17/2014,-2.9,-1.9,-3.5,-2.5,-4.5,-4.6,-3.316666667,0.994009837,-1.9,17,2,2014
2/18/2014,-4.5,-7.2,-5,-6.3,-7.2,-8.1,-6.383333333,1.27464592,-7.2,18,2,2014
2/19/2014,-6,-6.3,-5,-3.5,-8.5,-7.6,-6.38,1.698705389,-6.3,19,2,2014
2/20/2014,-16.6,-18,-5,-18,-18.5,-7.6,-17.775,0.708431366,-18,20,2,2014
2/21/2014,-20.7,-22.9,-5,-22.8,-21.6,-22.5,-22.1,0.836660027,-22.9,21,2,2014
2/22/2014,-19.1,-20.7,-5,-19.5,-17.7,-19.1,-19.22,0.96,-20.7,22,2,2014
2/23/2014,-21.4,-24.2,-5,-23.5,-19.9,-22.9,-22.38,1.545833109,-24.2,23,2,2014
2/24/2014,-23.7,-25.9,-5,-25,-23.6,-25.8,-24.8,0.989949494,-25.9,24,2,2014
2/25/2014,-24.2,-26.3,-5,-22.8,-24.2,-24.1,-24.32,1.123209687,-26.3,25,2,2014
2/26/2014,-20,-20.5,-5,-19.5,-19.8,-19.9,-19.94,0.326190129,-20.5,26,2,2014
2/27/2014,-20.6,-22.4,-5,-21,-23.4,-21.9,-21.86,0.99919968,-22.4,27,2,2014
2/28/2014,-23.7,-25.2,-5,-25.5,-23.2,-24.4,-24.4,0.869482605,-25.2,28,2,2014
3/1/2014,-31.2,-33.2,-32.5,-32.3,-30.5,-32.5,-32.03333333,0.904924797,-33.2,1,3,2014
3/2/2014,-26.4,-28.3,-26.8,-27.5,-25.4,-27.3,-26.95,0.910585892,-28.3,2,3,2014
3/3/2014,-20.7,-22.1,-22.3,-20.5,-22.9,-21.8,-21.71666667,0.857159391,-22.1,3,3,2014
3/4/2014,-16.4,-16.5,-20.8,-15.8,-20.8,-19.4,-18.28333333,2.113777556,-16.5,4,3,2014
3/5/2014,-8.9,-10.8,-10.3,-10.5,-10,-11.9,-10.4,0.898146239,-10.8,5,3,2014
3/6/2014,-8.8,-14.6,-9.5,-10.3,-8.4,-11,-10.43333333,2.056426242,-14.6,6,3,2014
3/7/2014,-18.5,-21.7,-18,-18,-17.1,-17.5,-18.46666667,1.510702559,-21.7,7,3,2014
3/8/2014,-4,-4.8,-6.5,-5.8,-10,-9.6,-6.783333333,2.273335777,-4.8,8,3,2014
3/9/2014,3.4,2.2,3.5,2.5,0.2,0.9,2.116666667,1.215753082,2.2,9,3,2014
3/10/2014,0.4,-0.9,0.8,2.3,-0.4,0.4,0.433333333,1.007747764,-0.9,10,3,2014
3/11/2014,-2.8,-4.5,-4.3,-2.5,-5.2,-4.3,-3.933333333,0.960324019,-4.5,11,3,2014
3/12/2014,-0.3,-3,-3.5,-1.3,-3,-4.7,-2.633333333,1.444145268,-3,12,3,2014
3/13/2014,2.6,2,1,1.5,1.7,0.8,1.6,0.602771377,2,13,3,2014
3/14/2014,-2.6,-2.5,-5.3,-0.8,-5,-7.7,-3.983333333,2.26672794,-2.5,14,3,2014
3/15/2014,-9.2,-8.7,-10.8,-8.5,-14.3,-9.9,-10.23333333,1.974560429,-8.7,15,3,2014
3/16/2014,2.8,1.9,-1.5,-2.3,-3.3,-3.5,-0.983333333,2.460634516,1.9,16,3,2014
3/17/2014,2.9,0.3,1.8,0.8,-2,-0.5,0.55,1.571358224,0.3,17,3,2014
3/18/2014,-1,-1.3,-0.5,-0.8,-1.3,-1.6,-1.083333333,0.362476053,-1.3,18,3,2014
3/19/2014,1,0.4,1.8,1,-1.5,-2.2,0.083333333,1.440389608,0.4,19,3,2014
3/20/2014,1.8,0.8,-1.5,0,-2,-2.7,-0.6,1.594783162,0.8,20,3,2014
3/21/2014,-8,-9.6,-11.5,-12,-8.4,-15.3,-10.8,2.490649179,-9.6,21,3,2014
3/22/2014,-12.6,-13.2,-15,-13.3,-15.4,-18.2,-14.61666667,1.888929738,-13.2,22,3,2014
3/23/2014,-9.2,-11,-12.8,-12,-13.3,-16.5,-12.46666667,2.24028768,-11,23,3,2014
3/24/2014,-9.3,-11.3,-11.5,-10.3,-11.5,-15.2,-11.51666667,1.826122182,-11.3,24,3,2014
3/25/2014,-9.3,-9.8,-11.3,-9,-11.9,-14.9,-11.03333333,2.017974782,-9.8,25,3,2014
3/26/2014,-2.3,-4.9,-5,-4,-4.6,-7.4,-4.7,1.509966887,-4.9,26,3,2014
3/27/2014,-5.2,-8.2,-7.8,-7,-8.2,-9.5,-7.65,1.321299865,-8.2,27,3,2014
3/28/2014,-5.1,-9.1,-7.3,-7,-7.6,-11.3,-7.9,1.919201223,-9.1,28,3,2014
3/29/2014,2.3,2.5,0,1,0.7,-3.7,0.466666667,2.058046539,2.5,29,3,2014
3/30/2014,-3.8,-5,-2.5,-3.8,-3.9,-2.6,-3.6,0.850490055,-5,30,3,2014
3/31/2014,-9,-12.1,-2.5,-11.5,-10.1,-14.5,-11.44,1.873606149,-12.1,31,3,2014
4/1/2014,-6.9,-7.4,-8.8,-6.5,-9.7,-12.2,-8.583333333,1.955689705,-7.4,1,4,2014
4/2/2014,-5.4,-4.3,-5.8,-3.3,-4.1,-5.7,-4.766666667,0.926762585,-4.3,2,4,2014
4/3/2014,-3.1,-2.1,-3.5,-1.5,-3,-2.9,-2.683333333,0.674330944,-2.1,3,4,2014
4/4/2014,-1,-0.1,-3.3,0,-2.3,-6.4,-2.183333333,2.219171517,-0.1,4,4,2014
4/5/2014,4,3.4,2.8,4.5,3.7,-0.1,3.05,1.501943186,3.4,5,4,2014
4/6/2014,5.8,5.1,5,6.3,4.9,2.1,4.866666667,1.332499739,5.1,6,4,2014
4/7/2014,4.1,4.4,2.8,5,3.1,1.6,3.5,1.13137085,4.4,7,4,2014
4/8/2014,8.2,8.6,7.3,9.8,6,4.4,7.383333333,1.770514677,8.6,8,4,2014
4/9/2014,8.4,6.3,7,9,7.2,5.2,7.183333333,1.260180763,6.3,9,4,2014
4/10/2014,6.4,6.5,4.8,6,5.6,3.4,5.45,1.076646027,6.5,10,4,2014
4/11/2014,4.3,3.4,3.8,3.5,4.9,3.2,3.85,0.585234996,3.4,11,4,2014
4/12/2014,-0.8,-1.1,0,2.8,-0.3,-1.1,-0.083333333,1.350822795,-1.1,12,4,2014
4/13/2014,-2.5,-3.5,-3.5,-3.3,-3.9,-5.5,-3.7,0.909212113,-3.5,13,4,2014
4/14/2014,-7.3,-7.1,-6.3,-6.3,-5.9,-9.1,-7,1.056724499,-7.1,14,4,2014
4/15/2014,-1.5,0.1,-6.3,0,-3,-4.4,-1.76,1.739655138,0.1,15,4,2014
4/16/2014,-4.1,-3.2,-6.3,-3.3,-3.2,-4.3,-3.62,0.479165942,-3.2,16,4,2014
4/17/2014,-0.6,0.2,-6.3,-0.3,-2.3,-2.9,-1.18,1.202331069,0.2,17,4,2014
4/18/2014,3.9,3.3,-6.3,3.5,4.3,0.4,3.08,1.383329317,3.3,18,4,2014
4/19/2014,4.5,2.9,4.8,4.5,3.7,2.1,3.75,0.972539631,2.9,19,4,2014
4/20/2014,7.8,6.6,7,5,8.3,5,6.616666667,1.265459952,6.6,20,4,2014
4/21/2014,7.5,6.7,6.8,9,6.7,4.9,6.933333333,1.214724477,6.7,21,4,2014
4/22/2014,10,10.7,8,10.8,8.4,9,9.483333333,1.086917149,10.7,22,4,2014
4/23/2014,7.5,7.9,6.5,7.8,6.9,5.5,7.016666667,0.837489635,7.9,23,4,2014
4/24/2014,7.3,7.9,6.3,11,7,7,7.75,1.52834333,7.9,24,4,2014
4/25/2014,5.5,5.3,3.8,6.3,5.3,3.6,4.966666667,0.958586923,5.3,25,4,2014
4/26/2014,4.5,6.2,4,6.8,4.4,6.5,5.4,1.12398102,6.2,26,4,2014
4/27/2014,2.5,2.4,-0.3,2,2.9,2.3,1.966666667,1.048279013,2.4,27,4,2014
4/28/2014,0.8,0.9,0.3,2.5,1.8,1.3,1.266666667,0.718021974,0.9,28,4,2014
4/29/2014,0.8,5,5.3,8,6.2,1.3,6.125,1.169134295,5,29,4,2014
4/30/2014,6.8,5,5.8,12,6.8,6.3,7.54,2.260619384,-8.556666667,30,4,2014
5/1/2014,8.4,8.8,8.8,11,8.7,8.7,9.066666667,0.874960317,8.8,1,5,2014
5/2/2014,8.9,8,8.8,7.5,10.1,8.7,8.666666667,0.809663853,8,2,5,2014
5/3/2014,3.1,2.3,1.8,3,3.1,1.6,2.483333333,0.620259802,2.3,3,5,2014
5/4/2014,2.7,2.2,1.5,1.8,2.8,3.7,2.45,0.722841615,2.2,4,5,2014
5/5/2014,6.9,7,6.3,7.3,7.2,5.1,6.633333333,0.756453715,7,5,5,2014
5/6/2014,9.3,6.4,8.3,7.5,9.6,6.6,7.95,1.231191834,6.4,6,5,2014
5/7/2014,5.4,4.7,6.5,6.3,4.9,5.2,5.5,0.675771164,4.7,7,5,2014
5/8/2014,4.7,4.6,4.3,5,5.4,4.7,4.783333333,0.343592135,4.6,8,5,2014
5/9/2014,9.1,9.6,8,12.3,8.2,9.9,9.516666667,1.420582822,9.6,9,5,2014
5/10/2014,10.6,10.1,9.5,9.3,11.6,9.1,10.03333333,0.86345559,10.1,10,5,2014
5/11/2014,6.2,6.9,6.3,9.8,5.4,7.9,7.083333333,1.432267045,6.9,11,5,2014
5/12/2014,5.6,4.4,5.3,5.5,6.8,4.7,5.383333333,0.764671316,4.4,12,5,2014
5/13/2014,5.4,4.2,4.8,6,6.1,4.5,5.166666667,0.722649446,4.2,13,5,2014
5/14/2014,3.8,3.4,4,5.8,4.3,3.8,4.183333333,0.771182353,3.4,14,5,2014
5/15/2014,7.8,8.6,6.8,8.5,6.9,8.6,7.866666667,0.769559759,8.6,15,5,2014
5/16/2014,10.4,11.5,9.3,12.3,8.2,10.3,10.33333333,1.3449494,11.5,16,5,2014
5/17/2014,11.2,10.2,11.8,14.3,11.9,12,11.9,1.235583533,10.2,17,5,2014
5/18/2014,13.7,12.4,12.3,12,12.3,12.2,12.48333333,0.558022301,12.4,18,5,2014
5/19/2014,9.7,9,9.3,10,11.9,7.8,9.616666667,1.234796429,9,19,5,2014
5/20/2014,10.1,9.3,8.3,12,8.6,8.2,9.416666667,1.325916874,9.3,20,5,2014
5/21/2014,11.2,11.3,10.8,11.8,10.5,10.5,11.01666667,0.466964191,11.3,21,5,2014
5/22/2014,16.5,16.8,15,17,16.6,17.5,16.56666667,0.77172246,16.8,22,5,2014
5/23/2014,20.4,20.2,19.5,20.5,21.2,21,20.46666667,0.552770798,20.2,23,5,2014
5/24/2014,22.3,21.1,21.3,23.8,23.1,23.3,22.48333333,1.010637862,21.1,24,5,2014
5/25/2014,16.8,17.4,18.3,19.3,17,13.4,17.03333333,1.831817555,17.4,25,5,2014
5/26/2014,17.3,18.5,15.5,18,16,15.2,16.75,1.255322004,18.5,26,5,2014
5/27/2014,18.3,17.7,17.3,18.5,18.1,17.2,17.85,0.489046692,17.7,27,5,2014
5/28/2014,18.7,19.2,17.3,19.8,18.6,18.2,18.63333333,0.780313327,19.2,28,5,2014
5/29/2014,21.7,19.5,23.5,20,24.7,21.6,21.83333333,1.819951159,19.5,29,5,2014
5/30/2014,16.5,15,17,16.5,19.5,16.3,16.8,1.354006401,15,30,5,2014
5/31/2014,18.2,17.6,16,17.5,19.1,18.4,17.8,0.964365076,17.6,31,5,2014
6/1/2014,13.4,11.8,14.5,13.5,15.1,12.4,13.45,1.129527925,11.8,1,6,2014
6/2/2014,13.7,13.6,12,13,13.1,12.4,12.96666667,0.607362239,13.6,2,6,2014
6/3/2014,15.3,15.1,14.3,17,16.6,15.7,15.66666667,0.910433352,15.1,3,6,2014
6/4/2014,19,18.1,16.5,18.5,18.1,17.1,17.88333333,0.841460371,18.1,4,6,2014
6/5/2014,17,15,16.8,15.5,18.2,16.8,16.55,1.045227248,15,5,6,2014
6/6/2014,10.4,9.8,10,10.5,12.9,9.3,10.48333333,1.150965778,9.8,6,6,2014
6/7/2014,13.1,12.3,12.3,12,13.5,12.2,12.56666667,0.540575825,12.3,7,6,2014
6/8/2014,14.9,12.6,13.3,13,15.8,13.4,13.83333333,1.132352517,12.6,8,6,2014
6/9/2014,16,14.1,12.8,14.5,16.2,12.8,14.4,1.355236757,14.1,9,6,2014
6/10/2014,15.9,14.9,15.3,15.5,18,14.8,15.73333333,1.078064109,14.9,10,6,2014
6/11/2014,11.4,12.3,10.5,14,18,11.7,11.98,1.165160933,12.3,11,6,2014
6/12/2014,12.9,12.7,12.5,15.5,14.5,13.6,13.61666667,1.074580021,12.7,12,6,2014
6/13/2014,11.7,11.3,8.5,11.3,12.9,12.7,11.4,1.441064421,11.3,13,6,2014
6/14/2014,13.7,11.9,12.3,13.5,13.5,10.9,12.63333333,1.024152766,11.9,14,6,2014
6/15/2014,14.8,12.1,15.3,13,16.3,14.3,14.3,1.40118997,12.1,15,6,2014
6/16/2014,14.4,14.4,13.5,14.5,15.6,14.3,14.45,0.613052472,14.4,16,6,2014
6/17/2014,16.8,16.4,15.3,16.8,16.3,15.1,16.11666667,0.676798017,16.4,17,6,2014
6/18/2014,17.5,16,15.3,16,18.9,16.6,17,1.097269338,16,18,6,2014
6/19/2014,17.3,16.8,16.8,17,16.4,16.3,16.76666667,0.339934634,16.8,19,6,2014
6/20/2014,15.5,13.4,14.3,15,17.2,13.6,14.83333333,1.286683938,13.4,20,6,2014
6/21/2014,18.5,16.9,16.8,17,20.2,17,17.73333333,1.245882106,16.9,21,6,2014
6/22/2014,17.1,17.3,16.3,17.8,18.4,15.6,17.08333333,0.922707369,17.3,22,6,2014
6/23/2014,17,16.2,17,17,18.2,16.4,16.96666667,0.636832439,16.2,23,6,2014
6/24/2014,15.9,17.2,15,18.3,16.3,15.7,16.4,1.077032961,17.2,24,6,2014
6/25/2014,15.1,17.2,14.5,17,16.7,15.4,15.74,0.956242647,-21.23190476,25,6,2014
6/26/2014,18.2,19.2,14.5,20,19.1,17.6,18.82,0.835224521,19.2,26,6,2014
6/27/2014,20.6,19.5,14.5,20,21.5,19.8,20.28,0.708237248,19.5,27,6,2014
6/28/2014,16.4,16.2,14.5,16.5,18,16.8,16.78,0.64,16.2,28,6,2014
6/29/2014,16.6,16.3,14.5,16.8,17.1,16.3,16.62,0.305941171,16.3,29,6,2014
6/30/2014,14.7,15,17.3,14.8,17.9,16,15.95,1.252663828,15,30,6,2014
7/1/2014,15,15.8,14.5,16.5,15.1,14,15.15,0.818026079,15.8,1,7,2014
7/2/2014,14.5,15.1,14.5,16,15.6,15.3,15.16666667,0.546707316,15.1,2,7,2014
7/3/2014,16.6,17.4,14.8,17,17.7,17.5,16.83333333,0.97752522,17.4,3,7,2014
7/4/2014,21.9,22.3,20.5,24.3,21.3,20.4,21.78333333,1.31708854,22.3,4,7,2014
7/5/2014,22.8,22.9,22.5,24,25.2,23,23.4,0.929157324,22.9,5,7,2014
7/6/2014,19.4,19.7,21,23.8,22.7,19.6,21.03333333,1.679947089,19.7,6,7,2014
7/7/2014,17.8,17.8,17.8,18.5,19.2,17.5,18.1,0.577350269,17.8,7,7,2014
7/8/2014,18.2,18,18,19.3,19.1,17.5,18.35,0.639661369,18,8,7,2014
7/9/2014,17.7,17.6,16.8,18.5,18,17.3,17.65,0.531507291,17.6,9,7,2014
7/10/2014,23.2,22.3,20.8,23.3,21.3,23,22.31666667,0.961624782,22.3,10,7,2014
7/11/2014,17.6,17.4,17.3,18.3,19.6,17.5,17.95,0.805708798,17.4,11,7,2014
7/12/2014,18.1,17.9,17.5,18.3,19.3,17.5,18.1,0.611010093,17.9,12,7,2014
7/13/2014,14.8,13.9,13.5,16.8,15.8,13.8,14.76666667,1.18977122,13.9,13,7,2014
7/14/2014,14.4,13.4,14.8,15,15.9,14,14.58333333,0.788282239,13.4,14,7,2014
7/15/2014,16.2,15.8,16.3,16.5,18.8,16.8,16.73333333,0.97239681,15.8,15,7,2014
7/16/2014,17,17.6,16.3,17.8,19.3,17.5,17.84,0.776144316,17.6,16,7,2014
7/17/2014,20.6,20,16.3,21.3,20.8,19.4,20.42,0.658483105,20,17,7,2014
7/18/2014,17.6,17.5,16.3,20,20.4,18.6,18.82,1.197330364,17.5,18,7,2014
7/19/2014,18,18.9,17.5,19.5,18.6,16.9,18.23333333,0.87114229,18.9,19,7,2014
7/20/2014,20.9,20.6,21.8,21.5,23.8,20.4,21.5,1.137248141,20.6,20,7,2014
7/21/2014,18.7,19.2,21.8,18.5,21,18.6,19.2,0.931665176,19.2,21,7,2014
7/22/2014,20.1,19.7,18.3,20.3,20,18.7,19.51666667,0.749258893,19.7,22,7,2014
7/23/2014,19.8,20.2,18.5,19.5,19.9,18.8,19.45,0.607590871,20.2,23,7,2014
7/24/2014,21.7,20.7,20.3,23.3,20.8,19.6,21.06666667,1.178511302,20.7,24,7,2014
7/25/2014,18,17.7,17.8,17.5,20.7,17.1,18.13333333,1.181336343,17.7,25,7,2014
7/26/2014,17.2,16.3,16.3,18,17.7,15.9,16.9,0.781024968,16.3,26,7,2014
7/27/2014,15.5,15.3,14.5,17.8,16,15.4,15.75,1.017758976,15.3,27,7,2014
7/28/2014,17.9,18.8,15.5,19.5,17.1,16.2,17.5,1.396424004,18.8,28,7,2014
7/29/2014,19.5,19.4,17,19.8,18.6,18.6,18.81666667,0.928110386,19.4,29,7,2014
7/30/2014,17.3,19.3,18,19.8,20.3,19,18.95,1.024288371,19.3,30,7,2014
7/31/2014,20.8,21.3,18.8,19.8,20.9,20.5,20.46,0.86856203,21.3,31,7,2014
8/1/2014,20.4,21.2,20.3,19.8,20.6,20.6,20.62,0.312409987,21.2,1,8,2014
8/2/2014,20.1,18.5,20.3,19.5,20.4,18.6,19.56666667,0.773879118,18.5,2,8,2014
8/3/2014,19.7,20.5,19.3,20,19.5,19.1,19.68333333,0.463381292,20.5,3,8,2014
8/4/2014,19,20.1,18,21,19.9,19.6,19.6,0.932737905,20.1,4,8,2014
8/5/2014,19.5,20.6,18.3,19.3,19.8,20.4,19.65,0.758836829,20.6,5,8,2014
8/6/2014,18.3,18,19,18.5,22.1,18.7,19.1,1.377195217,18,6,8,2014
8/7/2014,21.2,21.7,21,22.5,22.8,20.4,21.6,0.838649708,21.7,7,8,2014
8/8/2014,24.1,23.1,23.8,26.5,22.6,22.8,23.81666667,1.310746183,23.1,8,8,2014
8/9/2014,19.7,17.6,21.3,20.5,21.3,20.1,20.08333333,1.254879366,17.6,9,8,2014
8/10/2014,16.1,16.2,16.5,17,16.9,15.5,16.36666667,0.508811251,16.2,10,8,2014
8/11/2014,17.9,17.6,16.8,18.8,17.5,17,17.6,0.65064071,17.6,11,8,2014
8/12/2014,21.2,21.4,21.8,21.3,20.3,20.1,21.01666667,0.609416843,21.4,12,8,2014
8/13/2014,22.1,23,22.3,22.3,21.9,20,21.93333333,0.928559218,23,13,8,2014
8/14/2014,24.1,24.8,24.5,24.3,24.9,23.1,24.28333333,0.595585613,24.8,14,8,2014
8/15/2014,22.4,23.3,22.5,23.5,23,24.1,23.13333333,0.584997626,23.3,15,8,2014
8/16/2014,18.8,19.8,18.5,21,19.1,17.1,19.05,1.192686044,19.8,16,8,2014
8/17/2014,20.9,20.8,22,21,20.5,19.7,20.81666667,0.681705378,20.8,17,8,2014
8/18/2014,20.6,20,21.5,20.5,21.7,19.6,20.65,0.75,20,18,8,2014
8/19/2014,20.7,20.1,21.3,21,21.4,19.7,20.7,0.619139187,20.1,19,8,2014
8/20/2014,20.1,19.5,20.3,19,22.6,20.5,20.33333333,1.132352517,19.5,20,8,2014
8/21/2014,18.4,18.1,17.8,19.3,20,18,18.6,0.789514619,18.1,21,8,2014
8/22/2014,16,16.3,16.3,16.8,16.8,15.8,16.33333333,0.372677996,16.3,22,8,2014
8/23/2014,12.4,12.1,12.8,12.5,13.2,12.4,12.56666667,0.349602949,12.1,23,8,2014
8/24/2014,12.6,10.6,13.3,12.5,14.3,11.4,12.45,1.203813385,10.6,24,8,2014
8/25/2014,11.5,11.5,11,10.5,10.6,9.6,10.78333333,0.656802017,11.5,25,8,2014
8/26/2014,12.7,12.9,11,13,13,11.8,12.68,0.453431362,12.9,26,8,2014
8/27/2014,17.9,17.9,16.3,18,16.6,16.7,17.23333333,0.7110243,17.9,27,8,2014
8/28/2014,22.8,21.3,20.8,21,22.4,21.4,21.61666667,0.731247032,21.3,28,8,2014
8/29/2014,15.5,15.6,16.8,17.5,15.8,15.8,16.16666667,0.731816613,15.6,29,8,2014
8/30/2014,15.8,15.6,15.5,15.3,15.4,13.8,15.23333333,0.659966329,15.6,30,8,2014
8/31/2014,16.8,15.7,17.3,16,17.4,16.2,16.56666667,0.644635987,15.7,31,8,2014
9/1/2014,15.7,14.7,16,15.3,16.4,15.1,15.53333333,0.567646212,14.7,1,9,2014
9/2/2014,15.6,14.9,15.3,14.5,17,14.5,15.3,0.858292879,14.9,2,9,2014
9/3/2014,13.4,15.9,12.5,14.8,14.4,14.8,14.3,1.089342309,15.9,3,9,2014
9/4/2014,11.7,11.2,14.5,13.8,13,11.9,12.68333333,1.18520978,11.2,4,9,2014
9/5/2014,13.6,13.4,14.3,14.3,14.7,12.5,13.8,0.730296743,13.4,5,9,2014
9/6/2014,15.4,14.6,15.8,16.5,16.5,14.8,15.6,0.746100976,14.6,6,9,2014
9/7/2014,16.5,16.6,16.3,16.5,16.6,16.3,16.46666667,0.124721913,16.6,7,9,2014
9/8/2014,12.7,10.6,13.3,10.5,12,9.3,11.4,1.385640646,10.6,8,9,2014
9/9/2014,6.2,5,5.8,5.3,7.7,5.2,5.866666667,0.912262146,5,9,9,2014
9/10/2014,6,5.3,6.3,5,7,4.6,5.7,0.816496581,5.3,10,9,2014
9/11/2014,5.4,4,5.5,3.3,7.6,4.9,5.116666667,1.353288177,4,11,9,2014
9/12/2014,5.9,5.7,6.8,6,7.5,6,6.316666667,0.630916441,5.7,12,9,2014
9/13/2014,7.6,6.9,7.3,7.5,9.5,8,7.8,0.828653526,6.9,13,9,2014
9/14/2014,5.5,5.5,6.3,6,8.8,6.3,6.4,1.122497216,5.5,14,9,2014
9/15/2014,10.8,10.4,10,11.3,10.3,10.4,10.53333333,0.414996653,10.4,15,9,2014
9/16/2014,13,12.9,13,13.5,10.3,13.1,13.1,0.20976177,12.9,16,9,2014
9/17/2014,11.8,11.6,10,12.5,9.4,10,10.88333333,1.134925352,11.6,17,9,2014
9/18/2014,11.8,17.1,15.8,17.5,13.7,13.4,15.5,1.691153453,17.1,18,9,2014
9/19/2014,17.3,15.3,18.5,16.5,18.2,15.8,16.93333333,1.178511302,15.3,19,9,2014
9/20/2014,14.5,12.9,14.8,15.5,15.8,13.7,14.53333333,0.997775303,12.9,20,9,2014
9/21/2014,12.8,12.9,13.3,13.8,14.5,13.8,13.51666667,0.587130498,12.9,21,9,2014
9/22/2014,16.1,16.2,15,16,16.2,15.5,15.83333333,0.442216639,16.2,22,9,2014
9/23/2014,18.3,18.6,18,18.8,18.9,17.8,18.4,0.404145188,18.6,23,9,2014
9/24/2014,18.5,17.7,19.5,19.5,20.6,18.8,19.1,0.911043358,17.7,24,9,2014
9/25/2014,23.5,23.3,21.8,22.3,23.4,22.8,22.85,0.623832242,23.3,25,9,2014
9/26/2014,23.2,22.1,23.5,22.3,24.7,22.6,23.06666667,0.876863096,22.1,26,9,2014
9/27/2014,14.6,11.9,14.5,12,16.3,12.9,13.7,1.580084386,11.9,27,9,2014
9/28/2014,8.6,7.8,8,8,9.1,6.9,8.066666667,0.682316316,7.8,28,9,2014
9/29/2014,8.3,8.4,7.8,8.5,8,7.6,8.1,0.326598632,8.4,29,9,2014
9/30/2014,9.8,10.6,9.3,11,11.6,9.6,10.31666667,0.817346656,10.6,30,9,2014
10/1/2014,9.3,9.3,11.5,12,12.2,10.7,10.83333333,1.182746333,9.3,1,10,2014
10/2/2014,5.6,4.6,7.5,4.3,8.3,4.6,5.816666667,1.544254585,4.6,2,10,2014
10/3/2014,1.2,0.4,1.8,1.8,2.7,0.4,1.383333333,0.821414769,0.4,3,10,2014
10/4/2014,1.4,1.3,1.8,1.5,2.2,0.8,1.5,0.43204938,1.3,4,10,2014
10/5/2014,4.5,4.9,5.8,5.5,6.4,5.1,5.366666667,0.6209312,4.9,5,10,2014
10/6/2014,9,8.8,7.5,7.8,7.9,7.6,8.1,0.583095189,8.8,6,10,2014
10/7/2014,7.4,6.3,9.8,9.5,8,8,8.166666667,1.195361405,6.3,7,10,2014
10/8/2014,4.4,3.8,5,9.5,4.7,3.4,4.26,0.585149554,3.8,8,10,2014
10/9/2014,3.9,3.9,3,4.5,2.5,3.6,3.566666667,0.652346193,3.9,9,10,2014
10/10/2014,7.3,8.4,6.8,8.8,7.3,8.5,7.85,0.745542308,8.4,10,10,2014
10/11/2014,12,12.6,10.5,13,10.3,12.9,11.88333333,1.097598388,12.6,11,10,2014
10/12/2014,10.1,10.6,10.5,11,12,10.2,10.78,0.688186021,10.6,12,10,2014
10/13/2014,9.5,8.7,9.8,9,9.6,8.7,9.216666667,0.437480158,8.7,13,10,2014
10/14/2014,10.7,10.5,9,11.3,10.1,11,10.43333333,0.74311656,10.5,14,10,2014
10/15/2014,9.5,10.8,7.8,11,14,12.4,10.91666667,1.976880258,10.8,15,10,2014
10/16/2014,7.3,7,7.8,7.5,7.5,8.2,7.5,0.394968353,7,16,10,2014
10/17/2014,3.5,3.6,7.8,5,4.6,1,3.54,1.393700111,3.6,17,10,2014
10/18/2014,8.9,8.6,7.8,9,6.8,5.2,7.7,1.483239697,8.6,18,10,2014
10/19/2014,11,10.6,7.8,12,12,11.6,11.44,0.557135531,10.6,19,10,2014
10/20/2014,12.8,12.7,10.8,12.5,10.5,12.8,12.01666667,0.975391659,12.7,20,10,2014
10/21/2014,12.1,12.7,11.5,13.8,14.4,14.5,13.16666667,1.1426091,12.7,21,10,2014
10/22/2014,8.8,7.4,10.3,10,12.6,10.4,9.916666667,1.589986024,7.4,22,10,2014
10/23/2014,9.9,9.2,11.8,8.8,11.2,8.6,9.916666667,1.2033518,9.2,23,10,2014
10/24/2014,9.1,7.4,9,11,10.8,10.7,9.666666667,1.293144316,7.4,24,10,2014
10/25/2014,6.2,5.2,7.5,6.3,8,6.3,6.583333333,0.919087712,5.2,25,10,2014
10/26/2014,8.4,8.5,8,7.8,10.4,7.1,8.366666667,1.017622501,8.5,26,10,2014
10/27/2014,2.9,2.9,2.8,2,3,1.5,2.516666667,0.563964144,2.9,27,10,2014
10/28/2014,1.6,0.2,2.8,2,0.9,-0.8,0.78,1.00079968,0.2,28,10,2014
10/29/2014,3.6,3.5,2.8,4.5,2.9,2.2,3.34,0.765767589,3.5,29,10,2014
10/30/2014,-2.5,-2.2,2.8,-0.3,-2.8,-2.5,-2.06,0.900222195,-2.2,30,10,2014
10/31/2014,-1,0.5,2.8,1.3,-1.8,-1.2,-0.44,1.153429668,0.5,31,10,2014
11/1/2014,3,4.7,2.8,5,3.4,4.2,4.06,0.757891813,4.7,1,11,2014
11/2/2014,2.6,3,2.8,2.3,3.3,1.9,2.62,0.495580468,3,2,11,2014
11/3/2014,2.2,3.2,2.8,4,0.9,0.8,2.22,1.256025477,3.2,3,11,2014
11/4/2014,3.4,3.2,2.8,2.5,3.7,1.9,2.94,0.652993109,3.2,4,11,2014
11/5/2014,0.7,0.2,2.8,3.5,0,0.1,0.9,1.32211951,0.2,5,11,2014
11/6/2014,0.6,-0.2,2.8,3.5,-0.8,1.1,0.84,1.481350735,-0.2,6,11,2014
11/7/2014,5.6,5.9,2.8,3,5,3.7,4.64,1.114629983,5.9,7,11,2014
11/8/2014,-0.8,-2.4,2.8,-1.3,-0.6,-3.4,-1.7,1.054514106,-2.4,8,11,2014
11/9/2014,-6.6,-8.6,2.8,-7.3,-6.4,-9.9,-7.76,1.318483978,-8.6,9,11,2014
11/10/2014,-10.9,-12.2,2.8,-12,-9.7,-9.9,-11.2,0.997496867,-12.2,10,11,2014
11/11/2014,-11.3,-13.1,2.8,-10.5,-8.5,-9.9,-10.85,1.651514456,-13.1,11,11,2014
11/12/2014,-12.4,-14.4,2.8,-10.5,-10,-13.1,-12.475,1.599023139,-14.4,12,11,2014
11/13/2014,-13.2,-14.7,2.8,-10.5,-11.7,-12.9,-13.125,1.068585514,-14.7,13,11,2014
11/14/2014,-13.9,-15.4,2.8,-15,-12.7,-14.9,-14.38,0.974474217,-15.4,14,11,2014
11/15/2014,-15.5,-16.3,2.8,-13.8,-12.5,-14.1,-14.44,1.332066064,-16.3,15,11,2014
11/16/2014,-12.6,-12.8,2.8,-10,-9.8,-12.3,-11.5,1.317573527,-12.8,16,11,2014
11/17/2014,-13.3,-12.9,2.8,-11.3,-11.3,-13.8,-12.52,1.036146708,-12.9,17,11,2014
11/18/2014,-9.5,-11.3,2.8,-12.3,-8.9,-11.5,-10.7,1.283744523,-11.3,18,11,2014
11/19/2014,-12,-10.4,2.8,-9.8,-9.5,-10.9,-10.52,0.884081444,-10.4,19,11,2014
11/20/2014,-10.2,-8.9,2.8,-5.5,-11.6,-10.9,-9.42,2.153508765,-8.9,20,11,2014
11/21/2014,0.4,-1.4,2.8,-1.5,-0.6,-3.4,-1.3,1.252198067,-1.4,21,11,2014
11/22/2014,-1.3,-1.6,2.8,-1.8,-2.5,0.3,-1.38,0.928224111,-1.6,22,11,2014
11/23/2014,-6.6,-6.3,2.8,-9.5,-6.2,-12.7,-8.26,2.533456137,-6.3,23,11,2014
11/24/2014,-9.9,-9.3,2.8,-8.3,-10.9,-12.4,-10.16,1.402283851,-9.3,24,11,2014
11/25/2014,-7.6,-9.1,2.8,-8,-10.1,-10,-8.96,1.017054571,-9.1,25,11,2014
11/26/2014,-18.9,-20.3,2.8,-19.8,-20.9,-19.9,-19.96,0.656048779,-20.3,26,11,2014
11/27/2014,-18.7,-14.8,2.8,-15.5,-18.8,-17.5,-17.06,1.640243884,-14.8,27,11,2014
11/28/2014,-12.2,-11.9,2.8,-11.3,-11.2,-13,-11.92,0.655438784,-11.9,28,11,2014
11/29/2014,-18.1,-18.3,2.8,-20,-17.1,-19.9,-18.68,1.114271062,-18.3,29,11,2014
11/30/2014,-23.5,-24.5,2.8,-23.3,-23.1,-25.2,-23.92,0.800999376,-24.5,30,11,2014
12/1/2014,-19.4,-20.8,2.8,-20,-21.6,-20.2,-20.4,0.748331477,-20.8,1,12,2014
12/2/2014,-13.6,-11.9,2.8,-11.3,-15.1,-14.8,-13.34,1.518683641,-11.9,2,12,2014
12/3/2014,-15.4,-16.4,2.8,-14.5,-16,-15,-15.46,0.68,-16.4,3,12,2014
12/4/2014,-14.3,-14,2.8,-13.3,-13.8,-9.8,-13.04,1.652392205,-14,4,12,2014
12/5/2014,-12.3,-12.8,2.8,-10,-13,-9.2,-11.46,1.556406117,-12.8,5,12,2014
12/6/2014,-8.9,-7.7,2.8,-9.3,-11.3,-7.3,-8.9,1.408545349,-7.7,6,12,2014
12/7/2014,-4.7,-5.2,2.8,-5,-6.3,-6.2,-5.48,0.649307323,-5.2,7,12,2014
12/8/2014,-9,-8.4,2.8,-6.5,-13.2,-11.1,-9.64,2.307032726,-8.4,8,12,2014
12/9/2014,-5.1,-4.3,2.8,-1.5,-11.3,-6.8,-5.8,3.239753077,-4.3,9,12,2014
12/10/2014,0.3,1.2,2.8,2.5,-3.9,1.5,0.32,2.2238705,1.2,10,12,2014
12/11/2014,1.5,1.1,2.8,1,-1.1,2.5,1,1.176435294,1.1,11,12,2014
12/12/2014,0.4,1.3,2.8,2,-0.2,4,1.5,1.458766602,1.3,12,12,2014
12/13/2014,1.2,1.4,2.8,1.5,-0.1,3.5,1.5,1.154123044,1.4,13,12,2014
12/14/2014,-1.7,-1.7,2.8,-1.8,-2.3,-3.2,-2.14,0.574804315,-1.7,14,12,2014
12/15/2014,-5.3,-5.2,2.8,-4.3,-5.5,-6,-5.26,0.5535341,-5.2,15,12,2014
12/16/2014,-7.9,-7.1,2.8,-6.5,-13.6,-8.7,-8.76,2.531086723,-7.1,16,12,2014
12/17/2014,-8,-7.8,2.8,-7.3,-15.4,-10.3,-9.76,3.003065101,-7.8,17,12,2014
12/18/2014,-6.2,-5.6,2.8,-5.8,-10.9,-7.6,-7.22,1.968146336,-5.6,18,12,2014
12/19/2014,-5.3,-5.6,2.8,-6.5,-4.4,-5.6,-5.48,0.67349833,-5.6,19,12,2014
12/20/2014,-4.2,-5.9,2.8,-4.3,-3.9,-6.9,-5.04,1.162067124,-5.9,20,12,2014
12/21/2014,-6.2,-7.1,2.8,-6.5,-5.6,-5.7,-6.22,0.549181209,-7.1,21,12,2014
12/22/2014,-2.4,-3.8,2.8,-4,-1.7,-5.1,-3.4,1.208304597,-3.8,22,12,2014
12/23/2014,-4.2,-6.5,2.8,-5.5,-3.7,-4.8,-4.94,0.985088828,-6.5,23,12,2014
12/24/2014,-2.5,-4.7,2.8,-6.5,-4.2,-5.1,-4.6,1.299230542,-4.7,24,12,2014
12/25/2014,-9.7,-10.3,2.8,-10.5,-7,-11,-9.7,1.412798641,-10.3,25,12,2014
12/26/2014,-15.2,-16,2.8,-16.3,-16.6,-16.9,-16.2,0.583095189,-16,26,12,2014
12/27/2014,-9.1,-11.5,2.8,-12,-15.2,-14.2,-12.4,2.141961718,-11.5,27,12,2014
12/28/2014,-18.8,-22.9,-22,-25,-23.4,-24.6,-22.78333333,2.044844466,-22.9,28,12,2014
12/29/2014,-24.4,-26.9,-25.8,-25.5,-25.6,-26.2,-25.73333333,0.756453715,-26.9,29,12,2014
12/30/2014,-20.8,-20.4,-19.5,-18.8,-20.9,-21.7,-20.35,0.953502316,-20.4,30,12,2014
12/31/2014,-8.8,-8.1,-10.5,-10.3,-8.7,-10.9,-9.55,1.054751155,-8.1,31,12,2014
1/1/2015,-3.7,-3.5,-10.5,-4,-6.8,-7.7,-5.14,1.753396704,-3.5,1,1,2015
1/2/2015,-8,-7.8,-10.5,-10.5,-10.1,-14.4,-10.16,2.380420131,-7.8,2,1,2015
1/3/2015,-20.2,-23.8,-21,-22,-22.6,-25.8,-22.56666667,1.841798638,-23.8,3,1,2015
1/4/2015,-27.9,-30.1,-28.5,-28.5,-28.9,-31.7,-29.26666667,1.277584526,-30.1,4,1,2015
1/5/2015,-23.8,-27.8,-23.5,-26.5,-23.5,-25.5,-25.1,1.644181661,-27.8,5,1,2015
1/6/2015,-21.4,-22.9,-22,-22.5,-20.9,-22.9,-22.1,0.75055535,-22.9,6,1,2015
1/7/2015,-20.8,-22.9,-20.3,-20,-21.8,-22.2,-21.33333333,1.04509436,-22.9,7,1,2015
1/8/2015,-15,-15.5,-17,-16,-15.9,-18.1,-16.25,1.024288371,-15.5,8,1,2015
1/9/2015,-20.9,-22.3,-17,-20.5,-21.3,-21.8,-21.36,0.637495098,-22.3,9,1,2015
1/10/2015,-22.4,-24.1,-17,-23.5,-24.2,-23.8,-23.6,0.64807407,-24.1,10,1,2015
1/11/2015,-21.5,-22.6,-17,-21,-21.5,-23,-21.92,0.752063827,-22.6,11,1,2015
1/12/2015,-20.7,-22.7,-17,-21,-24.7,-21.2,-22.06,1.489429421,-22.7,12,1,2015
1/13/2015,-12.5,-12.4,-15.5,-10.5,-14.4,-12,-12.88333333,1.632397691,-12.4,13,1,2015
1/14/2015,-5.2,-6.2,-5.5,-5,-4.8,-5.8,-5.416666667,0.477551626,-6.2,14,1,2015
1/15/2015,-3.5,-4.2,-3.5,-2.8,-5.8,-3.3,-3.85,0.963932916,-4.2,15,1,2015
1/16/2015,-3.7,-3,-5.8,-3,-6.8,-6.1,-4.733333333,1.546681034,-3,16,1,2015
1/17/2015,-1.2,-2.4,-3.3,-0.3,-2.1,-2,-1.883333333,0.940596737,-2.4,17,1,2015
1/18/2015,-7.1,-7.9,-8.3,-6.3,-8.1,-7.8,-7.583333333,0.684145858,-7.9,18,1,2015
1/19/2015,-3.4,-4.1,-6.5,-3.3,-5.9,-6.7,-4.983333333,1.426436897,-4.1,19,1,2015
1/20/2015,-3.2,-4.7,-4,-3.3,-5.6,-4.1,-4.15,0.82209083,-4.7,20,1,2015
1/21/2015,-7.6,-8.3,-7,-5.5,-8.6,-6.5,-7.25,1.059481005,-8.3,21,1,2015
1/22/2015,-1.1,-0.1,-2.5,-0.5,-3.1,-0.8,-1.35,1.082820391,-0.1,22,1,2015
1/23/2015,0.3,0,0.8,0.5,0.7,-0.4,0.316666667,0.413991412,0,23,1,2015
1/24/2015,-1.3,-2,-1.5,-0.5,-4.1,-1.5,-1.816666667,1.114176328,-2,24,1,2015
1/25/2015,-0.4,-1.6,-1.5,-0.5,-3.8,-3.1,-1.88,1.367333171,-1.6,25,1,2015
1/26/2015,2.4,2.2,1.5,4,-0.7,1.7,1.85,1.396125591,2.2,26,1,2015
1/27/2015,1.6,0.2,-3,0,-1.4,1.6,-0.166666667,1.630609974,0.2,27,1,2015
1/28/2015,-3.2,-3.1,-3.8,-1.5,-2.9,-4.9,-3.233333333,1.01925899,-3.1,28,1,2015
1/29/2015,-7.1,-7.8,-10.3,-7,-9.6,-10.2,-8.666666667,1.406729856,-7.8,29,1,2015
1/30/2015,-7.8,-8.5,-10.8,-7,-8.3,-8.8,-8.533333333,1.165713897,-8.5,30,1,2015
1/31/2015,-14.1,-15.4,-18,-16.3,-15.4,-20.4,-16.6,2.066397832,-15.4,31,1,2015
2/1/2015,-19.5,-20.2,-23.3,-19,-22.6,-22,-21.1,1.616580754,-20.2,1,2,2015
2/2/2015,-14.9,-16.6,-17.5,-16,-16.9,-17.5,-16.56666667,0.908600878,-16.6,2,2,2015
2/3/2015,-17.4,-18.2,-16,-16.8,-16.8,-17,-17.03333333,0.66749948,-18.2,3,2,2015
2/4/2015,-19.4,-21.2,-19.5,-19.3,-20.8,-19,-19.86666667,0.82394714,-21.2,4,2,2015
2/5/2015,-10.9,-12.7,-13.3,-11.3,-11.2,-12.1,-11.91666667,0.86490205,-12.7,5,2,2015
2/6/2015,-11.9,-11.9,-13.3,-6,-13,-14.5,-11.46,2.891781458,-11.9,6,2,2015
2/7/2015,-4.7,-6.8,-13.3,-10,-11.4,-12.9,-9.16,3.005727865,-6.8,7,2,2015
2/8/2015,-13.7,-13,-13.3,-11.5,-15.7,-15.7,-13.92,1.617899873,-13,8,2,2015
2/9/2015,-11.5,-11.8,-13,-11.3,-13.1,-13.2,-12.31666667,0.798783798,-11.8,9,2,2015
2/10/2015,-13.7,-14.2,-11.8,-12.5,-13.9,-14.4,-13.41666667,0.944133936,-14.2,10,2,2015
2/11/2015,-21.4,-22.5,-20,-19.3,-23,-22.2,-21.4,1.340397951,-22.5,11,2,2015
2/12/2015,-13.9,-14.3,-19.5,-14.5,-20,-18.2,-16.73333333,2.562984372,-14.3,12,2,2015
2/13/2015,-8.2,-9.1,-10,-7.3,-13.3,-11.3,-9.866666667,1.99220704,-9.1,13,2,2015
2/14/2015,-17.5,-17.3,-22.3,-16.5,-23.5,-22.5,-19.93333333,2.873828264,-17.3,14,2,2015
2/15/2015,-13,-11.4,-15.3,-11.3,-15.9,-15,-13.65,1.853600101,-11.4,15,2,2015
2/16/2015,-14.1,-14.1,-15.3,-13.5,-16.1,-16,-14.76,1.076289924,-14.1,16,2,2015
2/17/2015,-21.9,-22.1,-21.8,-20.5,-22.6,-22,-21.81666667,0.641396047,-22.1,17,2,2015
2/18/2015,-22.4,-22.3,-22.3,-19,-23.4,-20,-21.56666667,1.536952251,-22.3,18,2,2015
2/19/2015,-8.1,-7,-15.3,-8,-16.3,-12.9,-11.26666667,3.723200535,-7,19,2,2015
2/20/2015,-5.7,-6.7,-6.8,-5.3,-9.1,-9,-7.1,1.475353065,-6.7,20,2,2015
2/21/2015,-20.6,-21.8,-20,-21.3,-22.3,-23,-21.5,1.006644591,-21.8,21,2,2015
2/22/2015,-27,-25.9,-23.5,-19.5,-27.5,-22.5,-24.31666667,2.799057381,-25.9,22,2,2015
2/23/2015,-10.5,-13.2,-16.3,-12.5,-14.3,-13.1,-13.31666667,1.757286418,-13.2,23,2,2015
2/24/2015,-7.1,-7.2,-9.3,-6.8,-7.1,-10.9,-8.066666667,1.51510909,-7.2,24,2,2015
2/25/2015,-18.9,-19.6,-17.3,-18,-18.5,-19.6,-18.65,0.830160627,-19.6,25,2,2015
2/26/2015,-23.7,-25,-23,-23,-20.9,-21.9,-22.91666667,1.295397837,-25,26,2,2015
2/27/2015,-18.3,-20.1,-21.3,-19.8,-21.1,-18.8,-19.9,1.096965511,-20.1,27,2,2015
2/28/2015,-18,-19.1,-18.5,-17.5,-15.5,-18.8,-17.9,1.193035345,-19.1,28,2,2015
3/1/2015,-12.8,-13.6,-12.5,-13.3,-12.9,-12.4,-12.91666667,0.421966297,-13.6,1,3,2015
3/2/2015,-10.7,-11.3,-11.5,-11.5,-11.4,-11.4,-11.3,0.276887462,-11.3,2,3,2015
3/3/2015,-18.6,-20.2,-18.3,-18.5,-16.3,-20.3,-18.7,1.340397951,-20.2,3,3,2015
3/4/2015,-24.6,-25.6,-23.3,-25.3,-22.6,-23.9,-24.21666667,1.063667659,-25.6,4,3,2015
3/5/2015,-13.5,-12.6,-17.5,-13.5,-16.1,-15.9,-14.85,1.750952122,-12.6,5,3,2015
3/6/2015,-4.8,-5.8,-4.5,-4.3,-5.3,-6,-5.116666667,0.636177823,-5.8,6,3,2015
3/7/2015,-2,-4.4,-2.5,-2,-3,-3.5,-2.9,0.856348839,-4.4,7,3,2015
3/8/2015,0.6,-0.5,-1,-0.8,-1.4,-3,-1.016666667,1.080766189,-0.5,8,3,2015
3/9/2015,4.1,1.1,1.8,2,-0.6,0.2,1.433333333,1.490711985,1.1,9,3,2015
3/10/2015,4.4,3.2,3.3,3.5,3.3,1.4,3.183333333,0.893339552,3.2,10,3,2015
3/11/2015,3.5,1.8,3,2,3.9,0.4,2.433333333,1.178511302,1.8,11,3,2015
3/12/2015,4.5,2.5,4,2.5,2.9,2.6,3.166666667,0.790920701,2.5,12,3,2015
3/13/2015,6.7,5.8,4.8,6,4.9,2.3,5.083333333,1.404061569,5.8,13,3,2015
3/14/2015,8.2,7.2,6.5,7,6.7,5.5,6.85,0.809835374,7.2,14,3,2015
3/15/2015,7.2,6.8,9,6,8.4,6.1,7.25,1.116169043,6.8,15,3,2015
3/16/2015,-0.6,-0.6,1,0.8,1.6,-0.3,0.316666667,0.857159391,-0.6,16,3,2015
3/17/2015,-1.2,-0.5,-0.8,0.8,0.4,-1.2,-0.66,0.591945943,-0.5,17,3,2015
3/18/2015,1.4,2.3,1,0.8,1.2,1.4,1.46,0.445421149,2.3,18,3,2015
3/19/2015,4.2,3.8,4.8,3.5,3.6,3.2,3.85,0.522015325,3.8,19,3,2015
3/20/2015,0.3,0.1,-2.5,-0.3,-2.1,-2.4,-1.15,1.202428099,0.1,20,3,2015
3/21/2015,-4.5,-4.1,-7.3,-3.3,-6.6,-6.3,-5.35,1.458023777,-4.1,21,3,2015
3/22/2015,0.7,0.5,-2.3,0,-3.7,-3.3,-1.35,1.810846947,0.5,22,3,2015
3/23/2015,-1.3,-2,-2.8,-1.5,-1.3,-3.2,-2.016666667,0.742555647,-2,23,3,2015
3/24/2015,-1.6,-1.9,-1,-1.5,-1.3,-1.8,-1.516666667,0.302305952,-1.9,24,3,2015
3/25/2015,-1,-2.4,-2,-1.3,-2.4,-2.5,-1.933333333,0.58214164,-2.4,25,3,2015
3/26/2015,-0.5,0.8,-2.5,0.5,-3.6,-3.2,-1.416666667,1.758234594,0.8,26,3,2015
3/27/2015,6,6.1,3.8,6.5,-0.5,2,3.983333333,2.547820419,6.1,27,3,2015
3/28/2015,10.4,9.5,8.3,10,5.3,7.1,8.433333333,1.782943883,9.5,28,3,2015
3/29/2015,7,6.8,6,7.3,6.8,5.5,6.566666667,0.618241233,6.8,29,3,2015
3/30/2015,8.4,7.9,7.5,8.5,8.2,6.6,7.85,0.65,7.9,30,3,2015
3/31/2015,9.5,9.7,7,11,7.2,6.8,8.533333333,1.607966279,9.7,31,3,2015
4/1/2015,7.1,6.8,7,8.5,8.4,6.7,7.416666667,0.742555647,6.8,1,4,2015
4/2/2015,-1.7,-1.7,-1.8,-1.5,-0.2,-4.7,-1.933333333,1.352364185,-1.7,2,4,2015
4/3/2015,-0.8,-1,-1,0.5,-1,-3.3,-1.1,1.119523708,-1,3,4,2015
4/4/2015,0.7,0.6,-1,2,-2.2,-2.6,-0.416666667,1.653699556,0.6,4,4,2015
4/5/2015,-2.8,-1.9,-2.5,0,-2,-4.9,-2.35,1.447699324,-1.9,5,4,2015
4/6/2015,-2.8,-2.1,-1.8,-1.8,-1.1,-2,-1.933333333,0.502217306,-2.1,6,4,2015
4/7/2015,-0.8,-0.3,-1.8,1,-1.2,-1.7,-0.8,0.953939201,-0.3,7,4,2015
4/8/2015,1.1,2.5,0.8,4.5,1.5,2.8,2.2,1.251665557,2.5,8,4,2015
4/9/2015,6.2,6,6.5,8,6,4.6,6.216666667,0.99735762,6,9,4,2015
4/10/2015,6.7,7,5.8,7.3,4.6,6.1,6.25,0.895823643,7,10,4,2015
4/11/2015,12.9,12,5.8,11,12.3,12,12.04,0.61514226,12,11,4,2015
4/12/2015,7.2,7.1,10,9,8.6,7.3,8.2,1.084742673,7.1,12,4,2015
4/13/2015,6.5,6.3,5.8,7.3,6.7,5.4,6.333333333,0.612825877,6.3,13,4,2015
4/14/2015,11.9,11.7,10,10,11.7,9.9,10.86666667,0.903081146,11.7,14,4,2015
4/15/2015,11.5,10.7,15,10.5,14.8,12,12.41666667,1.825209273,10.7,15,4,2015
4/16/2015,7.5,6.3,8.8,8.5,9.8,7.9,8.133333333,1.093414631,6.3,16,4,2015
4/17/2015,9.8,9.3,10.3,12.5,9.9,9.6,10.23333333,1.057775444,9.3,17,4,2015
4/18/2015,11.4,8.6,12,10,10.8,9.1,10.31666667,1.208879187,8.6,18,4,2015
4/19/2015,2.5,1.6,4.3,6.8,4.7,4.2,4.016666667,1.656720321,1.6,19,4,2015
4/20/2015,2.6,1.9,2.3,3.5,4.2,1.8,2.716666667,0.866826908,1.9,20,4,2015
4/21/2015,1.2,1.3,2.8,2.5,2.8,1.6,2.033333333,0.684754619,1.3,21,4,2015
4/22/2015,3.1,3.3,2.5,3.3,2,3.7,2.983333333,0.566911712,3.3,22,4,2015
4/23/2015,2.9,4.5,3.5,3.3,3.9,3.4,3.583333333,0.504700131,4.5,23,4,2015
4/24/2015,7.3,8.2,8.3,7,7.8,6.9,7.583333333,0.552016505,8.2,24,4,2015
4/25/2015,9.8,9.5,8.8,9,8.8,9.3,9.2,0.36968455,9.5,25,4,2015
4/26/2015,7.2,5.4,8,5.5,10.6,4.7,6.9,2.001665973,5.4,26,4,2015
4/27/2015,9.5,9.2,9.5,10.5,9,8.5,9.366666667,0.610100174,9.2,27,4,2015
4/28/2015,10.1,10.3,10.3,12,10.1,10.8,10.6,0.668331255,10.3,28,4,2015
4/29/2015,13.8,14.3,15.8,13.5,14.3,15,14.45,0.763216876,14.3,29,4,2015
4/30/2015,12.4,12,13.3,15.3,13.3,13.5,13.3,1.044030651,12,30,4,2015
5/1/2015,12.7,11.6,12.5,13.5,13.9,13.7,12.98333333,0.800867585,11.6,1,5,2015
5/2/2015,13.4,12.3,15,14.8,16.1,13.2,14.13333333,1.280190958,12.3,2,5,2015
5/3/2015,9,8.4,9.3,11,10.3,8.5,9.416666667,0.944133936,8.4,3,5,2015
5/4/2015,10.3,10.2,10,11,9.8,10.3,10.26666667,0.372677996,10.2,4,5,2015
5/5/2015,16.3,16.7,15,16,15.9,16.6,16.08333333,0.563964144,16.7,5,5,2015
5/6/2015,13.9,13.6,13.5,13.5,15.6,13.6,13.95,0.75,13.6,6,5,2015
5/7/2015,5.9,6,8.8,6.8,9.2,5.8,7.083333333,1.398113809,6,7,5,2015
5/8/2015,3,2,3.3,3.5,3.4,2.2,2.9,0.588784058,2,8,5,2015
5/9/2015,4.6,3.7,4,4.3,3.8,4.4,4.133333333,0.324893145,3.7,9,5,2015
5/10/2015,5.7,4.9,5.3,6.8,4.9,6.9,5.75,0.824115688,4.9,10,5,2015
5/11/2015,5.9,7,7,8.8,7.1,6.1,6.983333333,0.937046186,7,11,5,2015
5/12/2015,8.6,8.7,6.8,8.5,5.9,6.1,7.7,1.140175425,8.7,12,5,2015
5/13/2015,7.2,6.6,5.8,7,7.2,6.1,6.76,0.527636238,6.6,13,5,2015
5/14/2015,6.5,7.5,7.8,9.5,7.2,8.3,7.8,0.938083152,7.5,14,5,2015
5/15/2015,8,8.2,8,9.8,10.4,9.7,9.016666667,0.97709888,8.2,15,5,2015
5/16/2015,7.8,11.1,8,10,8.5,11.5,9.78,1.435827288,11.1,16,5,2015
5/17/2015,5.2,4.8,8,5,4.4,1.7,4.22,1.287478155,4.8,17,5,2015
5/18/2015,4,3.5,8,5.5,4.9,4.1,4.4,0.709929574,3.5,18,5,2015
5/19/2015,7.7,7.3,7.8,8.3,7.9,8.7,7.95,0.446280928,7.3,19,5,2015
5/20/2015,12,12.6,12.5,13.8,13.9,12.8,12.93333333,0.692017983,12.6,20,5,2015
5/21/2015,14.3,13.5,14.5,15,15,15.1,14.56666667,0.558768487,13.5,21,5,2015
5/22/2015,15.4,14.7,15.8,15.5,16.4,17.2,15.83333333,0.79302515,14.7,22,5,2015
5/23/2015,16.4,15.5,17.3,17.5,17.9,17.6,17.03333333,0.827982823,15.5,23,5,2015
5/24/2015,16.3,16.5,17,18.5,18.3,18.2,17.46666667,0.89566859,16.5,24,5,2015
5/25/2015,16.4,16.9,17.3,17,19.1,18.4,17.51666667,0.933482131,16.9,25,5,2015
5/26/2015,19.5,18.1,19.3,18.5,20.2,19.3,19.15,0.682519841,18.1,26,5,2015
5/27/2015,15.4,14.8,16,17.5,16,14.3,15.66666667,1.02252411,14.8,27,5,2015
5/28/2015,14.4,14.2,16.8,17,15.4,14.8,15.43333333,1.104033011,14.2,28,5,2015
5/29/2015,9.2,8.7,8.5,10.5,8.3,6.8,8.666666667,1.102522361,8.7,29,5,2015
5/30/2015,8.3,9.5,6.8,9.8,5.9,5.9,7.7,1.596871942,9.5,30,5,2015
5/31/2015,13.7,13.6,13.3,14.5,13.1,9.9,13.01666667,1.461068863,13.6,31,5,2015
6/1/2015,18.9,18.7,18,20.5,18.3,16.2,18.43333333,1.274972767,18.7,1,6,2015
6/2/2015,13.7,14.5,14.3,13.5,13.6,14.1,13.95,0.373050488,14.5,2,6,2015
6/3/2015,12.2,12.6,13.5,15.5,13.9,13.9,13.6,1.061445555,12.6,3,6,2015
6/4/2015,12.8,13.8,11.8,10,13.4,13.5,12.55,1.311169961,13.8,4,6,2015
6/5/2015,17.9,16.4,16.8,15,16.4,15.6,16.35,0.91241438,16.4,5,6,2015
6/6/2015,19.2,18.9,19,19.3,19.9,18.7,19.16666667,0.381517438,18.9,6,6,2015
6/7/2015,19.4,19.9,19.3,21,20.6,19.5,19.95,0.639661369,19.9,7,6,2015
6/8/2015,20.4,21,20.5,22.5,21.3,20.9,21.1,0.695221787,21,8,6,2015
6/9/2015,18.3,18.5,20.8,20.8,19.7,19.5,19.6,0.98319208,18.5,9,6,2015
6/10/2015,15.8,16.4,16,19.8,17.3,17.5,17.13333333,1.346188034,16.4,10,6,2015
6/11/2015,16.8,17.1,16.8,17,18.5,17.8,17.33333333,0.6209312,17.1,11,6,2015
6/12/2015,21.7,21.1,21.3,22.8,20.8,21,21.45,0.665206735,21.1,12,6,2015
6/13/2015,16.3,16.1,21.3,16,18.5,16.6,16.7,0.923038461,16.1,13,6,2015
6/14/2015,14,12.8,14,14.5,17.3,13.5,14.35,1.419800455,12.8,14,6,2015
6/15/2015,12,12.5,12.8,14,14.1,12.2,12.93333333,0.827982823,12.5,15,6,2015
6/16/2015,14.2,14.4,12.5,15,14,14.5,14.1,0.778888096,14.4,16,6,2015
6/17/2015,18.1,17,17.8,19.5,17.7,17.2,17.88333333,0.811206235,17,17,6,2015
6/18/2015,14.2,12.8,13.5,13,13.6,11.6,13.11666667,0.813258193,12.8,18,6,2015
6/19/2015,16.6,16.7,16.5,16.3,17.3,16.7,16.68333333,0.307769755,16.7,19,6,2015
6/20/2015,18.1,17.4,17.3,17,16.6,16,17.06666667,0.657436097,17.4,20,6,2015
6/21/2015,17.4,16.1,16.3,16.5,17.5,15.8,16.6,0.637704216,16.1,21,6,2015
6/22/2015,15.6,16.5,17,18,18,15.9,16.83333333,0.935711257,16.5,22,6,2015
6/23/2015,18.4,18.7,17,23,18.9,17.7,18.95,1.920720351,18.7,23,6,2015
6/24/2015,18.5,18.2,18.8,18.5,18.9,17.7,18.43333333,0.398608691,18.2,24,6,2015
6/25/2015,20.1,20.2,18.8,20,20.1,20,19.86666667,0.48189441,20.2,25,6,2015
6/26/2015,20.4,21.3,18.8,21.5,20.3,20.5,20.46666667,0.87305339,21.3,26,6,2015
6/27/2015,22.1,22,20.8,22,22.7,21.3,21.81666667,0.609416843,22,27,6,2015
6/28/2015,20.3,22,20.8,22.5,20.7,21.2,21.34,0.811418511,22,28,6,2015
6/29/2015,22.8,23.6,20.8,23.3,22,23.6,23.06,0.605309838,23.6,29,6,2015
6/30/2015,17.8,17.5,18.3,18,18.4,17.4,17.9,0.374165739,17.5,30,6,2015
7/1/2015,19.3,19.2,18.5,18.8,18,18.4,18.7,0.454606057,19.2,1,7,2015
7/2/2015,19.8,20,18.8,20.3,19.7,20,19.76666667,0.471404521,20,2,7,2015
7/3/2015,19.5,20.7,19.5,21.8,21,20.1,20.43333333,0.827982823,20.7,3,7,2015
7/4/2015,22.5,20.8,22.3,22.3,23.5,23.1,22.41666667,0.845412457,20.8,4,7,2015
7/5/2015,16.7,17,18.8,19.3,17.5,17.8,17.85,0.928708781,17,5,7,2015
7/6/2015,15.2,15.3,14.3,16.5,14.1,14.3,14.95,0.832165849,15.3,6,7,2015
7/7/2015,16.6,17.3,14.5,17.5,15.5,16,16.23333333,1.038695763,17.3,7,7,2015
7/8/2015,15.1,15,15.8,15.5,16.6,14.4,15.4,0.690410506,15,8,7,2015
7/9/2015,21,21,18.5,22.5,20.1,20.6,20.61666667,1.196406657,21,9,7,2015
7/10/2015,23.8,23.9,20.5,23,22.5,24.3,23,1.267543556,23.9,10,7,2015
7/11/2015,25,24.8,20.5,24.5,24.3,22.7,24.26,0.816333265,24.8,11,7,2015
7/12/2015,23.7,23.5,22,24,25.5,22.7,23.56666667,1.09188929,23.5,12,7,2015
7/13/2015,22.3,23.1,22,22.3,22.5,21,22.2,0.632455532,23.1,13,7,2015
7/14/2015,21.4,21.9,21.5,22.3,22.6,22.2,21.98333333,0.429793232,21.9,14,7,2015
7/15/2015,22.4,22.6,21.3,22.5,23.2,22.2,22.36666667,0.567646212,22.6,15,7,2015
7/16/2015,21.7,22.9,21.5,23,22.6,22.1,22.3,0.574456265,22.9,16,7,2015
7/17/2015,16.9,17,21.5,17,17.1,15.8,16.76,0.484148737,17,17,7,2015
7/18/2015,17.6,17.6,21.5,18.3,17.9,15.9,17.46,0.821218607,17.6,18,7,2015
7/19/2015,19.4,19.3,20,19.5,20.1,18.3,19.43333333,0.587839736,19.3,19,7,2015
7/20/2015,17.4,17.8,17.8,19.3,18.3,17.3,17.98333333,0.671854812,17.8,20,7,2015
7/21/2015,19.2,17.8,16,21,17.5,17.7,18.28,1.696349021,6.820952381,21,7,2015
7/22/2015,19.2,24.2,21.5,21,22.7,21.8,22.55,1.05,24.2,22,7,2015
7/23/2015,20.3,19.2,19.8,21,20.9,20.7,20.18,0.617737808,19.2,23,7,2015
7/24/2015,20.7,20.2,21,20.8,20.8,20.5,20.66666667,0.256038192,20.2,24,7,2015
7/25/2015,22.1,23.2,21.5,23,21.4,21.8,22.16666667,0.699205899,23.2,25,7,2015
7/26/2015,22,22.2,20.5,24,22.3,21.2,22.03333333,1.081151649,22.2,26,7,2015
7/27/2015,22.5,21,22.3,20.3,22.2,20,21.38333333,0.999027305,21,27,7,2015
7/28/2015,16.6,16.7,16.5,16.8,20.1,16.5,17.2,1.30128142,16.7,28,7,2015
7/29/2015,20.4,19.7,20,19.5,20.1,17.8,19.58333333,0.847381588,19.7,29,7,2015
7/30/2015,18.1,18.5,18.8,19.5,19.8,17.5,18.54,0.765767589,18.5,30,7,2015
7/31/2015,18,18.3,19,19.5,19.2,17.4,18.38,0.658483105,18.3,31,7,2015
8/1/2015,21.7,21.5,20.3,22,20.5,19.1,20.85,0.996242942,21.5,1,8,2015
8/2/2015,17.6,18,17.8,19.5,18.3,16.7,17.98333333,0.839477351,18,2,8,2015
8/3/2015,16.8,18.2,17.8,19.5,17.9,17,17.86666667,0.88254682,18.2,3,8,2015
8/4/2015,19.1,20,17.8,20,16.8,18.1,18.63333333,1.175679473,20,4,8,2015
8/5/2015,20.9,21.2,18.8,22.5,18.6,17.1,19.85,1.833712082,21.2,5,8,2015
8/6/2015,16.7,16.1,16.5,17.5,17.4,15.2,16.56666667,0.782446306,16.1,6,8,2015
8/7/2015,17.7,17.4,17.5,16.8,19.5,16,17.48333333,1.063667659,17.4,7,8,2015
8/8/2015,17.3,17.7,17,18.5,17.9,15.6,17.33333333,0.906764701,17.7,8,8,2015
8/9/2015,17.9,18.6,17.5,19.5,17.9,17.1,18.08333333,0.779779171,18.6,9,8,2015
8/10/2015,19.9,21.7,19,21,20.1,20,20.28333333,0.859101598,21.7,10,8,2015
8/11/2015,23.9,23.6,22.3,25,23.5,23.6,23.65,0.788986692,23.6,11,8,2015
8/12/2015,27.6,25.8,25.8,25.5,26.3,25.3,26.05,0.758836829,25.8,12,8,2015
8/13/2015,26.9,25.7,25.5,26.5,24.3,24.1,25.5,1.032795559,25.7,13,8,2015
8/14/2015,27.7,28.6,26.5,27.8,27.5,26.1,27.36666667,0.835995747,28.6,14,8,2015
8/15/2015,22,20.9,26.5,24.3,24.9,23.3,23.65,1.84909888,20.9,15,8,2015
8/16/2015,14,14.2,15,15,16,13.9,14.68333333,0.735791335,14.2,16,8,2015
8/17/2015,13.5,13.6,14.5,14.5,15.4,15.2,14.45,0.718215381,13.6,17,8,2015
8/18/2015,15.8,14.2,15.5,15,15.8,13.8,15.01666667,0.775492675,14.2,18,8,2015
8/19/2015,13.8,14.7,13.8,16,15.5,15,14.8,0.814452782,14.7,19,8,2015
8/20/2015,18.8,18.8,17.5,18.5,19.1,18.3,18.5,0.513160144,18.8,20,8,2015
8/21/2015,16.5,18.2,16.3,16.8,16.5,15.5,16.63333333,0.807602763,18.2,21,8,2015
8/22/2015,12.4,11.3,12.5,11.8,14.1,12.1,12.36666667,0.87114229,11.3,22,8,2015
8/23/2015,12.1,11.7,12.5,13,13.2,11.1,12.22,0.788416134,11.7,23,8,2015
8/24/2015,12.4,13.2,12.5,13.8,13.1,12.2,12.94,0.578273292,13.2,24,8,2015
8/25/2015,17.2,18.8,14.8,19.3,14.1,15,16.53333333,2.021275725,18.8,25,8,2015
8/26/2015,17.6,17.8,18.5,18.8,20,17.2,18.31666667,0.924511883,17.8,26,8,2015
8/27/2015,19.8,19.9,18.8,19,19,18.4,19.15,0.534633831,19.9,27,8,2015
8/28/2015,21.4,20.8,22.5,21,21.9,19.9,21.25,0.826135582,20.8,28,8,2015
8/29/2015,21.4,22.6,20,23.5,21.9,22.1,21.91666667,1.076129897,22.6,29,8,2015
8/30/2015,21.5,22.3,22.8,21.3,24.2,21.6,22.28333333,0.999027305,22.3,30,8,2015
8/31/2015,18.6,18.6,18.8,18.8,19.1,17.8,18.61666667,0.40173236,18.6,31,8,2015
9/1/2015,19.8,19.3,18,22,20,19.8,19.81666667,1.180983583,19.3,1,9,2015
9/2/2015,22.6,22.4,21.5,21.5,23.1,21.2,22.05,0.689806736,22.4,2,9,2015
9/3/2015,21.5,21.4,22,20.3,25.9,21.2,22.05,1.795132307,21.4,3,9,2015
9/4/2015,17.2,16.3,16,17.3,18.3,14.8,16.65,1.11168041,16.3,4,9,2015
9/5/2015,13.9,13.8,13.5,12,15,12.5,13.45,0.977667292,13.8,5,9,2015
9/6/2015,13.7,12.9,16.3,13.3,15.7,14.2,14.35,1.24331546,12.9,6,9,2015
9/7/2015,12.1,10.9,12.5,11.8,13.1,10.2,11.76666667,0.96896279,10.9,7,9,2015
9/8/2015,12.9,12.9,12.3,13,12.3,11.4,12.46666667,0.555777733,12.9,8,9,2015
9/9/2015,12.1,11,11.3,11.8,11.1,9.2,11.08333333,0.926312882,11,9,9,2015
9/10/2015,9.6,10.2,9,11,9.2,8.8,9.633333333,0.760847481,10.2,10,9,2015
9/11/2015,13.5,13,10.8,14,11.6,12.4,12.55,1.095064686,13,11,9,2015
9/12/2015,17.8,18.2,16,20.3,17.8,18.2,18.05,1.25399362,18.2,12,9,2015
9/13/2015,17.4,15.7,17.3,17,19.8,16.3,17.25,1.284198842,15.7,13,9,2015
9/14/2015,14,13.8,12.8,13.5,12.8,11.3,13.03333333,0.899382504,13.8,14,9,2015
9/15/2015,13.1,11.7,11.3,10.8,12.6,10.7,11.7,0.888819442,11.7,15,9,2015
9/16/2015,11.8,9.7,14,11,14.1,12,12.1,1.564182428,9.7,16,9,2015
9/17/2015,10.6,9.9,12.3,13,10.8,11.3,11.31666667,1.047881461,9.9,17,9,2015
9/18/2015,11.8,10.8,9.8,11,11.2,10.8,10.9,0.597215762,10.8,18,9,2015
9/19/2015,14.5,13.7,14,14.8,14.4,12.4,13.96666667,0.784573486,13.7,19,9,2015
9/20/2015,16.6,15.3,14.5,16.8,15.8,15.1,15.68333333,0.815304987,15.3,20,9,2015
9/21/2015,8,9.7,14.3,15,15,13.2,12.53333333,2.717637863,9.7,21,9,2015
9/22/2015,6.5,6.3,7,15,9.5,7.3,7.32,1.146123903,6.3,22,9,2015
9/23/2015,11.3,12.3,10.8,13,11.4,9.6,11.4,1.078579312,12.3,23,9,2015
9/24/2015,13.6,14.3,13,14.8,13.5,13.1,13.71666667,0.641396047,14.3,24,9,2015
9/25/2015,18.9,21.8,18,21.3,16.5,18.9,19.23333333,1.829085989,21.8,25,9,2015
9/26/2015,20.7,20.4,20,23,21.9,21.5,21.25,1.011187421,20.4,26,9,2015
9/27/2015,12.9,11.7,15.3,12.5,14.3,11.8,13.08333333,1.312017107,11.7,27,9,2015
9/28/2015,7.7,6.9,7.5,7.5,7.9,6.1,7.266666667,0.604611905,6.9,28,9,2015
9/29/2015,10.7,10.1,8.8,10.5,8.4,8.6,9.516666667,0.940596737,10.1,29,9,2015
9/30/2015,15.3,14.4,13,15.3,16,13.9,14.65,1.00124922,14.4,30,9,2015
10/1/2015,15.3,14.4,13.3,12.5,14.9,12.7,13.35,0.942072184,-1.726190476,1,10,2015
10/2/2015,10.9,11.7,11,12.5,13.5,10.8,11.73333333,0.984321537,11.7,2,10,2015
10/3/2015,9,8.5,8.8,8,10.8,10.2,9.216666667,0.973681445,8.5,3,10,2015
10/4/2015,9.6,7.9,8.8,8.5,9.2,8.1,8.683333333,0.592780641,7.9,4,10,2015
10/5/2015,6.1,5,7.3,5.8,8.8,5,6.333333333,1.348661888,5,5,10,2015
10/6/2015,6.6,5.5,6.8,7,7.6,5.8,6.55,0.71121961,5.5,6,10,2015
10/7/2015,11.3,11,9,10,7.2,7.2,9.283333333,1.647641412,11,7,10,2015
10/8/2015,9.4,8.6,11.5,9.5,9,9.4,9.566666667,0.91772666,8.6,8,10,2015
10/9/2015,12.2,12.3,10.3,13.5,9.1,11,11.4,1.444529912,12.3,9,10,2015
10/10/2015,19.2,18.1,19,19.3,17.8,16.6,18.33333333,0.955103252,18.1,10,10,2015
10/11/2015,13.1,12.6,12.3,14.3,15.7,12.5,13.41666667,1.214381415,12.6,11,10,2015
10/12/2015,8.2,7.6,12.3,8,7.7,6.2,7.54,0.703135833,7.6,12,10,2015
10/13/2015,9.1,7.8,8,9.8,8.2,8.9,8.633333333,0.699205899,7.8,13,10,2015
10/14/2015,9.1,7.7,8.8,9,10.1,7.8,8.75,0.818026079,7.7,14,10,2015
10/15/2015,4.5,4.8,8.8,6.5,4.7,4.9,5.08,0.722218803,4.8,15,10,2015
10/16/2015,5.2,5.5,8.8,7.5,4.5,4.6,5.46,1.08554134,5.5,16,10,2015
10/17/2015,6,6.4,4.5,5.8,3.6,5.6,5.316666667,0.963356401,6.4,17,10,2015
10/18/2015,9.9,11.7,9.5,11.5,11.1,10.4,10.68333333,0.813258193,11.7,18,10,2015
10/19/2015,8.7,8.1,10,9.8,9.8,9.5,9.316666667,0.686577664,8.1,19,10,2015
10/20/2015,7.5,7,8.3,7.3,10.6,6.1,7.8,1.411854572,7,20,10,2015
10/21/2015,7.7,7.6,7,8.8,7.2,6.5,7.466666667,0.715697018,7.6,21,10,2015
10/22/2015,10.1,10.8,7.5,10,7.4,10.2,9.333333333,1.356056374,10.8,22,10,2015
10/23/2015,6.6,6.5,10,9,7.2,7.1,7.733333333,1.305969202,6.5,23,10,2015
10/24/2015,6.2,4.3,3.8,6.5,5.6,4.6,5.166666667,0.997775303,4.3,24,10,2015
10/25/2015,3.4,3.9,2.8,5.3,1.5,4,3.483333333,1.165356407,3.9,25,10,2015
10/26/2015,2.8,1.9,3,3,3.1,3.9,2.95,0.585234996,1.9,26,10,2015
10/27/2015,3.4,1.9,3,3.8,4,2.8,3.5,0.458257569,9.601904762,27,10,2015
10/28/2015,0.8,0.8,3,0.5,1,-1.1,0.4,0.766811581,0.8,28,10,2015
10/29/2015,-1.2,-0.1,3,1.5,-0.5,-0.7,-0.2,0.920869155,-0.1,29,10,2015
10/30/2015,5.8,6.7,3,7,5.8,5.5,6.16,0.581721583,6.7,30,10,2015
10/31/2015,4.9,5.2,3,8,4.8,4.4,5.46,1.295530779,5.2,31,10,2015
11/1/2015,6,4.5,3,5.3,7,4.4,5.44,0.972830921,4.5,1,11,2015
11/2/2015,1.7,0.8,3,1.5,4.4,2.9,2.26,1.265859392,0.8,2,11,2015
11/3/2015,3.1,2.8,3,3.5,3,2,2.88,0.495580468,2.8,3,11,2015
11/4/2015,1.5,1.4,3,2.5,2.6,0.3,1.66,0.840476056,1.4,4,11,2015
11/5/2015,1.4,1.5,3,2.5,1.8,0.4,1.52,0.67941151,1.5,5,11,2015
11/6/2015,-0.3,-1.1,3,2,-1.1,-0.5,-0.2,1.145425685,-1.1,6,11,2015
11/7/2015,2.3,2,3,3,2.2,0.7,2.04,0.74993333,2,7,11,2015
11/8/2015,6.7,6.5,3,8.3,6.2,7.1,6.96,0.731026675,6.5,8,11,2015
11/9/2015,3.3,1.9,3,1,5.1,4.8,3.22,1.594239631,1.9,9,11,2015
11/10/2015,0.9,0.6,3,0.8,1.6,0,0.78,0.515363949,0.6,10,11,2015
11/11/2015,-0.3,0.8,3,2,0.8,-0.8,0.5,0.975704873,0.8,11,11,2015
11/12/2015,-0.3,-1.6,3,-0.3,0.3,-0.6,-0.5,0.62289646,-1.6,12,11,2015
11/13/2015,1.8,1.5,3,1.3,0.4,0.2,1.04,0.628012739,1.5,13,11,2015
11/14/2015,5.8,4.6,6,5.5,5.5,4.3,5.283333333,0.620259802,4.6,14,11,2015
11/15/2015,5,5.6,5,5,6,4.5,5.183333333,0.484481395,5.6,15,11,2015
11/16/2015,2.3,0.8,2.8,0,4.6,2.6,2.183333333,1.476952568,0.8,16,11,2015
11/17/2015,-1.5,-1.2,-1,2.5,0.4,-1.5,-0.383333333,1.441546238,-1.2,17,11,2015
11/18/2015,-1.6,-1.5,-3.3,-2,0.4,-2.5,-2.18,0.661513416,-1.5,18,11,2015
11/19/2015,-7,-7.6,-6.8,-7,-8.2,-10.4,-7.833333333,1.240519604,-7.6,19,11,2015
11/20/2015,-9,-9.7,-9.3,-8.5,-9,-11.3,-9.466666667,0.89566859,-9.7,20,11,2015
11/21/2015,-7.7,-6.3,-7.5,-5,-6.9,-8.4,-6.966666667,1.094937847,-6.3,21,11,2015
11/22/2015,2,2.7,-1.5,0.8,-0.6,-1.3,0.35,1.607015868,2.7,22,11,2015
11/23/2015,-2.6,-3.3,-2,-2,-0.1,-1.9,-1.983333333,0.971968221,-3.3,23,11,2015
11/24/2015,-1.5,-0.7,-2.5,-1.5,0,-1.6,-1.3,0.781024968,-0.7,24,11,2015
11/25/2015,-8,-7.8,-7.8,-9,-9.6,-9.3,-8.583333333,0.740307744,-7.8,25,11,2015
11/26/2015,-14.3,-15.3,-14,-5.5,-9.6,-13.3,-12.48,3.548746257,-15.3,26,11,2015
11/27/2015,-10.7,-10,-10.3,-9.8,-9.7,-9.2,-9.95,0.471699057,-10,27,11,2015
11/28/2015,-7.1,-7.1,-6,-7,-6.4,-6.5,-6.683333333,0.413991412,-7.1,28,11,2015
11/29/2015,-8.5,-6.7,-8,-5.5,-7.9,-4.4,-6.833333333,1.47158267,-6.7,29,11,2015
11/30/2015,-8.3,-6.8,-7.8,-6.3,-8.2,-5.1,-7.083333333,1.145158892,-6.8,30,11,2015
12/1/2015,-6.2,-6.7,-5.5,-5.5,-5.3,-3.6,-5.466666667,0.96378882,-6.7,1,12,2015
12/2/2015,-5.1,-4.7,-4.3,-2,-4.8,-3.2,-4.016666667,1.085382677,-4.7,2,12,2015
12/3/2015,-1.1,0.4,0.8,2.3,1.4,0.4,0.7,1.039230485,0.4,3,12,2015
12/4/2015,2.1,2.2,0.5,1.3,3.9,4.2,2.366666667,1.318669363,2.2,4,12,2015
12/5/2015,0.7,-0.1,1.8,1,1.5,0.5,0.9,0.629814788,-0.1,5,12,2015
12/6/2015,0.9,0.4,-1,1,1.8,0,0.516666667,0.876387788,0.4,6,12,2015
12/7/2015,3.9,5.5,3.3,6.5,3.2,2.8,4.2,1.34412301,5.5,7,12,2015
12/8/2015,2.6,2.8,1,2.8,1.7,1.1,2,0.768114575,2.8,8,12,2015
12/9/2015,6.5,4.4,3.8,3.5,4.7,4,4.483333333,0.98220274,4.4,9,12,2015
12/10/2015,-0.2,-0.6,3.8,-1.5,-1.9,-4.1,-1.66,1.363231455,-0.6,10,12,2015
12/11/2015,-5.7,-5.2,3.8,-4,-5.3,-6.7,-5.38,0.870402206,-5.2,11,12,2015
12/12/2015,-5.3,-5.4,-5,-5,-8.7,-6.3,-5.95,1.304798835,-5.4,12,12,2015
12/13/2015,-1.4,-2,-3,-2,-4.6,-2.1,-2.516666667,1.043099015,-2,13,12,2015
12/14/2015,-5.3,-4.4,-7.8,-3.8,-6.8,-7.7,-5.966666667,1.562761089,-4.4,14,12,2015
12/15/2015,-4.3,-4,-6,-4.5,-6.2,-5.6,-5.1,0.86409876,-4,15,12,2015
12/16/2015,-6.6,-7,-5.5,-5.9,-5.1,-6.1,-6.033333333,0.636832439,-7,16,12,2015
12/17/2015,-11.3,-12.1,-11.5,-12,-9.2,-13.1,-11.53333333,1.18977122,-12.1,17,12,2015
12/18/2015,-15.5,-15.4,-14,-13.3,-15.2,-15.4,-14.8,0.842614977,-15.4,18,12,2015
12/19/2015,-10.3,-10.1,-14.5,-11,-13.4,-13.9,-12.2,1.78325545,-10.1,19,12,2015
12/20/2015,-8.8,-9.6,-8.5,-8.8,-9.8,-7.2,-8.783333333,0.845412457,-9.6,20,12,2015
12/21/2015,-4.4,-8.9,-5.8,-5.3,-8.7,-6.9,-6.666666667,1.679947089,-8.9,21,12,2015
12/22/2015,-7,-9.9,-5.8,-8,-9.4,-9.5,-8.76,1.089219904,-9.9,22,12,2015
12/23/2015,-9.9,-9.7,-5.8,-9.5,-9.2,-10.9,-9.84,0.578273292,-9.7,23,12,2015
12/24/2015,-8.5,-8.6,-5.8,-8.5,-10.8,-11.5,-9.58,1.301383879,-8.6,24,12,2015
12/25/2015,-18.4,-20.3,-5.8,-23,-17,-21.5,-20.04,2.139719608,-20.3,25,12,2015
12/26/2015,-22.2,-24,-5.8,-22.8,-23.5,-21.7,-22.84,0.835703297,-24,26,12,2015
12/27/2015,-19,-21.1,-22.3,-18.5,-20.1,-17.8,-19.8,1.547040185,-21.1,27,12,2015
12/28/2015,-15.1,-15.8,-15.3,-11.5,-16.4,-12,-14.35,1.889223827,-15.8,28,12,2015
12/29/2015,-16.9,-17.1,-17.5,-15.8,-18,-16.5,-16.96666667,0.701585506,-17.1,29,12,2015
12/30/2015,-15,-14.7,-13,-12.8,-13,-13.9,-13.73333333,0.867307455,-14.7,30,12,2015
12/31/2015,-10.4,-10.1,-10.8,-9.5,-10.3,-10.6,-10.28333333,0.413991412,-10.1,31,12,2015
1/1/2016,-5.9,-5.6,-6.3,-4,-6.5,-5.7,-5.666666667,0.809663853,-5.6,1,1,2016
1/2/2016,-9.4,-10,-6.5,-5.5,-7.7,-6.1,-7.533333333,1.675974012,-10,2,1,2016
1/3/2016,-11.2,-12.8,-10,-10.8,-11.8,-9,-10.93333333,1.220200348,-12.8,3,1,2016
1/4/2016,-7.8,-8.6,-10,-8.8,-8.2,-5.9,-7.86,1.038460399,-8.6,4,1,2016
1/5/2016,-12.1,-12.5,-10,-10.8,-11.7,-10.9,-11.6,0.663324958,-12.5,5,1,2016
1/6/2016,-6.6,-6.6,-8,-7,-7.5,-6.6,-7.05,0.534633831,-6.6,6,1,2016
1/7/2016,-7.8,-9.3,-8.5,-5.8,-7.5,-7.9,-7.86,1.160344776,-9.3,7,1,2016
1/8/2016,-16,-16.9,-15.8,-17,-13.5,-17.8,-16.16666667,1.364632633,-16.9,8,1,2016
1/9/2016,-22.7,-23.4,-20.8,-20,-22,-22,-21.81666667,1.131984491,-23.4,9,1,2016
1/10/2016,-20.8,-22.3,-22.5,-19.8,-22.6,-22.6,-21.76666667,1.081151649,-22.3,10,1,2016
1/11/2016,-17.2,-18.3,-17,-14.3,-19.2,-18.7,-17.45,1.609088769,-18.3,11,1,2016
1/12/2016,-16.4,-15.8,-16.5,-14.3,-19.4,-16.2,-16.43333333,1.517307557,-15.8,12,1,2016
1/13/2016,-8.4,-10.9,-12.5,-9.8,-11.1,-11.2,-10.65,1.276388133,-10.9,13,1,2016
1/14/2016,-9.9,-9.4,-11,-8.5,-13.3,-12.7,-10.8,1.730125236,-9.4,14,1,2016
1/15/2016,-16.3,-18.8,-17.3,-21,-20.6,-20.7,-19.11666667,1.806854234,-18.8,15,1,2016
1/16/2016,-28.1,-29.5,-27,-28,-27.3,-26.8,-27.78333333,0.904464237,-29.5,16,1,2016
1/17/2016,-23.1,-25,-23.5,-23.5,-20.5,-20.9,-22.75,1.570297212,-25,17,1,2016
1/18/2016,-21.2,-21.1,-20.3,-18,-19.1,-16.7,-19.4,1.64721988,-21.1,18,1,2016
1/19/2016,-9.8,-9.3,-11.5,-9.3,-11.5,-11.2,-10.43333333,0.986013297,-9.3,19,1,2016
1/20/2016,-9.5,-10.1,-7.3,-9.3,-8.7,-10.1,-9.166666667,0.96378882,-10.1,20,1,2016
1/21/2016,-15.2,-15.4,-12.3,-11.5,-16.5,-13.7,-14.1,1.771063711,-15.4,21,1,2016
1/22/2016,-7.9,-7.3,-11,-6.8,-11.7,-8.7,-8.9,1.83757086,-7.3,22,1,2016
1/23/2016,-1.6,-1.8,-2.8,-2,-0.5,-2.1,-1.8,0.690410506,-1.8,23,1,2016
1/24/2016,-5.5,-6,-5.5,-5.5,-5.3,-6.2,-5.666666667,0.319722102,-6,24,1,2016
1/25/2016,-5.7,-6.1,-4.8,-5.5,-4,-5.7,-5.26,0.760526134,-6.1,25,1,2016
1/26/2016,-6.3,-7.4,-2.3,-5.5,-6.5,-3.7,-5.24,1.917915535,-7.4,26,1,2016
1/27/2016,-0.1,-0.1,-3,-5.5,-1.7,-2.8,-1.54,1.256343902,-0.1,27,1,2016
1/28/2016,-3.5,-4.2,-3.8,-5.5,-1.7,-3.7,-3.8,0.254950976,-4.2,28,1,2016
1/29/2016,1.8,2.2,0.3,-5.5,1.9,2.1,1.66,0.694550214,2.2,29,1,2016
1/30/2016,-1.9,-2.1,-1.8,0,-0.1,-3.3,-1.533333333,1.158543146,-2.1,30,1,2016
1/31/2016,-5.4,-5.7,-5.8,-3,-3.2,-7.5,-5.1,1.566312017,-5.7,31,1,2016
2/1/2016,-7.1,-7.4,-7.3,-5.5,-5.2,-6.5,-6.5,0.866025404,-7.4,1,2,2016
2/2/2016,-8.2,-8.9,-8,-7.8,-9.8,-11,-8.95,1.133945913,-8.9,2,2,2016
2/3/2016,-7.1,-7.5,-9.5,-4.8,-8.3,-9.3,-7.75,1.57876534,-7.5,3,2,2016
2/4/2016,-5.7,-8.4,-6,-8.3,-7.4,-7.9,-7.283333333,1.066796867,-8.4,4,2,2016
2/5/2016,-5,-5.8,-4.8,-4.5,-6.5,-6.9,-5.583333333,0.88960041,-5.8,5,2,2016
2/6/2016,1.4,0.5,-0.8,0.5,1.9,-0.6,0.483333333,0.971968221,0.5,6,2,2016
2/7/2016,-2.2,-2.4,-4.5,-1,-1.6,-6.5,-3.033333333,1.890913947,-2.4,7,2,2016
2/8/2016,-5.1,-5.2,-6.5,-3.5,-7.1,-7.5,-5.816666667,1.366768289,-5.2,8,2,2016
2/9/2016,-3.3,-3.9,-4.5,-3,-6.1,-4.5,-4.216666667,1.010637862,-3.9,9,2,2016
2/10/2016,-8,-6.7,-11.8,-5,-12.5,-11.3,-9.216666667,2.810347942,-6.7,10,2,2016
2/11/2016,-9.1,-9.7,-10.8,-8,-15.5,-11.7,-10.8,2.40970261,-9.7,11,2,2016
2/12/2016,-15.4,-16,-19.8,-15,-22.2,-20,-18.06666667,2.726821511,-16,12,2,2016
2/13/2016,-11.2,-9.5,-12.5,-7.8,-16,-13.1,-11.68333333,2.626414963,-9.5,13,2,2016
2/14/2016,-3.2,-1.5,-5,-7.8,-5.4,-4.7,-3.96,1.437497826,-1.5,14,2,2016
2/15/2016,-4.2,-3.9,-4.3,-2.8,-6.5,-4.3,-4.333333333,1.099494833,-3.9,15,2,2016
2/16/2016,-4.4,-3.9,-7,-1.3,-10,-6.1,-5.45,2.715848548,-3.9,16,2,2016
2/17/2016,-2,-3.3,-4.5,-1.8,-4.1,-6.1,-3.14,1.08554134,-3.3,17,2,2016
2/18/2016,-0.7,-0.6,0.3,3,-0.4,-0.5,0.183333333,1.300534078,-0.6,18,2,2016
2/19/2016,3,1.6,2.8,3,2.6,1,2.333333333,0.763034876,1.6,19,2,2016
2/20/2016,-3,-5.1,-4,3,-5.1,-8.9,-5.22,1.99939991,-5.1,20,2,2016
2/21/2016,-4.4,-4.1,-5.3,3,-6.2,-6.2,-5.24,0.87772433,-4.1,21,2,2016
2/22/2016,0.1,-1.4,-5.3,0,1.8,0.3,0.16,1.017054571,-1.4,22,2,2016
2/23/2016,-0.7,-1,-1.3,0.3,-0.4,-4.4,-1.25,1.495270321,-1,23,2,2016
2/24/2016,-3.5,-3.4,-2.8,-0.8,-4,-4.2,-3.116666667,1.12903597,-3.4,24,2,2016
2/25/2016,-4.4,-4,-3.3,-3.3,-4.2,-6.9,-4.35,1.21483881,-4,25,2,2016
2/26/2016,3.4,4.6,2.8,5.3,1.5,0,2.933333333,1.792267341,4.6,26,2,2016
2/27/2016,1.8,2.7,1.3,3.8,-2.8,-0.1,1.116666667,2.12243309,2.7,27,2,2016
2/28/2016,-1.1,-1.9,-1,3.8,-4.3,-3.5,-1.333333333,2.592724864,-1.9,28,2,2016
2/29/2016,-13.4,-13.3,-12.8,-11.8,-15.6,-16.7,-13.93333333,1.680938891,-13.3,29,2,2016
3/1/2016,-8.5,-8.2,-11,-7,-10.6,-11.3,-9.433333333,1.613140484,-8.2,1,3,2016
3/2/2016,-3.8,-4.1,-5.3,-3.3,-3.6,-4.9,-4.166666667,0.7110243,-4.1,2,3,2016
3/3/2016,-1,-1.2,-2.3,-0.5,-3,-3.8,-1.966666667,1.169995252,-1.2,3,3,2016
3/4/2016,-2.8,-2.7,0.3,-0.5,-1.9,-1.6,-1.74,1.11821286,-2.7,4,3,2016
3/5/2016,4.5,5.3,3.3,-0.5,2.9,0.5,3.3,1.639512123,5.3,5,3,2016
3/6/2016,7.6,7.2,3.3,8.3,6.8,5.1,7,1.071447619,7.2,6,3,2016
3/7/2016,4,3.8,3.3,3.8,3.5,2.2,3.46,0.649923072,3.8,7,3,2016
3/8/2016,-1.9,-1.5,3.3,-0.3,-0.4,-4.2,-1.66,1.412232276,-1.5,8,3,2016
3/9/2016,0.3,-0.8,0.3,0,1.9,-1.6,0.016666667,1.079222972,-0.8,9,3,2016
3/10/2016,5.1,5.4,5.8,5.3,4.8,3.6,5,0.695221787,5.4,10,3,2016
3/11/2016,9.2,7.6,8.8,8,7.5,8.3,8.233333333,0.612825877,7.6,11,3,2016
3/12/2016,8,7.9,7,8,6.2,6.9,7.333333333,0.682316316,7.9,12,3,2016
3/13/2016,7.7,6,7,7.5,9.3,7.8,7.66,1.048045801,6,13,3,2016
3/14/2016,6.3,4.7,7.8,6.3,9,6.4,6.75,1.347528602,4.7,14,3,2016
3/15/2016,-0.2,0.5,0.3,0,2.9,0.5,0.666666667,1.030641656,0.5,15,3,2016
3/16/2016,-1.7,-2.3,0.8,0.5,1,-1,-0.45,1.281600562,-2.3,16,3,2016
3/17/2016,-4.2,-5,-4.5,-4.5,-2.4,-5.3,-4.316666667,0.929904416,-5,17,3,2016
3/18/2016,-4.1,-4.2,-3.3,-3.5,-0.8,-5.3,-3.533333333,1.379210724,-4.2,18,3,2016
3/19/2016,-4.5,-3.8,-4,-3,-3.1,-4.4,-3.8,0.58022984,-3.8,19,3,2016
3/20/2016,-0.1,0.6,-2,0.8,-1.7,-1.4,-0.633333333,1.114550233,0.6,20,3,2016
3/21/2016,0.5,2.1,0.8,1.5,1.5,-0.1,1.05,0.729725976,2.1,21,3,2016
3/22/2016,-3.1,-3.7,-6,-3.3,-6.5,-5.8,-4.733333333,1.393636331,-3.7,22,3,2016
3/23/2016,-2.3,-5.4,-5.3,-3.3,-9.3,-9.8,-5.9,2.801785145,-5.4,23,3,2016
3/24/2016,3.1,2.6,1,2.3,3,0,2,1.12989675,2.6,24,3,2016
3/25/2016,-3.8,-3.8,-4.5,4,-2.9,-5,-2.666666667,3.051593391,-3.8,25,3,2016
3/26/2016,0.6,1.1,-0.8,2,-0.5,-0.5,0.316666667,1.008987391,1.1,26,3,2016
3/27/2016,2.6,1.6,2.8,3.5,2.1,1,2.266666667,0.815815883,1.6,27,3,2016
3/28/2016,2.9,3.6,1.8,4,2.2,1.3,2.633333333,0.960324019,3.6,28,3,2016
3/29/2016,4.6,5.9,4,6.5,4.3,5,5.05,0.884590301,5.9,29,3,2016
3/30/2016,2.7,2,4,3.5,4.7,3.8,3.34,0.926498786,2,30,3,2016
3/31/2016,0,-1.1,4,0.5,1,-0.5,-0.02,0.73593478,-1.1,31,3,2016
4/1/2016,0.7,0.8,0.3,2,-0.2,-0.8,0.466666667,0.874960317,0.8,1,4,2016
4/2/2016,7.9,7.7,5.8,9.3,1.2,7,6.483333333,2.584193405,7.7,2,4,2016
4/3/2016,2.5,3.7,1,3,-3.4,-3.5,0.55,2.942079763,3.7,3,4,2016
4/4/2016,2.4,2.1,1.3,3.5,0.3,0.5,1.683333333,1.114176328,2.1,4,4,2016
4/5/2016,2.4,3.3,6.5,5,6.1,2.8,4.74,1.473227749,3.3,5,4,2016
4/6/2016,2.4,3.5,4,5,2.8,2,3.46,1.022936948,3.5,6,4,2016
4/7/2016,1.2,0.8,2.8,3.8,0.2,0.5,1.55,1.306075547,0.8,7,4,2016
4/8/2016,-1.2,-0.2,-1.3,0,-3.5,-2.5,-1.45,1.228481447,-0.2,8,4,2016
4/9/2016,8.7,7.6,-1.3,8.8,5.8,5,7.18,1.534144713,7.6,9,4,2016
4/10/2016,-3.4,-3.7,-2.3,-1,-2.1,-4,-2.75,1.046820583,-3.7,10,4,2016
4/11/2016,-3.5,-3.8,-3,-3,-2.5,-3.3,-3.183333333,0.413991412,-3.8,11,4,2016
4/12/2016,7.9,9.1,5.5,10,4.1,7.3,7.316666667,2.015288785,9.1,12,4,2016
4/13/2016,10.2,11.5,9,10.8,9.9,11.5,10.48333333,0.893339552,11.5,13,4,2016
4/14/2016,10.2,9,10.5,11,11.8,9.3,10.3,0.955684746,9,14,4,2016
4/15/2016,4.8,4.7,3,4,5,2.3,3.966666667,1.001110495,4.7,15,4,2016
4/16/2016,2.5,3.7,1.8,5.5,0.6,1.3,2.566666667,1.630609974,3.7,16,4,2016
4/17/2016,6.8,5.3,5.5,6,2.3,4.8,5.116666667,1.404061569,5.3,17,4,2016
4/18/2016,7.7,7.7,7.8,8.5,8.8,7.8,8.05,0.434932945,7.7,18,4,2016
4/19/2016,9,9,7.8,11.5,9,10.5,9.8,1.029563014,9,19,4,2016
4/20/2016,12.5,12.4,12.5,13.5,14.5,13.8,13.2,0.791622806,12.4,20,4,2016
4/21/2016,4.7,4.3,4.8,6.5,4.5,4.8,4.933333333,0.722649446,4.3,21,4,2016
4/22/2016,7.5,8.7,6.5,9.5,5.1,6.5,7.3,1.469693846,8.7,22,4,2016
4/23/2016,6.7,8.2,6.3,9.3,7,5.5,7.166666667,1.251221625,8.2,23,4,2016
4/24/2016,4.5,5.4,6.3,5.5,6.4,4.8,5.32,0.655438784,5.4,24,4,2016
4/25/2016,7.3,6.9,6.3,8,6.5,4.8,6.7,1.071447619,6.9,25,4,2016
4/26/2016,4.4,6,6.3,7,5.8,5.3,5.7,0.85322916,6,26,4,2016
4/27/2016,9.2,9.5,6.3,10.5,8.5,9.3,9.4,0.64498062,9.5,27,4,2016
4/28/2016,7.3,7.6,7.3,8.5,6,7.5,7.366666667,0.734090518,7.6,28,4,2016
4/29/2016,7.7,8.4,6.5,7.5,5.9,7.5,7.25,0.820060973,8.4,29,4,2016
4/30/2016,7.7,9.9,6.5,9.5,7.7,8.5,8.66,0.906862724,9.9,30,4,2016
5/1/2016,9,10.1,8.5,11,8.5,11,9.683333333,1.073027907,10.1,1,5,2016
5/2/2016,13.6,12.3,13.5,16,13.4,14,13.8,1.112055155,12.3,2,5,2016
5/3/2016,14.2,14.3,14.8,16,13.1,14,14.4,0.877496439,14.3,3,5,2016
5/4/2016,17.2,18.2,17.3,19,16,18.3,17.66666667,0.965516557,18.2,4,5,2016
5/5/2016,22.4,20.5,22.8,21,20.5,22,21.53333333,0.912262146,20.5,5,5,2016
5/6/2016,12.3,13,16.3,16.5,12.8,14.8,14.28333333,1.684652948,13,6,5,2016
5/7/2016,11.8,12.3,12.3,13.8,11,13,12.36666667,0.880656321,12.3,7,5,2016
5/8/2016,15.4,15.5,14,16,15.9,16.3,15.51666667,0.742555647,15.5,8,5,2016
5/9/2016,16.3,17.3,16,17.3,17.5,17,16.9,0.556776436,17.3,9,5,2016
5/10/2016,8.9,11.3,10,11,9.8,10.8,10.3,0.820568908,11.3,10,5,2016
5/11/2016,5.7,6.8,5.5,6.5,6.1,5.5,6.016666667,0.49805176,6.8,11,5,2016
5/12/2016,3.4,2.9,3,3.5,4.8,1.5,3.183333333,0.975391659,2.9,12,5,2016
5/13/2016,4.5,4.7,4.8,5.8,4.9,4,4.783333333,0.539804491,4.7,13,5,2016
5/14/2016,8.7,8.8,8.8,10,8.1,9,8.9,0.565685425,8.8,14,5,2016
5/15/2016,9.6,10.4,10.3,13,10.7,10.5,10.75,1.062622542,10.4,15,5,2016
5/16/2016,11,11.4,9.8,13.5,10.9,12.3,11.48333333,1.165356407,11.4,16,5,2016
5/17/2016,13.8,13.7,9.8,14,12.3,14.5,13.66,0.733757453,13.7,17,5,2016
5/18/2016,17.7,17.5,15.5,17.5,16.3,17,16.91666667,0.784042232,17.5,18,5,2016
5/19/2016,17.2,18.4,16.5,19.5,19.5,17.8,18.15,1.11467484,18.4,19,5,2016
5/20/2016,18.2,18.9,18.3,18.5,19.1,17.5,18.41666667,0.517740819,18.9,20,5,2016
5/21/2016,17,18.6,17.8,19.5,18.5,16.3,17.95,1.062622542,18.6,21,5,2016
5/22/2016,19.7,17.8,20.5,19,19.4,20,19.4,0.854400375,17.8,22,5,2016
5/23/2016,13.5,10.8,14.5,11.3,16.9,11.5,13.08333333,2.146638199,10.8,23,5,2016
5/24/2016,13.3,11.6,11.5,12.3,14.3,12,12.5,0.998331942,11.6,24,5,2016
5/25/2016,9.8,9,9.5,8,10.9,13,10.03333333,1.5860503,9,25,5,2016
5/26/2016,11.5,12,12.8,13.3,14,13.5,12.85,0.865544145,12,26,5,2016
5/27/2016,13.7,13.8,14.3,15.5,15.2,15.5,14.66666667,0.763034876,13.8,27,5,2016
5/28/2016,13.3,13.2,13,14,14.2,11.8,13.25,0.778352962,13.2,28,5,2016
5/29/2016,14.2,14.4,13,14.5,17.1,15,15.04,1.063202709,14.4,29,5,2016
5/30/2016,14.2,13.9,14.3,14.5,16.7,15.3,14.81666667,0.945897575,13.9,30,5,2016
5/31/2016,9.8,9.1,10.5,12.3,11.2,9.8,10.45,1.053169819,9.1,31,5,2016
6/1/2016,11.8,11.3,12.8,12.3,13.1,12,12.21666667,0.603922364,11.3,1,6,2016
6/2/2016,15.9,16.4,15.5,17.5,15.3,15.8,16.06666667,0.727247474,16.4,2,6,2016
6/3/2016,17.1,16.8,15.5,17.5,18.4,16.3,17.22,0.708237248,16.8,3,6,2016
6/4/2016,18.1,17.5,18,18.5,19,18,18.18333333,0.466964191,17.5,4,6,2016
6/5/2016,17.5,17.3,17,18.5,18.7,17,17.66666667,0.684754619,17.3,5,6,2016
6/6/2016,13.5,13.7,14.3,15.5,14.9,13.8,14.28333333,0.712780159,13.7,6,6,2016
6/7/2016,16.3,17.7,14.5,18.5,15.6,15.3,16.31666667,1.386141728,17.7,7,6,2016
6/8/2016,21.7,23.4,20,23.5,20.6,22,21.86666667,1.30085442,23.4,8,6,2016
6/9/2016,21.7,23,23,23.8,24.1,23.8,23.54,0.454312668,23,9,6,2016
6/10/2016,21.4,20.5,21.8,20.5,21.5,20,20.95,0.65,20.5,10,6,2016
6/11/2016,16.4,16.1,15.3,16.8,15.7,14.3,15.76666667,0.811719711,16.1,11,6,2016
6/12/2016,17.7,17,17.3,17.8,17.7,16.3,17.3,0.525991128,17,12,6,2016
6/13/2016,18,17.9,17.3,17.5,17.8,17.8,17.8,0.167332005,17.9,13,6,2016
6/14/2016,18.9,18.8,18,19.8,16.7,18.5,18.45,0.95,18.8,14,6,2016
6/15/2016,17.5,15.9,18,15.5,18.6,17,17.08333333,1.097598388,15.9,15,6,2016
6/16/2016,20.8,20.4,20.5,19.3,22,18,20.16666667,1.249888884,20.4,16,6,2016
6/17/2016,18.1,16.6,18.5,17,19.2,16.5,17.65,1.01447852,16.6,17,6,2016
6/18/2016,18.6,17.9,18.3,18.3,19.9,17,18.33333333,0.865383666,17.9,18,6,2016
6/19/2016,16.8,16,19,15,18.8,15.3,16.81666667,1.579468968,16,19,6,2016
6/20/2016,16.6,16.2,16,18.5,16.9,15.3,16.58333333,0.99233171,16.2,20,6,2016
6/21/2016,17.5,17.3,16.8,16.5,16.3,17,16.9,0.42031734,17.3,21,6,2016
6/22/2016,15.8,16.6,15.5,17.5,15.5,16.8,16.28333333,0.742555647,16.6,22,6,2016
6/23/2016,16.7,17.3,15.3,21,16.6,16.5,17.23333333,1.786679104,17.3,23,6,2016
6/24/2016,19.3,20.2,17.8,21.5,20.4,19,19.7,1.171893055,20.2,24,6,2016
6/25/2016,14.9,15.1,15.8,16.5,17.9,15.8,16,0.996661093,15.1,25,6,2016
6/26/2016,16.9,16.8,15.8,17,16.6,15,16.46,0.74188948,16.8,26,6,2016
6/27/2016,16.1,16.8,15.5,19,16.1,14.5,16.33333333,1.384035966,16.8,27,6,2016
6/28/2016,17.9,16.8,16.5,18.5,17.4,17.8,17.62,0.661513416,12.94761905,28,6,2016
6/29/2016,20.2,19.4,19,21.5,19.5,19.3,19.81666667,0.835497191,19.4,29,6,2016
6/30/2016,15.6,16.4,15.3,19.5,13.9,14.8,15.91666667,1.773336466,16.4,30,6,2016
7/1/2016,15.2,16.3,14,17,14.9,14,15.23333333,1.111555467,16.3,1,7,2016
7/2/2016,19.2,18.9,17.8,21.3,19.3,16.8,18.88333333,1.392140638,18.9,2,7,2016
7/3/2016,21.3,21.9,20,21.5,20.2,19.8,20.78333333,0.811206235,21.9,3,7,2016
7/4/2016,18.3,17.1,19.8,19.5,20.7,18.3,18.95,1.180042372,17.1,4,7,2016
7/5/2016,17.5,16.9,17.5,18.5,18.6,17.3,17.71666667,0.622941053,16.9,5,7,2016
7/6/2016,17.1,16,17.3,16.5,17.2,16.5,16.76666667,0.467855628,16,6,7,2016
7/7/2016,16,16.9,15,20.5,16,16.3,16.78333333,1.754438815,16.9,7,7,2016
7/8/2016,18.2,18,15.3,18,16,17,17.3,1.084435337,18,8,7,2016
7/9/2016,20.6,20.9,19.8,22.5,19.9,19.3,20.5,1.037625494,20.9,9,7,2016
7/10/2016,20.8,20,21,19.8,22,21.3,20.81666667,0.749258893,20,10,7,2016
7/11/2016,18.5,18.9,20,20,20.6,19.8,19.63333333,0.713364485,18.9,11,7,2016
7/12/2016,16.8,16.5,16.8,20,18.6,15.5,16.84,1.001199281,16.5,12,7,2016
7/13/2016,16.9,17.3,18.3,19,16.9,16.5,17.48333333,0.880183062,17.3,13,7,2016
7/14/2016,16,16,16.8,17.3,18.2,15.5,16.63333333,0.91408728,16,14,7,2016
7/15/2016,16.9,15.9,16,17,17.7,16.8,16.71666667,0.614862225,15.9,15,7,2016
7/16/2016,17.8,17.9,16,18,16.2,17.5,17.23333333,0.817856276,17.9,16,7,2016
7/17/2016,19.3,18.4,19.3,20,18.8,18.5,19.05,0.55,18.4,17,7,2016
7/18/2016,20.6,19.6,18.3,20.8,19,19.5,19.63333333,0.865383666,19.6,18,7,2016
7/19/2016,24.3,24.7,23.3,25,23.8,22.5,23.93333333,0.849836586,24.7,19,7,2016
7/20/2016,24.3,23,26,23.3,25.1,23.3,24.16666667,1.088832198,23,20,7,2016
7/21/2016,22.3,20.8,22,21.5,23.2,20.8,21.76666667,0.849836586,20.8,21,7,2016
7/22/2016,21.2,20.4,19.8,21.5,20.7,20,20.6,0.608276253,20.4,22,7,2016
7/23/2016,20.7,19.9,19.8,21.3,21.8,20.5,20.84,0.656048779,19.9,23,7,2016
7/24/2016,20,19.2,18.8,20.8,19.8,18.3,19.48333333,0.821414769,19.2,24,7,2016
7/25/2016,21.9,21.6,20,21.8,20.4,19.8,20.91666667,0.872576008,21.6,25,7,2016
7/26/2016,20.4,19.3,20,19,20.8,18.5,19.66666667,0.80346472,19.3,26,7,2016
7/27/2016,18.4,18.4,17.5,18.3,18.6,17.3,18.08333333,0.494694069,18.4,27,7,2016
7/28/2016,17.8,18.3,16.5,19,15.8,17,17.4,1.084742673,18.3,28,7,2016
7/29/2016,18.1,18.6,16.5,18.5,17.9,17.8,18.18,0.318747549,18.6,29,7,2016
7/30/2016,20.8,21.1,16.5,22,21.7,20.3,21.18,0.611228272,21.1,30,7,2016
7/31/2016,24.2,24.7,16.5,24.5,23.9,22.5,23.96,0.778716893,24.7,31,7,2016
8/1/2016,21.1,18.8,21.8,19.5,21.5,18.8,20.25,1.255322004,18.8,1,8,2016
8/2/2016,20.5,19.9,19.8,22,20.7,18.3,20.2,1.113552873,19.9,2,8,2016
8/3/2016,22.9,22.1,23.3,22,22.5,21.5,22.38333333,0.595585613,22.1,3,8,2016
8/4/2016,17.9,17.9,17.8,19,17.9,16.3,17.8,0.787400787,17.9,4,8,2016
8/5/2016,18.6,18.7,18,19.8,17.7,17.3,18.35,0.809835374,18.7,5,8,2016
8/6/2016,19.9,19.9,18,20.3,17.3,17.8,18.86666667,1.192569588,19.9,6,8,2016
8/7/2016,23.4,24,21.8,24,21.6,19.8,22.43333333,1.520599297,24,7,8,2016
8/8/2016,22,20.5,23,22,23.4,22.3,22.2,0.918331821,20.5,8,8,2016
8/9/2016,19.1,19.4,18.5,20,18.7,18.3,19,0.577350269,19.4,9,8,2016
8/10/2016,19,18,18.3,16.5,19.6,15,17.73333333,1.553133034,18,10,8,2016
8/11/2016,18.7,18.1,19.8,18,20,17.5,18.68333333,0.929904416,18.1,11,8,2016
8/12/2016,18.2,18.3,17.3,18.3,18.3,17,17.9,0.538516481,18.3,12,8,2016
8/13/2016,18,18.7,18,20,18.8,17.3,18.46666667,0.847873156,18.7,13,8,2016
8/14/2016,19.7,20.4,20,20.5,19.6,19,19.86666667,0.508811251,20.4,14,8,2016
8/15/2016,21.1,20.2,20.3,21,22.3,19.5,20.73333333,0.880656321,20.2,15,8,2016
8/16/2016,20.8,21,20,22.3,20.5,20,20.76666667,0.780313327,21,16,8,2016
8/17/2016,23.3,23.5,22.5,22,22.7,20.8,22.46666667,0.89566859,23.5,17,8,2016
8/18/2016,18,17.7,19,18,19,17.3,18.16666667,0.63420992,17.7,18,8,2016
8/19/2016,14.8,13.6,14.3,14.8,16.5,12.8,14.46666667,1.148428878,13.6,19,8,2016
8/20/2016,14.4,14.7,13.8,16.3,14.3,13.8,14.55,0.846069343,14.7,20,8,2016
8/21/2016,19,20.3,18.5,20.3,18.8,18.3,19.2,0.808290377,20.3,21,8,2016
8/22/2016,24.3,23.8,22,22.8,24,22.3,23.2,0.877496439,23.8,22,8,2016
8/23/2016,17.9,18.3,19,18.5,20.2,17.8,18.61666667,0.811206235,18.3,23,8,2016
8/24/2016,14.9,14.3,15.3,13.8,16.1,13.3,14.61666667,0.935265856,14.3,24,8,2016
8/25/2016,16.5,15.4,16.3,16.3,16.1,14.5,15.85,0.697017456,15.4,25,8,2016
8/26/2016,16.3,16.1,17,17,16.6,15.3,16.38333333,0.587130498,16.1,26,8,2016
8/27/2016,15.5,15.6,15.5,17.5,16.8,14.8,15.95,0.910585892,15.6,27,8,2016
8/28/2016,19.7,18.7,15.5,22,22.2,17.3,19.98,1.892511559,18.7,28,8,2016
8/29/2016,15.1,14.5,14.8,15,16.2,14.3,14.98333333,0.609416843,14.5,29,8,2016
8/30/2016,19.3,19.8,17.5,19.8,16.8,16.8,18.33333333,1.33124837,19.8,30,8,2016
8/31/2016,19.6,20.3,16.8,20.5,17.5,16.8,18.58333333,1.591033906,20.3,31,8,2016
9/1/2016,22.8,24.3,22.8,24.5,21.8,22,23.03333333,1.037089946,24.3,1,9,2016
9/2/2016,23.2,25.3,22.8,26.5,22.5,21.8,23.86,1.764766273,25.3,2,9,2016
9/3/2016,16,15.7,18.5,18,16.6,16.3,16.85,1.037223859,15.7,3,9,2016
9/4/2016,14.3,11.7,13.3,12.5,14,12.3,13.01666667,0.931694991,11.7,4,9,2016
9/5/2016,11,10.8,10.5,11.5,12.4,10.5,11.11666667,0.666874967,10.8,5,9,2016
9/6/2016,13.2,11.6,10.5,11.3,12.9,12,12.2,0.734846923,11.6,6,9,2016
9/7/2016,12.5,13.7,10.5,14.5,12.6,11.5,12.55,1.318774684,13.7,7,9,2016
9/8/2016,13,12.5,12.5,11.8,12.4,12,12.36666667,0.38586123,12.5,8,9,2016
9/9/2016,13.7,14,14.3,14.5,15,13.3,14.13333333,0.549747417,14,9,9,2016
9/10/2016,13.2,13.6,13,14.5,13.1,11.8,13.2,0.802080628,13.6,10,9,2016
9/11/2016,13.9,12.4,13.8,13,16.5,12.8,13.73333333,1.346188034,12.4,11,9,2016
9/12/2016,8,5.6,8.3,7.5,9.8,6.3,7.583333333,1.365548323,5.6,12,9,2016
9/13/2016,5.9,6.7,7.5,8,8.2,8,7.383333333,0.827479439,6.7,13,9,2016
9/14/2016,11.9,11.2,10.3,11.8,10.7,11.5,11.23333333,0.576387216,11.2,14,9,2016
9/15/2016,14.5,15.8,10.3,15.5,14.5,15.3,15.12,0.530659966,15.8,15,9,2016
9/16/2016,14.1,14.2,10.3,14.5,11.5,13.3,13.52,1.085172797,14.2,16,9,2016
9/17/2016,16.4,17.5,10.3,16.5,13.3,15.3,15.8,1.431083506,17.5,17,9,2016
9/18/2016,16.5,16.2,19,16.5,18.4,17.5,17.35,1.05,16.2,18,9,2016
9/19/2016,13.7,13.6,14.3,14.5,14.5,12.8,13.9,0.608276253,13.6,19,9,2016
9/20/2016,11.7,11.6,10.5,12.3,11.8,10.8,11.45,0.613052472,11.6,20,9,2016
9/21/2016,10.8,10.4,10.5,10,11.9,11.3,10.88,0.667532771,10.4,21,9,2016
9/22/2016,12.5,11.7,10.5,11,11,10.3,11.3,0.745654075,11.7,22,9,2016
9/23/2016,10.3,9.9,10.3,9.8,11.5,9.5,10.21666667,0.638792263,9.9,23,9,2016
9/24/2016,12.2,11.1,13.5,11.5,18.1,11.5,12.98333333,2.415516968,11.1,24,9,2016
9/25/2016,10.5,11.1,11.3,11.5,11.7,10.8,11.15,0.407226391,11.1,25,9,2016
9/26/2016,10.2,9.9,9.8,12.5,10.8,9.5,10.45,1.00124922,9.9,26,9,2016
9/27/2016,12.8,13.7,11,15,11,11.8,12.55,1.458023777,13.7,27,9,2016
9/28/2016,13.1,14,11.8,15.8,10.8,13,13.08333333,1.585787572,14,28,9,2016
9/29/2016,14.7,16.8,13.3,18,13.7,14.8,15.21666667,1.666749998,16.8,29,9,2016
9/30/2016,11.7,12,12,13.8,14,14.3,12.96666667,1.081151649,12,30,9,2016
10/1/2016,14.1,14.9,14.3,14.5,17.6,13.5,14.81666667,1.314555269,14.9,1,10,2016
10/2/2016,13.7,14.5,14.3,14.5,14.7,13.3,14.14,0.542586399,14.5,2,10,2016
10/3/2016,10,9.7,10.3,7.8,12.8,9,9.933333333,1.518405597,9.7,3,10,2016
10/4/2016,12.7,10.7,13.8,8.5,13.4,10.5,11.6,1.86726181,10.7,4,10,2016
10/5/2016,3.9,4.1,2,0.8,4.9,2,2.95,1.440775254,4.1,5,10,2016
10/6/2016,0.6,-0.2,0.3,0.3,2.3,-0.5,0.466666667,0.89566859,-0.2,6,10,2016
10/7/2016,1.3,0.8,1.3,1.8,1.6,0,1.133333333,0.593483127,0.8,7,10,2016
10/8/2016,2.2,2.2,8,1.8,2,0.8,3.04,2.53424545,2.2,8,10,2016
10/9/2016,11.8,9.9,8,1.8,8.2,8,9.475,1.53195137,9.9,9,10,2016
10/10/2016,2.6,0.6,2.3,0.5,4.2,0.5,1.783333333,1.382529887,0.6,10,10,2016
10/11/2016,1.2,-0.2,1.3,0.8,1,-0.3,0.633333333,0.644635987,-0.2,11,10,2016
10/12/2016,1.2,1.3,0.3,2.5,0.9,0.8,1.166666667,0.677413381,1.3,12,10,2016
10/13/2016,1.3,0.7,0.8,1.8,0.4,0.3,0.883333333,0.520949987,0.7,13,10,2016
10/14/2016,9.7,9.6,8.3,10.8,9.5,8.3,9.366666667,0.867307455,9.6,14,10,2016
10/15/2016,10.8,7,9.8,8,9.3,5.5,8.4,1.782320585,7,15,10,2016
10/16/2016,7.7,7,9.8,6,7,4,6.34,1.289340917,7,16,10,2016
10/17/2016,5,3.7,4.8,3.3,7,3.8,4.6,1.231530213,3.7,17,10,2016
10/18/2016,1.7,1.5,0.8,1.3,2.2,0.8,1.383333333,0.494694069,1.5,18,10,2016
10/19/2016,3.8,3.4,3.8,3.5,4.7,2,3.533333333,0.80346472,3.4,19,10,2016
10/20/2016,5.4,3.5,3.8,3.5,5.2,5,4.4,0.814452782,3.5,20,10,2016
10/21/2016,8.5,6.9,8.8,10.3,8.6,8.8,8.65,0.987842768,6.9,21,10,2016
10/22/2016,4.2,1.5,2.3,2.8,3,3.8,2.933333333,0.897527468,1.5,22,10,2016
10/23/2016,4.7,2,6,1.8,4.3,4.3,3.85,1.493039406,2,23,10,2016
10/24/2016,5.5,6.2,3.8,6.3,4.2,4.5,5.083333333,0.971968221,6.2,24,10,2016
10/25/2016,5.7,6.4,3.8,6,7.5,5.5,6.22,0.708237248,6.4,25,10,2016
10/26/2016,5.4,3.9,3.8,5.3,5.5,5,5.02,0.584465568,3.9,26,10,2016
10/27/2016,7.4,7.2,3.8,7.8,4.9,6,6.66,1.065082156,7.2,27,10,2016
10/28/2016,6.4,5.5,3.8,5.8,7.3,5.3,6.06,0.72277244,5.5,28,10,2016
10/29/2016,1.6,3,3.8,4,2.8,1.5,2.58,0.934665716,3,29,10,2016
10/30/2016,7.3,8,3.8,8,3.1,4,6.08,2.100856968,8,30,10,2016
10/31/2016,5,3.5,3.8,3.5,5.9,3.5,4.28,0.996794864,3.5,31,10,2016
11/1/2016,6.6,6.7,3.8,7,7,6.5,6.76,0.205912603,6.7,1,11,2016
11/2/2016,5.7,5.2,3.8,4.5,3.7,4.3,4.68,0.699714227,5.2,2,11,2016
11/3/2016,7.9,7.7,3.8,8.3,5.8,5.3,7,1.209958677,7.7,3,11,2016
11/4/2016,9.4,9,3.8,10,9.2,9,9.32,0.37094474,9,4,11,2016
11/5/2016,9.5,9.2,3.8,9.3,8.3,10.8,9.42,0.803492377,9.2,5,11,2016
11/6/2016,9.1,10.2,3.8,11,11.6,11.3,10.64,0.900222195,10.2,6,11,2016
11/7/2016,5.8,5.2,3.8,8.3,6.7,7.3,6.66,1.092886087,5.2,7,11,2016
11/8/2016,5.1,4.9,3.8,5.5,3.7,5.3,4.9,0.632455532,4.9,8,11,2016
11/9/2016,12.3,11.4,3.8,12.3,11.6,12.8,12.08,0.511468474,11.4,9,11,2016
11/10/2016,5.2,3.4,3.8,7,6.2,7,5.76,1.352922762,3.4,10,11,2016
11/11/2016,4,3.7,2.5,7,2.2,4,3.28,0.773045924,3.7,11,11,2016
11/12/2016,10,8.9,7,7,7.8,8.8,8.5,1.023718711,8.9,12,11,2016
11/13/2016,5.7,5.9,7,9.3,6.7,6.3,6.816666667,1.195012785,5.9,13,11,2016
11/14/2016,7.8,8,6,8.5,4.9,6.8,7,1.247664485,8,14,11,2016
11/15/2016,4.1,3.5,6,3.8,5.2,2.8,3.88,0.788416134,3.5,15,11,2016
11/16/2016,4.5,0.8,5.8,3,7.2,3.5,4.133333333,2.045863034,0.8,16,11,2016
11/17/2016,-3.6,-4.9,-1.8,-3.3,0.7,-3,-2.65,1.753805386,-4.9,17,11,2016
11/18/2016,-5.7,-6.7,-2,-5.3,-4.1,-5.5,-4.883333333,1.497126878,-6.7,18,11,2016
11/19/2016,-6.1,-7.1,-8.3,-8,-6.8,-7,-7.216666667,0.738052994,-7.1,19,11,2016
11/20/2016,-2,-0.5,-3.3,0.5,-1.7,-2,-1.5,1.209683154,-0.5,20,11,2016
11/21/2016,-1.9,-1.7,-3.8,-1,-1.4,-2.8,-2.1,0.938083152,-1.7,21,11,2016
11/22/2016,-1.9,-2.6,-2.8,-2.5,-1.7,-2.3,-2.3,0.387298335,-2.6,22,11,2016
11/23/2016,-0.9,-1.3,-0.8,-1.8,-0.1,-1,-0.983333333,0.514511635,-1.3,23,11,2016
11/24/2016,-1.8,-2.5,-0.5,1.8,1.5,-0.8,-0.383333333,1.580523823,-2.5,24,11,2016
11/25/2016,0,-0.9,-1.5,-1,-0.2,-0.8,-0.733333333,0.502217306,-0.9,25,11,2016
11/26/2016,1.2,-0.1,1.8,1.3,1.7,0.5,1.066666667,0.669991708,-0.1,26,11,2016
11/27/2016,0.2,1.6,-1.3,0.5,-0.3,0,0.116666667,0.870663859,1.6,27,11,2016
11/28/2016,-2.6,-2.5,-2.8,-2.5,-1.6,-3.5,-2.583333333,0.558022301,-2.5,28,11,2016
11/29/2016,-3.7,-3.7,-2.8,-3.5,-1.4,-4.3,-3.233333333,0.930352382,-3.7,29,11,2016
11/30/2016,-4.1,-4,-3.5,-3.8,-2.2,-4.5,-3.683333333,0.728964258,-4,30,11,2016
12/1/2016,-2.7,-2.9,-2.8,-2.8,-3.7,-2.3,-2.866666667,0.418993503,-2.9,1,12,2016
12/2/2016,-2.7,-3.4,-4,-3.5,-3,-3.3,-3.316666667,0.405859855,-3.4,2,12,2016
12/3/2016,-4.7,-4.2,-4,-4.5,-3.8,-4,-4.24,0.326190129,-4.2,3,12,2016
12/4/2016,-6.5,-6,-5.8,-6.5,-4.3,-7,-6.016666667,0.859101598,-6,4,12,2016
12/5/2016,-9,-8.8,-9.8,-8.3,-6.2,-8.5,-8.433333333,1.105541597,-8.8,5,12,2016
12/6/2016,-14.3,-14.9,-9.8,-15.5,-9.5,-15,-13.84,2.203270297,-14.9,6,12,2016
12/7/2016,-17.2,-17.5,-16.3,-17,-13.5,-16.5,-16.33333333,1.329995823,-17.5,7,12,2016
12/8/2016,-22.7,-23.3,-20.5,-20.5,-20.3,-19.8,-21.18333333,1.31708854,-23.3,8,12,2016
12/9/2016,-27.7,-28.2,-27.5,-25,-26.4,-26.3,-26.85,1.071991915,-28.2,9,12,2016
12/10/2016,-26.3,-27.5,-29.8,-25.5,-28.1,-25.5,-27.11666667,1.538848776,-27.5,10,12,2016
12/11/2016,-21.1,-21.6,-24.3,-20.5,-22,-22,-21.91666667,1.188018892,-21.6,11,12,2016
12/12/2016,-21.2,-19.4,-21.8,-19.3,-21.1,-21.5,-20.71666667,0.99233171,-19.4,12,12,2016
12/13/2016,-18.1,-17.8,-18.3,-17,-18,-18.5,-17.95,0.478713554,-17.8,13,12,2016
12/14/2016,-24.1,-24.3,-23,-20.8,-23.6,-23.5,-23.21666667,1.159621586,-24.3,14,12,2016
12/15/2016,-22.4,-24.1,-25.3,-21.5,-24.5,-22.3,-23.35,1.361065759,-24.1,15,12,2016
12/16/2016,-24.6,-25.7,-24.3,-23.5,-24,-25.3,-24.56666667,0.747588716,-25.7,16,12,2016
12/17/2016,-29.8,-30.6,-31,-28,-29.7,-29.5,-29.76666667,0.94985379,-30.6,17,12,2016
12/18/2016,-16.8,-17.5,-22.3,-16,-18.9,-17.5,-18.16666667,2.044233081,-17.5,18,12,2016
12/19/2016,-3.3,-1.8,-7.3,-1.5,-2.5,-5.5,-3.65,2.091052367,-1.8,19,12,2016
12/20/2016,-6,-5.2,-5.5,-3.8,-5.5,-6.5,-5.416666667,0.835497191,-5.2,20,12,2016
12/21/2016,-4.5,-5.8,-8,-6,-4.9,-7.5,-6.116666667,1.269404935,-5.8,21,12,2016
12/22/2016,-5,-5.5,-4.8,-2,-6.2,-5.8,-4.883333333,1.371637302,-5.5,22,12,2016
12/23/2016,-10.8,-9.8,-11.3,-8,-9.1,-8.3,-9.55,1.21483881,-9.8,23,12,2016
12/24/2016,-12.1,-12.7,-15.8,-14.5,-14.2,-18.3,-14.6,2.047763007,-12.7,24,12,2016
12/25/2016,-16,-15.8,-15.8,-15.3,-15,-16.3,-15.68,0.470744092,-15.8,25,12,2016
12/26/2016,-17.1,-16.3,-13.8,-14.3,-13.3,-14.8,-14.93333333,1.349897115,-16.3,26,12,2016
12/27/2016,-15.2,-13,-16.5,-12.8,-17.3,-11.3,-14.35,2.14378948,-13,27,12,2016
12/28/2016,-5.6,-4.3,-16.5,-5,-5.9,-5.8,-5.32,0.597996656,-4.3,28,12,2016
12/29/2016,-9.9,-9.9,-16.5,-7.5,-8.1,-9.3,-8.94,0.974884609,-9.9,29,12,2016
12/30/2016,-10,-9.7,-16.5,-8.5,-12.4,-10.3,-10.18,1.267122725,-9.7,30,12,2016
12/31/2016,-9.2,-10,-16.5,-9.3,-10.4,-11,-9.98,0.676461381,-10,31,12,2016
1/1/2017,-14.4,-14.3,-16.5,-14.2,-13.7,-15.8,-14.48,0.702566723,-14.3,1,1,2017
1/2/2017,-16.4,-18.1,-16.5,-18.7,-17.1,-19.8,-18.02,1.192308685,-18.1,2,1,2017
1/3/2017,-24.1,-23.6,-16.5,-22.6,-23.1,-24.3,-23.54,0.628012739,-23.6,3,1,2017
1/4/2017,-22.2,-21.6,-24,-20.7,-24.5,-23.3,-22.71666667,1.338427768,-21.6,4,1,2017
1/5/2017,-22.1,-21.1,-23.8,-19.3,-23.2,-22,-21.91666667,1.457642694,-21.1,5,1,2017
1/6/2017,-22,-21.5,-21.3,-20.8,-22.8,-19.5,-21.31666667,1.02211654,-21.5,6,1,2017
1/7/2017,-26.6,-22.8,-25,-24.8,-27,-20.5,-24.45,2.23140464,-22.8,7,1,2017
1/8/2017,-22.4,-22.1,-24.5,-20.9,-22.2,-20,-22.01666667,1.394532976,-22.1,8,1,2017
1/9/2017,-20.9,-20.7,-22.8,-20.2,-20.6,-21.8,-21.16666667,0.876863096,-20.7,9,1,2017
1/10/2017,-20.6,-22.2,-21.5,-21.3,-19.9,-21.5,-21.16666667,0.734090518,-22.2,10,1,2017
1/11/2017,-24.4,-19.9,-23.3,-20.9,-24.1,-22.5,-22.51666667,1.639529065,-19.9,11,1,2017
1/12/2017,-23.3,-22.1,-28.5,-22.5,-24.4,-26,-24.46666667,2.215601248,-22.1,12,1,2017
1/13/2017,-24,-21.3,-26.5,-20.6,-25.6,-23.8,-23.63333333,2.117125934,-21.3,13,1,2017
1/14/2017,-17.2,-17.3,-16,-15.2,-18.7,-13.8,-16.36666667,1.5860503,-17.3,14,1,2017
1/15/2017,-12.9,-12.5,-13.8,-11.4,-13.7,-10.5,-12.46666667,1.18977122,-12.5,15,1,2017
1/16/2017,-11,-9,-9.8,-6.8,-11,-7.5,-9.183333333,1.608743471,-9,16,1,2017
1/17/2017,-5.7,-4.4,-7.8,-3.1,-7.6,-3.8,-5.4,1.804623691,-4.4,17,1,2017
1/18/2017,0.2,-0.1,0.3,0.5,-3.2,0.8,-0.25,1.347528602,-0.1,18,1,2017
1/19/2017,-2.2,-2.4,-1.8,0.2,-3.8,1.5,-1.416666667,1.757286418,-2.4,19,1,2017
1/20/2017,-8.3,-6,-9.5,-3,-6.2,-2,-5.833333333,2.658738214,-6,20,1,2017
1/21/2017,-7,-7.4,-7.5,-5.8,-1.7,-5,-5.733333333,2.01301322,-7.4,21,1,2017
1/22/2017,-2.9,-3.7,-4,-3.5,-2.1,-5.3,-3.583333333,0.983898143,-3.7,22,1,2017
1/23/2017,-5.5,-6.6,-6.8,-6.6,-5.5,-7,-6.333333333,0.604611905,-6.6,23,1,2017
1/24/2017,-8,-8.9,-8,-8.9,-6.2,-9,-8.166666667,0.97410928,-8.9,24,1,2017
1/25/2017,-12.3,-12.8,-8.8,-11.2,-10.2,-11,-11.05,1.318774684,-12.8,25,1,2017
1/26/2017,-12.9,-12.1,-13.5,-11.3,-10.6,-10.8,-11.86666667,1.068747969,-12.1,26,1,2017
1/27/2017,-5.9,-4.1,-6.5,-2.4,-7.2,-4.8,-5.15,1.600781059,-4.1,27,1,2017
1/28/2017,-0.5,-0.5,-3,0.1,-2.3,-1,-1.2,1.092397974,-0.5,28,1,2017
1/29/2017,-2,-0.6,-2.3,0.7,-5.8,-2.3,-2.05,1.99394918,-0.6,29,1,2017
1/30/2017,1.1,1.4,-0.3,0.7,-0.7,0.3,0.416666667,0.740307744,1.4,30,1,2017
1/31/2017,-10.6,-11.6,-9.3,-11.2,-11,-11,-10.78333333,0.726674312,-11.6,31,1,2017
2/1/2017,-18,-17.2,-19.3,-11.2,-19.4,-19.5,-18.68,0.919565115,-17.2,1,2,2017
2/2/2017,-18.1,-15.9,-19.5,-14.7,-19.6,-17.8,-17.6,1.788854382,-15.9,2,2,2017
2/3/2017,-16,-16,-16.5,-13.4,-17.4,-16.5,-15.96666667,1.239175353,-16,3,2,2017
2/4/2017,-14.5,-15,-14.5,-14.2,-15.6,-15.8,-14.93333333,0.593483127,-15,4,2,2017
2/5/2017,-19.3,-19,-21.8,-17.4,-20.8,-18.5,-19.46666667,1.453348624,-19,5,2,2017
2/6/2017,-16.8,-16.5,-17.3,-16.8,-16.9,-17,-16.88333333,0.240947205,-16.5,6,2,2017
2/7/2017,-24.4,-25.8,-22.3,-25.5,-24,-22.8,-24.13333333,1.282792094,-25.8,7,2,2017
2/8/2017,-26.2,-25.5,-26.5,-25.7,-25.5,-26.3,-25.95,0.398956973,-25.5,8,2,2017
2/9/2017,-17.9,-18.2,-14,-16.6,-18.2,-14.3,-16.53333333,1.771690969,-18.2,9,2,2017
2/10/2017,-1.4,-1.5,-6.5,-2.1,-5.6,-9,-4.35,2.877933286,-1.5,10,2,2017
2/11/2017,-5.3,-4.8,-6,-5.3,-3.5,-6.8,-5.283333333,1.018850114,-4.8,11,2,2017
2/12/2017,-5.3,-4.1,-6.3,-2.9,-6,-7.5,-5.35,1.500833102,-4.1,12,2,2017
2/13/2017,-3.1,-1.5,-3,-0.8,-3.3,-2.3,-2.333333333,0.91408728,-1.5,13,2,2017
2/14/2017,-4.4,-4.1,-4.8,-2.2,-4.1,-3.3,-3.816666667,0.851306186,-4.1,14,2,2017
2/15/2017,-1.4,0.2,-5,1.3,-4.2,-1.3,-1.733333333,2.235819512,0.2,15,2,2017
2/16/2017,2.4,3.2,2.5,4.9,0.4,3.5,2.816666667,1.358205515,3.2,16,2,2017
2/17/2017,2.3,4.5,3.8,5.3,2.8,4,3.783333333,1.00235833,4.5,17,2,2017
2/18/2017,-1.9,-1.6,-1,-0.6,-0.2,2,-0.55,1.275081697,-1.6,18,2,2017
2/19/2017,-0.1,-0.1,-0.8,-0.4,0.2,0,-0.2,0.321455025,-0.1,19,2,2017
2/20/2017,1.5,3,1.8,3.7,-0.6,1.8,1.866666667,1.346188034,3,20,2,2017
2/21/2017,1.1,-0.4,-1.3,1.4,-1.1,0,-0.05,1.017758976,-0.4,21,2,2017
2/22/2017,-1.1,-1.5,0.3,-0.8,0.3,-2.3,-0.85,0.934077085,-1.5,22,2,2017
2/23/2017,-3.5,-3.5,-4.5,-3.4,-3.6,-6,-4.083333333,0.933482131,-3.5,23,2,2017
2/24/2017,-6.9,-5,-8.3,-4.2,-10,-5.8,-6.7,1.976528944,-5,24,2,2017
2/25/2017,-12.3,-11.9,-10,-11.3,-13.5,-12,-11.83333333,1.054619468,-11.9,25,2,2017
2/26/2017,-12.6,-10.4,-12.3,-9.4,-14.5,-12.3,-11.91666667,1.636476567,-10.4,26,2,2017
2/27/2017,-14.4,-15.2,-14,-14.3,-15.3,-16.3,-14.91666667,0.777638876,-15.2,27,2,2017
2/28/2017,-14.4,-12.6,-17,-11.7,-16.6,-14,-14.38333333,1.927361466,-12.6,28,2,2017
3/1/2017,-12.5,-11.6,-14,-10.9,-13.9,-13.5,-12.73333333,1.172840806,-11.6,1,3,2017
3/2/2017,-13.4,-12.8,-14,-12.5,-18,-13.8,-14.1,2.001999001,-12.8,2,3,2017
3/3/2017,-6.2,-6.2,-12.3,-3.4,-9.1,-7.3,-7.416666667,2.762496858,-6.2,3,3,2017
3/4/2017,0.3,0.1,-3.8,1.5,-1.3,0.5,-0.45,1.708556896,0.1,4,3,2017
3/5/2017,0.8,-0.5,-1.8,1.1,-0.7,0.8,-0.05,1.037223859,-0.5,5,3,2017
3/6/2017,-5.6,-6.4,-7.8,-8,-5.6,-9.8,-7.2,1.5011107,-6.4,6,3,2017
3/7/2017,-12.1,-12.2,-13,-12,-12.1,-14,-12.56666667,0.722649446,-12.2,7,3,2017
3/8/2017,-14.3,-14.3,-14,-13.9,-12.8,-15.3,-14.1,0.73711148,-14.3,8,3,2017
3/9/2017,-19,-18.9,-18,-18.2,-21.2,-19.3,-19.1,1.042433051,-18.9,9,3,2017
3/10/2017,-20.8,-20.5,-22,-19.6,-23.3,-21.5,-21.28333333,1.176742207,-20.5,10,3,2017
3/11/2017,-17.7,-18.1,-18.5,-17.6,-18.1,-18,-18,0.294392029,-18.1,11,3,2017
3/12/2017,-17.3,-17.3,-17,-16.8,-18.9,-16,-17.21666667,0.870663859,-17.3,12,3,2017
3/13/2017,-17.4,-16.7,-17,-16.5,-20,-17.8,-17.68,1.251239386,-16.7,13,3,2017
3/14/2017,-8.4,-9,-11.3,-7.5,-9.6,-10.3,-9.35,1.23928743,-9,14,3,2017
3/15/2017,-3.5,-2.6,-5.3,-1.7,-4.3,-2.5,-3.316666667,1.20611866,-2.6,15,3,2017
3/16/2017,1.1,2.9,-0.8,4,-0.5,2.3,1.5,1.74642492,2.9,16,3,2017
3/17/2017,-2.6,-1.3,-0.8,0.2,-3.4,-2.3,-1.7,1.2,-1.3,17,3,2017
3/18/2017,-0.7,-0.3,-2.8,2.2,-4.7,0,-1.05,2.188416475,-0.3,18,3,2017
3/19/2017,1.8,4.1,2,3.7,1.7,3.8,2.85,1.027537509,4.1,19,3,2017
3/20/2017,-3.3,-2.4,-2,-2.1,-3.9,-2,-2.616666667,0.728964258,-2.4,20,3,2017
3/21/2017,-9.3,-8.2,-11.8,-6.8,-12.8,-10,-9.816666667,2.035040267,-8.2,21,3,2017
3/22/2017,-2.9,-2.6,-11.8,-1.2,-6.2,-4.5,-3.48,1.717439955,-2.6,22,3,2017
3/23/2017,0.3,1.7,-11.8,1.8,-1.4,2.3,0.94,1.345511055,1.7,23,3,2017
3/24/2017,-0.1,0.3,-11.8,1.1,-2.7,-0.5,-0.38,1.274990196,0.3,24,3,2017
3/25/2017,6.4,7.7,3,8.1,0.7,5.3,5.2,2.620432534,7.7,25,3,2017
3/26/2017,7.2,5.8,3.3,5.3,2.6,6.8,5.166666667,1.697710877,5.8,26,3,2017
3/27/2017,0.7,3,1.3,3.3,-0.3,0.8,1.466666667,1.284090686,3,27,3,2017
3/28/2017,2,2.1,1.3,1.8,1,1.3,1.64,0.422374242,2.1,28,3,2017
3/29/2017,6.7,7.9,5.5,8.8,4.7,7,6.766666667,1.375580685,7.9,29,3,2017
3/30/2017,9,10.2,5,10.2,5.9,9.3,8.266666667,2.055615615,10.2,30,3,2017
3/31/2017,2.6,3.6,1.5,2.5,2.3,3,2.583333333,0.641396047,3.6,31,3,2017
4/1/2017,7.4,7.7,5,5.9,5.2,4.5,5.95,1.206579187,7.7,1,4,2017
4/2/2017,7.7,6.9,8.3,6.9,7.7,8,7.583333333,0.524139506,6.9,2,4,2017
4/3/2017,5,4.9,8.3,4.8,5.5,5,5.04,0.241660919,4.9,3,4,2017
4/4/2017,5.2,4.1,6.5,4.4,6,4.8,5.166666667,0.849836586,4.1,4,4,2017
4/5/2017,3.2,3.4,3.5,3,3.7,2.8,3.266666667,0.303681119,3.4,5,4,2017
4/6/2017,6.5,7.6,3.5,7.7,5.3,4.8,6.38,1.17541482,7.6,6,4,2017
4/7/2017,13.3,14.7,11.3,15.2,11,13.3,13.13333333,1.564892613,14.7,7,4,2017
4/8/2017,11.6,9.2,13,9.7,12.2,12.5,11.36666667,1.424390708,9.2,8,4,2017
4/9/2017,2.3,0.6,13,-1,1.9,-0.8,0.6,1.349073756,0.6,9,4,2017
4/10/2017,0.8,0.3,-0.3,-0.7,-0.6,-1.3,-0.3,0.68556546,0.3,10,4,2017
4/11/2017,6.1,5.5,4.5,5.5,5.1,5,5.283333333,0.49805176,5.5,11,4,2017
4/12/2017,6.2,5.4,6,5.7,6.8,6,6.016666667,0.433653728,5.4,12,4,2017
4/13/2017,10.8,11.8,6,9.9,9.7,9.3,10.3,0.896660471,11.8,13,4,2017
4/14/2017,12.5,9,14.3,7.6,15,12.8,11.86666667,2.690518331,9,14,4,2017
4/15/2017,6.7,4.8,6,6.4,8.5,6.3,6.45,1.09658561,4.8,15,4,2017
4/16/2017,-1.4,-2.9,-0.8,-4.5,1.1,-3.8,-2.05,1.901534468,-2.9,16,4,2017
4/17/2017,-0.2,-2.1,-1.5,-2.2,-0.1,-1.5,-1.266666667,0.833999734,-2.1,17,4,2017
4/18/2017,5.7,5.8,4.3,5.5,5,5.8,5.35,0.543905629,5.8,18,4,2017
4/19/2017,6.7,8.2,6,7.2,5.4,7,6.75,0.890224691,8.2,19,4,2017
4/20/2017,9.6,9.1,9.3,8.8,8.1,8.8,8.95,0.471699057,9.1,20,4,2017
4/21/2017,9.9,9,9.3,9.1,9.1,9.5,9.32,0.337045991,9,21,4,2017
4/22/2017,5.4,5.4,9.3,6.1,4.2,4.3,5.08,0.724982758,5.4,22,4,2017
4/23/2017,-0.2,1.4,9.3,1.3,0.9,1.5,0.98,0.624179461,1.4,23,4,2017
4/24/2017,-1.5,-1.5,-2.3,-1.3,-0.8,-2.3,-1.616666667,0.536708073,-1.5,24,4,2017
4/25/2017,1.3,1.6,0.5,1.4,1.7,-0.3,1.033333333,0.7110243,1.6,25,4,2017
4/26/2017,1.3,1.3,1.8,0.7,2,0.8,1.316666667,0.474048755,1.3,26,4,2017
4/27/2017,3.5,2.9,1.8,2.6,2.6,2,2.72,0.487442304,2.9,27,4,2017
4/28/2017,5.4,5.4,4.8,5,4.8,5,5.066666667,0.249443826,5.4,28,4,2017
4/29/2017,7.7,7.2,7.8,7.9,9.3,8,7.983333333,0.641396047,7.2,29,4,2017
4/30/2017,11.5,11.5,10,10.2,11.1,11.5,10.96666667,0.631576511,11.5,30,4,2017
5/1/2017,9.4,10.8,9.3,8.9,10.6,9.8,9.8,0.690410506,10.8,1,5,2017
5/2/2017,9.5,10.5,9.3,8.9,9.1,8.8,9.475,0.641774883,10.5,2,5,2017
5/3/2017,9.5,9,10,9.4,10,9.3,9.54,0.397994975,9,3,5,2017
5/4/2017,9.5,12.8,13.3,13.3,13.1,13.3,13.16,0.195959179,12.8,4,5,2017
5/5/2017,17.8,16.9,17.8,17.3,15.7,18.8,17.38333333,0.951168872,16.9,5,5,2017
5/6/2017,18.8,19.8,16.8,20.7,15.8,16.8,18.11666667,1.770514677,19.8,6,5,2017
5/7/2017,16.9,17.7,15.8,18.8,15.1,16,16.71666667,1.245547626,17.7,7,5,2017
5/8/2017,11,9.1,12.3,8.5,11.7,10.5,10.51666667,1.347116262,9.1,8,5,2017
5/9/2017,11.1,10.1,11.3,10,12.6,10.8,10.98333333,0.866826908,10.1,9,5,2017
5/10/2017,9.9,9.4,8.8,9,9,7.8,8.983333333,0.638792263,9.4,10,5,2017
5/11/2017,13.9,14.4,12,13.9,9,11.8,13.2,1.078888317,14.4,11,5,2017
5/12/2017,13.7,14.3,11.8,14.9,11.1,11,12.8,1.559914528,14.3,12,5,2017
5/13/2017,14.8,15.5,14,16.1,14.4,12,14.46666667,1.30085442,15.5,13,5,2017
5/14/2017,13.7,10.9,14,11,13.8,13.5,12.58,1.334765897,10.9,14,5,2017
5/15/2017,11.8,10.4,11,10.4,12,11.5,11.18333333,0.633552594,10.4,15,5,2017
5/16/2017,13.1,9.9,11.8,9.3,13.1,12.5,11.61666667,1.501573249,9.9,16,5,2017
5/17/2017,7,6.4,8,5.9,7.3,7.8,7.066666667,0.738617327,6.4,17,5,2017
5/18/2017,6.1,5.3,6.3,4.6,6,5.3,5.6,0.588784058,5.3,18,5,2017
5/19/2017,8.5,7.8,6.3,8,7.7,8.5,8.1,0.340587727,7.8,19,5,2017
5/20/2017,12.4,11.7,6.3,12.7,12,12,12.16,0.349857114,11.7,20,5,2017
5/21/2017,12.5,12.3,11.3,11.6,11,12.8,11.91666667,0.656802017,12.3,21,5,2017
5/22/2017,12.9,13.1,12,12.4,12.6,12.8,12.63333333,0.359010987,13.1,22,5,2017
5/23/2017,12,12.6,11.3,12.5,11.3,12.3,12,0.529150262,12.6,23,5,2017
5/24/2017,16.2,16.7,15.5,17.8,14.5,16,16.11666667,1.015573182,16.7,24,5,2017
5/25/2017,12.7,9.2,12.5,9.6,15.5,11.5,11.83333333,2.108448613,9.2,25,5,2017
5/26/2017,14.1,14.1,13.3,14.5,13.5,12.3,13.63333333,0.718021974,14.1,26,5,2017
5/27/2017,13.8,14.3,13.3,14.1,14.7,13.5,13.95,0.475219248,14.3,27,5,2017
5/28/2017,13,12.6,11.8,13.6,13.8,11.8,12.76666667,0.786694915,12.6,28,5,2017
5/29/2017,12.3,12.8,11.3,11.8,11.9,12.3,12.06666667,0.471404521,12.8,29,5,2017
5/30/2017,10.2,12.8,11.3,9.7,13.2,11,11.025,1.338609353,19.59285714,30,5,2017
5/31/2017,13.9,13.7,12.8,13.5,14.2,13.5,13.6,0.43204938,13.7,31,5,2017
6/1/2017,20,20.8,17.5,21.1,14.2,19,19.68,1.310572394,20.8,1,6,2017
6/2/2017,22.7,20.9,21.3,20.5,24.8,21.5,21.95,1.444241439,20.9,2,6,2017
6/3/2017,18.6,19.1,18.3,18.4,20.7,18.3,18.9,0.850490055,19.1,3,6,2017
6/4/2017,19.1,19.5,17.8,19.2,17.9,20.3,18.96666667,0.878761755,19.5,4,6,2017
6/5/2017,21.6,24,17.8,23.8,19.7,20,21.82,1.818130908,24,5,6,2017
6/6/2017,14.7,13.1,14.8,13.4,18,13.5,14.58333333,1.658731108,13.1,6,6,2017
6/7/2017,17.1,15.6,18,15.7,18,17,16.9,0.966091783,15.6,7,6,2017
6/8/2017,17.6,18.1,17,17.3,17.7,17.8,17.58333333,0.353160335,18.1,8,6,2017
6/9/2017,19.9,20.1,19.3,19.8,17.8,18.5,19.23333333,0.827982823,20.1,9,6,2017
6/10/2017,19.5,19.2,19.3,18.4,19.1,18,18.84,0.5535341,19.2,10,6,2017
6/11/2017,16.9,15.9,17,14.8,17.7,14.5,16.13333333,1.175679473,15.9,11,6,2017
6/12/2017,16.8,16.9,17,16.4,16.1,16.5,16.54,0.287054002,16.9,12,6,2017
6/13/2017,15.8,16.7,13.8,17.5,15.7,14.5,15.66666667,1.244543647,16.7,13,6,2017
6/14/2017,13,12.3,13.3,12.6,14.7,11.8,12.95,0.917877988,12.3,14,6,2017
6/15/2017,16,15.2,15,15.4,16.1,14,15.28333333,0.698609731,15.2,15,6,2017
6/16/2017,15.2,13.7,14.3,13.2,15.2,12.5,14.01666667,0.995685135,13.7,16,6,2017
6/17/2017,14.3,15.6,14.5,14.8,16.1,14.3,14.93333333,0.684754619,15.6,17,6,2017
6/18/2017,16.4,15.8,15.8,15.9,15.2,14.8,15.65,0.515590277,15.8,18,6,2017
6/19/2017,15.1,15.4,14.5,15.2,14.8,13.8,14.8,0.532290647,15.4,19,6,2017
6/20/2017,15,16,13.5,15.4,14.4,14.8,14.85,0.782623792,16,20,6,2017
6/21/2017,18.5,18.3,17.5,16.8,19,16.5,17.76666667,0.908600878,18.3,21,6,2017
6/22/2017,14.6,13.7,14.3,13.1,16,12,13.95,1.247330483,13.7,22,6,2017
6/23/2017,11.7,11.8,11,11.6,11.5,10,11.26666667,0.6209312,11.8,23,6,2017
6/24/2017,11.2,10.8,9.8,11.7,10.9,10.8,10.86666667,0.570574759,10.8,24,6,2017
6/25/2017,14.1,14.4,12.8,14.3,12.8,13.5,13.65,0.665206735,14.4,25,6,2017
6/26/2017,15.2,15.3,12.3,15,13,13.8,14.1,1.154700538,15.3,26,6,2017
6/27/2017,20.6,21.6,17.3,21.9,20,19.3,20.11666667,1.539931456,21.6,27,6,2017
6/28/2017,16.8,15.2,17,16.2,19.5,16.3,16.83333333,1.322455628,15.2,28,6,2017
6/29/2017,16.2,17.6,18.3,16.3,17,16,16.9,0.828653526,17.6,29,6,2017
6/30/2017,15.4,15.1,15,15.1,15.4,15.5,15.25,0.189296945,15.1,30,6,2017
7/1/2017,18,17.9,15,17.2,16.8,17,17.38,0.483321839,17.9,1,7,2017
7/2/2017,17.1,17.7,15,17.5,15.6,16.3,16.84,0.783836718,17.7,2,7,2017
7/3/2017,22.7,23.9,15,23.6,21.6,16.3,22.95,0.895823643,23.9,3,7,2017
