Date,Estevan,Weyburn,Oxbow,Yellow Grass North,Melita,Kipling,Temp.Mean,SD,Temp.Roll
1/1/2014,-23.6,-24.8,-27.3,-23,-26.7,-25.7,-25.18333333,1.70107809,-25.18333333
1/2/2014,-18.4,-21.5,-27.3,-18.5,-24.4,-18.8,-21.48333333,3.686416507,-23.33333333
1/3/2014,-9.2,-12.2,-27.3,-8.5,-10.4,-9.4,-12.83333333,7.202407005,-19.83333333
1/4/2014,-22.9,-24.2,-24.8,-24.3,-21.1,-26.6,-23.98333333,1.851935924,-20.87083333
1/5/2014,-29.9,-30.4,-32.5,-31.8,-30.3,-33.3,-31.36666667,1.373559852,-22.97
1/6/2014,-26.6,-27.7,-28,-27,-28,-28.2,-27.58333333,0.640052081,-23.73888889
1/7/2014,-25.6,-27.7,-23,-25,-24.7,-24.5,-25.08333333,1.545854672,-23.93095238
1/8/2014,-21.1,-24.1,-24.3,-21.5,-24.1,-20,-22.51666667,1.874477705,-23.55
1/9/2014,-5.5,-12.2,-13.3,-11,-9.6,-11.1,-10.45,2.725252282,-21.97380952
1/10/2014,-5,-8.3,-9.3,-7.5,-5.6,-9.2,-7.483333333,1.823641047,-21.20952381
1/11/2014,-5.1,-6.2,-4.5,-4.5,-7,-6.4,-5.616666667,1.060974395,-18.58571429
1/12/2014,-4.6,-5.9,-3.3,-4.3,-2.4,-5.1,-4.266666667,1.256450026,-14.71428571
1/13/2014,-10,-11.3,-15,-10,-11.4,-11.4,-11.51666667,1.833484842,-12.41904762
1/14/2014,-10.1,-10.7,-15,-7,-13.8,-10.8,-11.23333333,2.844409722,-10.44047619
1/15/2014,-2.2,-1.5,-6.8,-3.3,-7.8,-6,-4.6,2.611512971,-7.880952381
1/16/2014,-6.8,-7.5,-12.3,-9.5,-9.2,-12.5,-9.633333333,2.371216284,-7.764285714
1/17/2014,-5.8,-6.6,-9.3,-5,-8.2,-7.1,-7,1.570986951,-7.695238095
1/18/2014,-1.1,-1.7,-1.5,-0.8,-1.1,-1.6,-1.3,0.352136337,-7.078571429
1/19/2014,-0.6,-2.7,-3.3,-0.5,-6.4,-3.6,-2.85,2.189748844,-6.876190476
1/20/2014,-12.4,-12.8,-18.5,-16,-20.5,-19.6,-16.63333333,3.471407015,-7.607142857
1/21/2014,-12.6,-12.5,-18.3,-16,-15.6,-16.9,-15.31666667,2.335308688,-8.19047619
1/22/2014,-18.2,-20.7,-22.3,-21.8,-17.9,-25.1,-21,2.708505123,-10.53333333
1/23/2014,-15.2,-15.7,-16,-15.5,-15.7,-15.4,-15.58333333,0.2786874,-11.38333333
1/24/2014,-1.2,-0.9,-3.5,-0.5,-4.7,-1.6,-2.066666667,1.659718852,-10.67857143
1/25/2014,-5.1,-4.7,-8.3,-4,-13,-9.7,-7.466666667,3.509225936,-11.55952381
1/26/2014,-14.8,-15.5,-21.3,-22,-17.2,-21.4,-18.7,3.244687967,-13.82380952
1/27/2014,-26.3,-28.2,-28,-26.5,-26.9,-28.6,-27.41666667,0.970395109,-15.36428571
1/28/2014,-19.7,-21.6,-21,-18,-23,-20.5,-20.63333333,1.702547111,-16.12380952
1/29/2014,-12.9,-13.9,-14.5,-14,-15.1,-15.5,-14.31666667,0.930412095,-15.16904762
1/30/2014,-20.8,-22.3,-22,-21,-21.7,-23.2,-21.83333333,0.882420912,-16.06190476
1/31/2014,-16.7,-18.2,-19.5,-18,-19.9,-21.9,-19.03333333,1.810708885,-18.48571429
2/1/2014,-18.2,-16.8,-18.5,-16.8,-19,-17.5,-17.8,0.914330356,-19.96190476
2/2/2014,-15.3,-16,-16,-15.5,-16.2,-15.2,-15.7,0.419523539,-19.53333333
2/3/2014,-17.6,-18,-18.3,-19.8,-19.2,-21.1,-19,1.30690474,-18.33095238
2/4/2014,-22.2,-23.9,-18.3,-23.8,-21.6,-23,-22.13333333,2.080064102,-18.5452381
2/5/2014,-24.1,-25.4,-24.3,-24,-23,-23.9,-24.11666667,0.773089042,-19.9452381
2/6/2014,-18,-19.6,-19.8,-19.5,-18.7,-20.9,-19.41666667,0.99079093,-19.6
2/7/2014,-19.6,-22.3,-18.8,-19,-20.9,-20.8,-20.23333333,1.342634227,-19.77142857
2/8/2014,-21.4,-23,-23,-21,-22.6,-20.8,-21.96666667,1.015217546,-20.36666667
2/9/2014,-25.3,-27.5,-26,-26.3,-24.6,-27.3,-26.16666667,1.123684416,-21.86190476
2/10/2014,-21.7,-25,-25,-22.5,-26.1,-20.7,-23.5,2.160555484,-22.5047619
2/11/2014,-13.8,-16,-16.5,-18.8,-13.8,-16.2,-15.85,1.880159568,-21.60714286
2/12/2014,-18.6,-20.1,-21.5,-20,-17.8,-20.1,-19.68333333,1.301409492,-20.97380952
2/13/2014,-21.8,-22.6,-22.5,-22.5,-21.7,-22,-22.18333333,0.397072621,-21.36904762
2/14/2014,-14.5,-15.6,-18,-14,-19.9,-16.9,-16.48333333,2.237334724,-20.83333333
2/15/2014,-15.8,-16.1,-15,-11.5,-20.1,-17.8,-16.05,2.87523912,-19.98809524
2/16/2014,-11.2,-10.4,-15.5,-10.5,-18.2,-14.1,-13.31666667,3.166964898,-18.15238095
2/17/2014,-2.9,-1.9,-3.5,-2.5,-4.5,-4.6,-3.316666667,1.08888322,-15.26904762
2/18/2014,-4.5,-7.2,-5,-6.3,-7.2,-8.1,-6.383333333,1.396304647,-13.91666667
2/19/2014,-6,-6.3,-5,-3.5,-8.5,-7.6,-6.15,1.789692711,-11.98333333
2/20/2014,-16.6,-18,-5,-18,-18.5,-7.6,-13.95,6.015895611,-10.80714286
2/21/2014,-20.7,-22.9,-5,-22.8,-21.6,-22.5,-19.25,7.031002773,-11.20238095
2/22/2014,-19.1,-20.7,-5,-19.5,-17.7,-19.1,-16.85,5.884131202,-11.31666667
2/23/2014,-21.4,-24.2,-5,-23.5,-19.9,-22.9,-19.48333333,7.261795003,-12.19761905
2/24/2014,-23.7,-25.9,-5,-25,-23.6,-25.8,-21.5,8.143709229,-14.7952381
2/25/2014,-24.2,-26.3,-5,-22.8,-24.2,-24.1,-21.1,7.966931655,-16.89761905
2/26/2014,-20,-20.5,-5,-19.5,-19.8,-19.9,-17.45,6.107945645,-18.51190476
2/27/2014,-20.6,-22.4,-5,-21,-23.4,-21.9,-19.05,6.955213872,-19.24047619
2/28/2014,-23.7,-25.2,-5,-25.5,-23.2,-24.4,-21.16666667,7.967601061,-19.51428571
3/1/2014,-31.2,-33.2,-32.5,-32.3,-30.5,-32.5,-32.03333333,0.991295449,-21.68333333
3/2/2014,-26.4,-28.3,-26.8,-27.5,-25.4,-27.3,-26.95,0.997496867,-22.75
3/3/2014,-20.7,-22.1,-22.3,-20.5,-22.9,-21.8,-21.71666667,0.938971068,-22.78095238
3/4/2014,-16.4,-16.5,-20.8,-15.8,-20.8,-19.4,-18.28333333,2.315527298,-22.37857143
3/5/2014,-8.9,-10.8,-10.3,-10.5,-10,-11.9,-10.4,0.98386991,-21.37142857
3/6/2014,-8.8,-14.6,-9.5,-10.3,-8.4,-11,-10.43333333,2.252702081,-20.14047619
3/7/2014,-18.5,-21.7,-18,-18,-17.1,-17.5,-18.46666667,1.654891739,-19.7547619
3/8/2014,-4,-4.8,-6.5,-5.8,-10,-9.6,-6.783333333,2.490314572,-16.14761905
3/9/2014,3.4,2.2,3.5,2.5,0.2,0.9,2.116666667,1.331790774,-11.9952381
3/10/2014,0.4,-0.9,0.8,2.3,-0.4,0.4,0.433333333,1.103932365,-8.830952381
3/11/2014,-2.8,-4.5,-4.3,-2.5,-5.2,-4.3,-3.933333333,1.051982256,-6.780952381
3/12/2014,-0.3,-3,-3.5,-1.3,-3,-4.7,-2.633333333,1.581981879,-5.671428571
3/13/2014,2.6,2,1,1.5,1.7,0.8,1.6,0.660302961,-3.952380952
3/14/2014,-2.6,-2.5,-5.3,-0.8,-5,-7.7,-3.983333333,2.483076049,-1.883333333
3/15/2014,-9.2,-8.7,-10.8,-8.5,-14.3,-9.9,-10.23333333,2.163022577,-2.376190476
3/16/2014,2.8,1.9,-1.5,-2.3,-3.3,-3.5,-0.983333333,2.695490061,-2.819047619
3/17/2014,2.9,0.3,1.8,0.8,-2,-0.5,0.55,1.72133669,-2.802380952
3/18/2014,-1,-1.3,-0.5,-0.8,-1.3,-1.6,-1.083333333,0.397072621,-2.395238095
3/19/2014,1,0.4,1.8,1,-1.5,-2.2,0.083333333,1.57786776,-2.007142857
3/20/2014,1.8,0.8,-1.5,0,-2,-2.7,-0.6,1.746997424,-2.321428571
3/21/2014,-8,-9.6,-11.5,-12,-8.4,-15.3,-10.8,2.728369476,-3.295238095
3/22/2014,-12.6,-13.2,-15,-13.3,-15.4,-18.2,-14.61666667,2.069218854,-3.921428571
3/23/2014,-9.2,-11,-12.8,-12,-13.3,-16.5,-12.46666667,2.454112195,-5.561904762
3/24/2014,-9.3,-11.3,-11.5,-10.3,-11.5,-15.2,-11.51666667,2.000416623,-7.285714286
3/25/2014,-9.3,-9.8,-11.3,-9,-11.9,-14.9,-11.03333333,2.210580618,-8.707142857
3/26/2014,-2.3,-4.9,-5,-4,-4.6,-7.4,-4.7,1.65408585,-9.39047619
3/27/2014,-5.2,-8.2,-7.8,-7,-8.2,-9.5,-7.65,1.447411483,-10.39761905
3/28/2014,-5.1,-9.1,-7.3,-7,-7.6,-11.3,-7.9,2.102379604,-9.983333333
3/29/2014,2.3,2.5,0,1,0.7,-3.7,0.466666667,2.254477027,-7.828571429
3/30/2014,-3.8,-5,-2.5,-3.8,-3.9,-2.6,-3.6,0.931665176,-6.561904762
3/31/2014,-9,-12.1,-2.5,-11.5,-10.1,-14.5,-9.95,4.102560176,-6.338095238
4/1/2014,-6.9,-7.4,-8.8,-6.5,-9.7,-12.2,-8.583333333,2.142350734,-5.988095238
4/2/2014,-5.4,-4.3,-5.8,-3.3,-4.1,-5.7,-4.766666667,1.015217546,-5.997619048
4/3/2014,-3.1,-2.1,-3.5,-1.5,-3,-2.9,-2.683333333,0.738692539,-5.288095238
4/4/2014,-1,-0.1,-3.3,0,-2.3,-6.4,-2.183333333,2.430980598,-4.471428571
4/5/2014,4,3.4,2.8,4.5,3.7,-0.1,3.05,1.645296326,-4.102380952
4/6/2014,5.8,5.1,5,6.3,4.9,2.1,4.866666667,1.45968033,-2.892857143
4/7/2014,4.1,4.4,2.8,5,3.1,1.6,3.5,1.239354671,-0.971428571
4/8/2014,8.2,8.6,7.3,9.8,6,4.4,7.383333333,1.939501654,1.30952381
4/9/2014,8.4,6.3,7,9,7.2,5.2,7.183333333,1.380458861,3.016666667
4/10/2014,6.4,6.5,4.8,6,5.6,3.4,5.45,1.17940663,4.178571429
4/11/2014,4.3,3.4,3.8,3.5,4.9,3.2,3.85,0.641092817,5.04047619
4/12/2014,-0.8,-1.1,0,2.8,-0.3,-1.1,-0.083333333,1.479752232,4.592857143
4/13/2014,-2.5,-3.5,-3.5,-3.3,-3.9,-5.5,-3.7,0.995991968,3.369047619
4/14/2014,-7.3,-7.1,-6.3,-6.3,-5.9,-9.1,-7,1.15758369,1.869047619
4/15/2014,-1.5,0.1,-6.3,0,-3,-4.4,-2.516666667,2.541980855,0.454761905
4/16/2014,-4.1,-3.2,-6.3,-3.3,-3.2,-4.3,-4.066666667,1.194431524,-1.152380952
4/17/2014,-0.6,0.2,-6.3,-0.3,-2.3,-2.9,-2.033333333,2.411361994,-2.221428571
4/18/2014,3.9,3.3,-6.3,3.5,4.3,0.4,1.516666667,4.071568084,-2.554761905
4/19/2014,4.5,2.9,4.8,4.5,3.7,2.1,3.75,1.065363788,-2.007142857
4/20/2014,7.8,6.6,7,5,8.3,5,6.616666667,1.386241922,-0.533333333
4/21/2014,7.5,6.7,6.8,9,6.7,4.9,6.933333333,1.330663995,1.457142857
4/22/2014,10,10.7,8,10.8,8.4,9,9.483333333,1.190658081,3.171428571
4/23/2014,7.5,7.9,6.5,7.8,6.9,5.5,7.016666667,0.91742393,4.754761905
4/24/2014,7.3,7.9,6.3,11,7,7,7.75,1.674216235,6.152380952
4/25/2014,5.5,5.3,3.8,6.3,5.3,3.6,4.966666667,1.050079362,6.645238095
4/26/2014,4.5,6.2,4,6.8,4.4,6.5,5.4,1.231259518,6.880952381
4/27/2014,2.5,2.4,-0.3,2,2.9,2.3,1.966666667,1.148332124,6.216666667
4/28/2014,0.8,0.9,0.3,2.5,1.8,1.3,1.266666667,0.786553664,5.407142857
4/29/2014,0.8,5,5.3,8,6.2,1.3,4.433333333,2.826069119,4.685714286
4/30/2014,6.8,5,5.8,12,6.8,6.3,7.116666667,2.487100052,4.7
5/1/2014,8.4,8.8,8.8,11,8.7,8.7,9.066666667,0.958471005,4.888095238
5/2/2014,8.9,8,8.8,7.5,10.1,8.7,8.666666667,0.886942313,5.416666667
5/3/2014,3.1,2.3,1.8,3,3.1,1.6,2.483333333,0.67946057,5
5/4/2014,2.7,2.2,1.5,1.8,2.8,3.7,2.45,0.791833316,5.069047619
5/5/2014,6.9,7,6.3,7.3,7.2,5.1,6.633333333,0.828653526,5.835714286
5/6/2014,9.3,6.4,8.3,7.5,9.6,6.6,7.95,1.348703081,6.338095238
5/7/2014,5.4,4.7,6.5,6.3,4.9,5.2,5.5,0.740270221,6.107142857
5/8/2014,4.7,4.6,4.3,5,5.4,4.7,4.783333333,0.376386326,5.495238095
5/9/2014,9.1,9.6,8,12.3,8.2,9.9,9.516666667,1.556170513,5.616666667
5/10/2014,10.6,10.1,9.5,9.3,11.6,9.1,10.03333333,0.945868208,6.695238095
5/11/2014,6.2,6.9,6.3,9.8,5.4,7.9,7.083333333,1.568969938,7.357142857
5/12/2014,5.6,4.4,5.3,5.5,6.8,4.7,5.383333333,0.837655458,7.178571429
5/13/2014,5.4,4.2,4.8,6,6.1,4.5,5.166666667,0.791622806,6.780952381
5/14/2014,3.8,3.4,4,5.8,4.3,3.8,4.183333333,0.844787942,6.592857143
5/15/2014,7.8,8.6,6.8,8.5,6.9,8.6,7.866666667,0.843010478,7.033333333
5/16/2014,10.4,11.5,9.3,12.3,8.2,10.3,10.33333333,1.47331825,7.15
5/17/2014,11.2,10.2,11.8,14.3,11.9,12,11.9,1.353513945,7.416666667
5/18/2014,13.7,12.4,12.3,12,12.3,12.2,12.48333333,0.611282804,8.188095238
5/19/2014,9.7,9,9.3,10,11.9,7.8,9.616666667,1.352651717,8.792857143
5/20/2014,10.1,9.3,8.3,12,8.6,8.2,9.416666667,1.452469162,9.4
5/21/2014,11.2,11.3,10.8,11.8,10.5,10.5,11.01666667,0.511533642,10.37619048
5/22/2014,16.5,16.8,15,17,16.6,17.5,16.56666667,0.845379599,11.61904762
5/23/2014,20.4,20.2,19.5,20.5,21.2,21,20.46666667,0.605530071,13.06666667
5/24/2014,22.3,21.1,21.3,23.8,23.1,23.3,22.48333333,1.107098309,14.57857143
5/25/2014,16.8,17.4,18.3,19.3,17,13.4,17.03333333,2.006655592,15.22857143
5/26/2014,17.3,18.5,15.5,18,16,15.2,16.75,1.375136357,16.24761905
5/27/2014,18.3,17.7,17.3,18.5,18.1,17.2,17.85,0.535723809,17.45238095
5/28/2014,18.7,19.2,17.3,19.8,18.6,18.2,18.63333333,0.854790423,18.54047619
5/29/2014,21.7,19.5,23.5,20,24.7,21.6,21.83333333,1.993656607,19.29285714
5/30/2014,16.5,15,17,16.5,19.5,16.3,16.8,1.483239697,18.76904762
5/31/2014,18.2,17.6,16,17.5,19.1,18.4,17.8,1.056409012,18.1
6/1/2014,13.4,11.8,14.5,13.5,15.1,12.4,13.45,1.237335848,17.58809524
6/2/2014,13.7,13.6,12,13,13.1,12.4,12.96666667,0.665331997,17.04761905
6/3/2014,15.3,15.1,14.3,17,16.6,15.7,15.66666667,0.997329768,16.73571429
6/4/2014,19,18.1,16.5,18.5,18.1,17.1,17.88333333,0.921773653,16.62857143
6/5/2014,17,15,16.8,15.5,18.2,16.8,16.55,1.144989083,15.87380952
6/6/2014,10.4,9.8,10,10.5,12.9,9.3,10.48333333,1.260819839,14.97142857
6/7/2014,13.1,12.3,12.3,12,13.5,12.2,12.56666667,0.592171146,14.22380952
6/8/2014,14.9,12.6,13.3,13,15.8,13.4,13.83333333,1.240430033,14.27857143
6/9/2014,16,14.1,12.8,14.5,16.2,12.8,14.4,1.484587485,14.48333333
6/10/2014,15.9,14.9,15.3,15.5,18,14.8,15.73333333,1.180960061,14.49285714
6/11/2014,11.4,12.3,10.5,14,18,11.7,12.98333333,2.719865193,13.79285714
6/12/2014,12.9,12.7,12.5,15.5,14.5,13.6,13.61666667,1.177143435,13.37380952
6/13/2014,11.7,11.3,8.5,11.3,12.9,12.7,11.4,1.578606981,13.5047619
6/14/2014,13.7,11.9,12.3,13.5,13.5,10.9,12.63333333,1.121903145,13.51428571
6/15/2014,14.8,12.1,15.3,13,16.3,14.3,14.3,1.534926708,13.58095238
6/16/2014,14.4,14.4,13.5,14.5,15.6,14.3,14.45,0.671565336,13.58809524
6/17/2014,16.8,16.4,15.3,16.8,16.3,15.1,16.11666667,0.741395081,13.64285714
6/18/2014,17.5,16,15.3,16,18.9,16.6,16.71666667,1.298332264,14.17619048
6/19/2014,17.3,16.8,16.8,17,16.4,16.3,16.76666667,0.372379735,14.62619048
6/20/2014,15.5,13.4,14.3,15,17.2,13.6,14.83333333,1.409491634,15.11666667
6/21/2014,18.5,16.9,16.8,17,20.2,17,17.73333333,1.364795467,15.8452381
6/22/2014,17.1,17.3,16.3,17.8,18.4,15.6,17.08333333,1.01077528,16.24285714
6/23/2014,17,16.2,17,17,18.2,16.4,16.96666667,0.697614985,16.60238095
6/24/2014,15.9,17.2,15,18.3,16.3,15.7,16.4,1.179830496,16.64285714
6/25/2014,15.1,17.2,14.5,17,16.7,15.4,15.98333333,1.126794865,16.53809524
6/26/2014,18.2,19.2,14.5,20,19.1,17.6,18.1,1.951409747,16.72857143
6/27/2014,20.6,19.5,14.5,20,21.5,19.8,19.31666667,2.46366935,17.36904762
6/28/2014,16.4,16.2,14.5,16.5,18,16.8,16.4,1.1296017,17.17857143
6/29/2014,16.6,16.3,14.5,16.8,17.1,16.3,16.26666667,0.917968772,17.06190476
6/30/2014,14.7,15,17.3,14.8,17.9,16,15.95,1.372224471,16.91666667
7/1/2014,15,15.8,14.5,16.5,15.1,14,15.15,0.896102673,16.73809524
7/2/2014,14.5,15.1,14.5,16,15.6,15.3,15.16666667,0.598887858,16.62142857
7/3/2014,16.6,17.4,14.8,17,17.7,17.5,16.83333333,1.070825227,16.44047619
7/4/2014,21.9,22.3,20.5,24.3,21.3,20.4,21.78333333,1.442798207,16.79285714
7/5/2014,22.8,22.9,22.5,24,25.2,23,23.4,1.017840852,17.79285714
7/6/2014,19.4,19.7,21,23.8,22.7,19.6,21.03333333,1.840289832,18.47380952
7/7/2014,17.8,17.8,17.8,18.5,19.2,17.5,18.1,0.632455532,18.78095238
7/8/2014,18.2,18,18,19.3,19.1,17.5,18.35,0.700713922,19.23809524
7/9/2014,17.7,17.6,16.8,18.5,18,17.3,17.65,0.582237065,19.59285714
7/10/2014,23.2,22.3,20.8,23.3,21.3,23,22.31666667,1.05340717,20.37619048
7/11/2014,17.6,17.4,17.3,18.3,19.6,17.5,17.95,0.882609767,19.82857143
7/12/2014,18.1,17.9,17.5,18.3,19.3,17.5,18.1,0.669328021,19.07142857
7/13/2014,14.8,13.9,13.5,16.8,15.8,13.8,14.76666667,1.303329071,18.17619048
7/14/2014,14.4,13.4,14.8,15,15.9,14,14.58333333,0.863519928,17.67380952
7/15/2014,16.2,15.8,16.3,16.5,18.8,16.8,16.73333333,1.065207335,17.44285714
7/16/2014,17,17.6,16.3,17.8,19.3,17.5,17.58333333,0.998832652,17.43333333
7/17/2014,20.6,20,16.3,21.3,20.8,19.4,19.73333333,1.806285323,17.06428571
7/18/2014,17.6,17.5,16.3,20,20.4,18.6,18.4,1.578606981,17.12857143
7/19/2014,18,18.9,17.5,19.5,18.6,16.9,18.23333333,0.954288566,17.14761905
7/20/2014,20.9,20.6,21.8,21.5,23.8,20.4,21.5,1.24579292,18.10952381
7/21/2014,18.7,19.2,21.8,18.5,21,18.6,19.63333333,1.412326686,18.83095238
7/22/2014,20.1,19.7,18.3,20.3,20,18.7,19.51666667,0.820771994,19.22857143
7/23/2014,19.8,20.2,18.5,19.5,19.9,18.8,19.45,0.665582452,19.4952381
7/24/2014,21.7,20.7,20.3,23.3,20.8,19.6,21.06666667,1.290994449,19.68571429
7/25/2014,18,17.7,17.8,17.5,20.7,17.1,18.13333333,1.294089126,19.64761905
7/26/2014,17.2,16.3,16.3,18,17.7,15.9,16.9,0.855569985,19.45714286
7/27/2014,15.5,15.3,14.5,17.8,16,15.4,15.75,1.114899099,18.63571429
7/28/2014,17.9,18.8,15.5,19.5,17.1,16.2,17.5,1.529705854,18.33095238
7/29/2014,19.5,19.4,17,19.8,18.6,18.6,18.81666667,1.016693989,18.23095238
7/30/2014,17.3,19.3,18,19.8,20.3,19,18.95,1.122051692,18.15952381
7/31/2014,20.8,21.3,18.8,19.8,20.9,20.5,20.35,0.909395404,18.05714286
8/1/2014,20.4,21.2,20.3,19.8,20.6,20.6,20.48333333,0.457893729,18.39285714
8/2/2014,20.1,18.5,20.3,19.5,20.4,18.6,19.56666667,0.847742099,18.77380952
8/3/2014,19.7,20.5,19.3,20,19.5,19.1,19.68333333,0.507608773,19.33571429
8/4/2014,19,20.1,18,21,19.9,19.6,19.6,1.021763182,19.63571429
8/5/2014,19.5,20.6,18.3,19.3,19.8,20.4,19.65,0.831264098,19.7547619
8/6/2014,18.3,18,19,18.5,22.1,18.7,19.1,1.508641773,19.77619048
8/7/2014,21.2,21.7,21,22.5,22.8,20.4,21.6,0.918694726,19.9547619
8/8/2014,24.1,23.1,23.8,26.5,22.6,22.8,23.81666667,1.435850503,20.43095238
8/9/2014,19.7,17.6,21.3,20.5,21.3,20.1,20.08333333,1.374651471,20.5047619
8/10/2014,16.1,16.2,16.5,17,16.9,15.5,16.36666667,0.557374799,20.03095238
8/11/2014,17.9,17.6,16.8,18.8,17.5,17,17.6,0.712741187,19.7452381
8/12/2014,21.2,21.4,21.8,21.3,20.3,20.1,21.01666667,0.667582704,19.94047619
8/13/2014,22.1,23,22.3,22.3,21.9,20,21.93333333,1.01718566,20.3452381
8/14/2014,24.1,24.8,24.5,24.3,24.9,23.1,24.28333333,0.65243135,20.72857143
8/15/2014,22.4,23.3,22.5,23.5,23,24.1,23.13333333,0.640832792,20.63095238
8/16/2014,18.8,19.8,18.5,21,19.1,17.1,19.05,1.306522101,20.48333333
8/17/2014,20.9,20.8,22,21,20.5,19.7,20.81666667,0.746770826,21.11904762
8/18/2014,20.6,20,21.5,20.5,21.7,19.6,20.65,0.821583836,21.5547619
8/19/2014,20.7,20.1,21.3,21,21.4,19.7,20.7,0.678232998,21.50952381
8/20/2014,20.1,19.5,20.3,19,22.6,20.5,20.33333333,1.240430033,21.28095238
8/21/2014,18.4,18.1,17.8,19.3,20,18,18.6,0.864869932,20.46904762
8/22/2014,16,16.3,16.3,16.8,16.8,15.8,16.33333333,0.40824829,19.49761905
8/23/2014,12.4,12.1,12.8,12.5,13.2,12.4,12.56666667,0.382970843,18.57142857
8/24/2014,12.6,10.6,13.3,12.5,14.3,11.4,12.45,1.318711492,17.37619048
8/25/2014,11.5,11.5,11,10.5,10.6,9.6,10.78333333,0.719490561,15.96666667
8/26/2014,12.7,12.9,11,13,13,11.8,12.4,0.822192192,14.78095238
8/27/2014,17.9,17.9,16.3,18,16.6,16.7,17.23333333,0.778888096,14.33809524
8/28/2014,22.8,21.3,20.8,21,22.4,21.4,21.61666667,0.801040989,14.76904762
8/29/2014,15.5,15.6,16.8,17.5,15.8,15.8,16.16666667,0.801664934,14.7452381
8/30/2014,15.8,15.6,15.5,15.3,15.4,13.8,15.23333333,0.722956891,15.12619048
8/31/2014,16.8,15.7,17.3,16,17.4,16.2,16.56666667,0.706163343,15.71428571
9/1/2014,15.7,14.7,16,15.3,16.4,15.1,15.53333333,0.62182527,16.39285714
9/2/2014,15.6,14.9,15.3,14.5,17,14.5,15.3,0.940212742,16.80714286
9/3/2014,13.4,15.9,12.5,14.8,14.4,14.8,14.3,1.193314711,16.38809524
9/4/2014,11.7,11.2,14.5,13.8,13,11.9,12.68333333,1.298332264,15.11190476
9/5/2014,13.6,13.4,14.3,14.3,14.7,12.5,13.8,0.8,14.77380952
9/6/2014,15.4,14.6,15.8,16.5,16.5,14.8,15.6,0.81731267,14.82619048
9/7/2014,16.5,16.6,16.3,16.5,16.6,16.3,16.46666667,0.13662601,14.81190476
9/8/2014,12.7,10.6,13.3,10.5,12,9.3,11.4,1.517893277,14.22142857
9/9/2014,6.2,5,5.8,5.3,7.7,5.2,5.866666667,0.999333111,12.87380952
9/10/2014,6,5.3,6.3,5,7,4.6,5.7,0.894427191,11.6452381
9/11/2014,5.4,4,5.5,3.3,7.6,4.9,5.116666667,1.482452922,10.56428571
9/12/2014,5.9,5.7,6.8,6,7.5,6,6.316666667,0.691134333,9.495238095
9/13/2014,7.6,6.9,7.3,7.5,9.5,8,7.8,0.907744457,8.380952381
9/14/2014,5.5,5.5,6.3,6,8.8,6.3,6.4,1.229634092,6.942857143
9/15/2014,10.8,10.4,10,11.3,10.3,10.4,10.53333333,0.454606057,6.819047619
9/16/2014,13,12.9,13,13.5,10.3,13.1,12.63333333,1.162181856,7.785714286
9/17/2014,11.8,11.6,10,12.5,9.4,10,10.88333333,1.243248433,8.526190476
9/18/2014,11.8,17.1,15.8,17.5,13.7,13.4,14.88333333,2.267524348,9.921428571
9/19/2014,17.3,15.3,18.5,16.5,18.2,15.8,16.93333333,1.290994449,11.43809524
9/20/2014,14.5,12.9,14.8,15.5,15.8,13.7,14.53333333,1.093008082,12.4
9/21/2014,12.8,12.9,13.3,13.8,14.5,13.8,13.51666667,0.643169236,13.41666667
9/22/2014,16.1,16.2,15,16,16.2,15.5,15.83333333,0.484424057,14.17380952
9/23/2014,18.3,18.6,18,18.8,18.9,17.8,18.4,0.442718872,14.99761905
9/24/2014,18.5,17.7,19.5,19.5,20.6,18.8,19.1,0.997997996,16.17142857
9/25/2014,23.5,23.3,21.8,22.3,23.4,22.8,22.85,0.683373983,17.30952381
9/26/2014,23.2,22.1,23.5,22.3,24.7,22.6,23.06666667,0.960555395,18.18571429
9/27/2014,14.6,11.9,14.5,12,16.3,12.9,13.7,1.730895722,18.06666667
9/28/2014,8.6,7.8,8,8,9.1,6.9,8.066666667,0.747440076,17.28809524
9/29/2014,8.3,8.4,7.8,8.5,8,7.6,8.1,0.357770876,16.18333333
9/30/2014,9.8,10.6,9.3,11,11.6,9.6,10.31666667,0.895358401,15.02857143
10/1/2014,9.3,9.3,11.5,12,12.2,10.7,10.83333333,1.295633693,13.84761905
10/2/2014,5.6,4.6,7.5,4.3,8.3,4.6,5.816666667,1.691646141,11.41428571
10/3/2014,1.2,0.4,1.8,1.8,2.7,0.4,1.383333333,0.899814796,8.316666667
10/4/2014,1.4,1.3,1.8,1.5,2.2,0.8,1.5,0.473286383,6.573809524
10/5/2014,4.5,4.9,5.8,5.5,6.4,5.1,5.366666667,0.68019605,6.188095238
10/6/2014,9,8.8,7.5,7.8,7.9,7.6,8.1,0.638748777,6.188095238
10/7/2014,7.4,6.3,9.8,9.5,8,8,8.166666667,1.309452812,5.880952381
10/8/2014,4.4,3.8,5,9.5,4.7,3.4,5.133333333,2.217806724,5.066666667
10/9/2014,3.9,3.9,3,4.5,2.5,3.6,3.566666667,0.71460945,4.745238095
10/10/2014,7.3,8.4,6.8,8.8,7.3,8.5,7.85,0.81670068,5.669047619
10/11/2014,12,12.6,10.5,13,10.3,12.9,11.88333333,1.202358793,7.152380952
10/12/2014,10.1,10.6,10.5,11,12,10.2,10.73333333,0.697614985,7.919047619
10/13/2014,9.5,8.7,9.8,9,9.6,8.7,9.216666667,0.479235502,8.078571429
10/14/2014,10.7,10.5,9,11.3,10.1,11,10.43333333,0.814043406,8.402380952
10/15/2014,9.5,10.8,7.8,11,14,12.4,10.91666667,2.165563822,9.228571429
10/16/2014,7.3,7,7.8,7.5,7.5,8.2,7.55,0.413521463,9.797619048
10/17/2014,3.5,3.6,7.8,5,4.6,1,4.25,2.228676737,9.283333333
10/18/2014,8.9,8.6,7.8,9,6.8,5.2,7.716666667,1.483801424,8.688095238
10/19/2014,11,10.6,7.8,12,12,11.6,10.83333333,1.587030771,8.702380952
10/20/2014,12.8,12.7,10.8,12.5,10.5,12.8,12.01666667,1.068488028,9.102380952
10/21/2014,12.1,12.7,11.5,13.8,14.4,14.5,13.16666667,1.251665557,9.492857143
10/22/2014,8.8,7.4,10.3,10,12.6,10.4,9.916666667,1.741742423,9.35
10/23/2014,9.9,9.2,11.8,8.8,11.2,8.6,9.916666667,1.318205851,9.688095238
10/24/2014,9.1,7.4,9,11,10.8,10.7,9.666666667,1.416568624,10.46190476
10/25/2014,6.2,5.2,7.5,6.3,8,6.3,6.583333333,1.006810144,10.3
10/26/2014,8.4,8.5,8,7.8,10.4,7.1,8.366666667,1.114749598,9.947619048
10/27/2014,2.9,2.9,2.8,2,3,1.5,2.516666667,0.617791766,8.59047619
10/28/2014,1.6,0.2,2.8,2,0.9,-0.8,1.116666667,1.296790911,6.869047619
10/29/2014,3.6,3.5,2.8,4.5,2.9,2.2,3.25,0.796868873,5.916666667
10/30/2014,-2.5,-2.2,2.8,-0.3,-2.8,-2.5,-1.25,2.178761116,4.321428571
10/31/2014,-1,0.5,2.8,1.3,-1.8,-1.2,0.1,1.754992877,2.954761905
11/1/2014,3,4.7,2.8,5,3.4,4.2,3.85,0.915969432,2.564285714
11/2/2014,2.6,3,2.8,2.3,3.3,1.9,2.65,0.500999002,1.747619048
11/3/2014,2.2,3.2,2.8,4,0.9,0.8,2.316666667,1.278149704,1.719047619
11/4/2014,3.4,3.2,2.8,2.5,3.7,1.9,2.916666667,0.655489639,1.976190476
11/5/2014,0.7,0.2,2.8,3.5,0,0.1,1.216666667,1.532862246,1.685714286
11/6/2014,0.6,-0.2,2.8,3.5,-0.8,1.1,1.166666667,1.683646835,2.030952381
11/7/2014,5.6,5.9,2.8,3,5,3.7,4.333333333,1.34412301,2.635714286
11/8/2014,-0.8,-2.4,2.8,-1.3,-0.6,-3.4,-0.95,2.118253998,1.95
11/9/2014,-6.6,-8.6,2.8,-7.3,-6.4,-9.9,-6,4.508214724,0.714285714
11/10/2014,-10.9,-12.2,2.8,-12,-9.7,-9.9,-8.65,5.703595357,-0.852380952
11/11/2014,-11.3,-13.1,2.8,-10.5,-8.5,-9.9,-8.416666667,5.702777101,-2.471428571
11/12/2014,-12.4,-14.4,2.8,-10.5,-10,-13.1,-9.6,6.29062795,-4.016666667
11/13/2014,-13.2,-14.7,2.8,-10.5,-11.7,-12.9,-10.03333333,6.445360088,-5.616666667
11/14/2014,-13.9,-15.4,2.8,-15,-12.7,-14.9,-11.51666667,7.081078072,-7.880952381
11/15/2014,-15.5,-16.3,2.8,-13.8,-12.5,-14.1,-11.56666667,7.163146422,-9.397619048
11/16/2014,-12.6,-12.8,2.8,-10,-9.8,-12.3,-9.116666667,5.984786267,-9.842857143
11/17/2014,-13.3,-12.9,2.8,-11.3,-11.3,-13.8,-9.966666667,6.339610924,-10.03095238
11/18/2014,-9.5,-11.3,2.8,-12.3,-8.9,-11.5,-8.45,5.658886816,-10.03571429
11/19/2014,-12,-10.4,2.8,-9.8,-9.5,-10.9,-8.3,5.509264924,-9.85
11/20/2014,-10.2,-8.9,2.8,-5.5,-11.6,-10.9,-7.383333333,5.43375254,-9.471428571
11/21/2014,0.4,-1.4,2.8,-1.5,-0.6,-3.4,-0.616666667,2.090374767,-7.914285714
11/22/2014,-1.3,-1.6,2.8,-1.8,-2.5,0.3,-0.683333333,1.942592769,-6.35952381
11/23/2014,-6.6,-6.3,2.8,-9.5,-6.2,-12.7,-6.416666667,5.177418919,-5.973809524
11/24/2014,-9.9,-9.3,2.8,-8.3,-10.9,-12.4,-8,5.473572873,-5.692857143
11/25/2014,-7.6,-9.1,2.8,-8,-10.1,-10,-7,4.907545211,-5.485714286
11/26/2014,-18.9,-20.3,2.8,-19.8,-20.9,-19.9,-16.16666667,9.314862676,-6.60952381
11/27/2014,-18.7,-14.8,2.8,-15.5,-18.8,-17.5,-13.75,8.272061412,-7.519047619
11/28/2014,-12.2,-11.9,2.8,-11.3,-11.2,-13,-9.466666667,6.045053074,-8.783333333
11/29/2014,-18.1,-18.3,2.8,-20,-17.1,-19.9,-15.1,8.839683252,-10.84285714
11/30/2014,-23.5,-24.5,2.8,-23.3,-23.1,-25.2,-19.46666667,10.93776333,-12.70714286
12/1/2014,-19.4,-20.8,2.8,-20,-21.6,-20.2,-16.53333333,9.500877152,-13.92619048
12/2/2014,-13.6,-11.9,2.8,-11.3,-15.1,-14.8,-10.65,6.761878437,-14.44761905
12/3/2014,-15.4,-16.4,2.8,-14.5,-16,-15,-12.41666667,7.485563884,-13.91190476
12/4/2014,-14.3,-14,2.8,-13.3,-13.8,-9.8,-10.4,6.674428815,-13.43333333
12/5/2014,-12.3,-12.8,2.8,-10,-13,-9.2,-9.083333333,6.026082199,-13.37857143
12/6/2014,-8.9,-7.7,2.8,-9.3,-11.3,-7.3,-6.95,4.979859436,-12.21428571
12/7/2014,-4.7,-5.2,2.8,-5,-6.3,-6.2,-4.1,3.442092387,-10.01904762
12/8/2014,-9,-8.4,2.8,-6.5,-13.2,-11.1,-7.566666667,5.578052229,-8.738095238
12/9/2014,-5.1,-4.3,2.8,-1.5,-11.3,-6.8,-4.366666667,4.77730747,-7.84047619
12/10/2014,0.3,1.2,2.8,2.5,-3.9,1.5,0.733333333,2.443494765,-5.961904762
12/11/2014,1.5,1.1,2.8,1,-1.1,2.5,1.3,1.387083271,-4.29047619
12/12/2014,0.4,1.3,2.8,2,-0.2,4,1.716666667,1.552310106,-2.747619048
12/13/2014,1.2,1.4,2.8,1.5,-0.1,3.5,1.716666667,1.270301801,-1.50952381
12/14/2014,-1.7,-1.7,2.8,-1.8,-2.3,-3.2,-1.316666667,2.097061436,-1.111904762
12/15/2014,-5.3,-5.2,2.8,-4.3,-5.5,-6,-3.916666667,3.336714951,-0.59047619
12/16/2014,-7.9,-7.1,2.8,-6.5,-13.6,-8.7,-6.833333333,5.355246649,-0.942857143
12/17/2014,-8,-7.8,2.8,-7.3,-15.4,-10.3,-7.666666667,5.942277902,-2.142857143
12/18/2014,-6.2,-5.6,2.8,-5.8,-10.9,-7.6,-5.55,4.539493364,-3.121428571
12/19/2014,-5.3,-5.6,2.8,-6.5,-4.4,-5.6,-4.1,3.446737588,-3.952380952
12/20/2014,-4.2,-5.9,2.8,-4.3,-3.9,-6.9,-3.733333333,3.405094223,-4.730952381
12/21/2014,-6.2,-7.1,2.8,-6.5,-5.6,-5.7,-4.716666667,3.723125927,-5.216666667
12/22/2014,-2.4,-3.8,2.8,-4,-1.7,-5.1,-2.366666667,2.804757862,-4.995238095
12/23/2014,-4.2,-6.5,2.8,-5.5,-3.7,-4.8,-3.65,3.309833833,-4.54047619
12/24/2014,-2.5,-4.7,2.8,-6.5,-4.2,-5.1,-3.366666667,3.28856605,-3.926190476
12/25/2014,-9.7,-10.3,2.8,-10.5,-7,-11,-7.616666667,5.295060591,-4.221428571
12/26/2014,-15.2,-16,2.8,-16.3,-16.6,-16.9,-13.03333333,7.778603131,-5.497619048
12/27/2014,-9.1,-11.5,2.8,-12,-15.2,-14.2,-9.866666667,6.564652821,-6.373809524
12/28/2014,-18.8,-22.9,-22,-25,-23.4,-24.6,-22.78333333,2.240014881,-8.954761905
12/29/2014,-24.4,-26.9,-25.8,-25.5,-25.6,-26.2,-25.73333333,0.828653526,-12.29285714
12/30/2014,-20.8,-20.4,-19.5,-18.8,-20.9,-21.7,-20.35,1.044509454,-14.67857143
12/31/2014,-8.8,-8.1,-10.5,-10.3,-8.7,-10.9,-9.55,1.155422001,-15.56190476
1/1/2015,-3.7,-3.5,-10.5,-4,-6.8,-7.7,-6.033333333,2.804044698,-15.33571429
1/2/2015,-8,-7.8,-10.5,-10.5,-10.1,-14.4,-10.21666667,2.384463601,-14.93333333
1/3/2015,-20.2,-23.8,-21,-22,-22.6,-25.8,-22.56666667,2.017589321,-16.74761905
1/4/2015,-27.9,-30.1,-28.5,-28.5,-28.9,-31.7,-29.26666667,1.399523729,-17.67380952
1/5/2015,-23.8,-27.8,-23.5,-26.5,-23.5,-25.5,-25.1,1.801110768,-17.58333333
1/6/2015,-21.4,-22.9,-22,-22.5,-20.9,-22.9,-22.1,0.822192192,-17.83333333
1/7/2015,-20.8,-22.9,-20.3,-20,-21.8,-22.2,-21.33333333,1.144843512,-19.51666667
1/8/2015,-15,-15.5,-17,-16,-15.9,-18.1,-16.25,1.122051692,-20.97619048
1/9/2015,-20.9,-22.3,-17,-20.5,-21.3,-21.8,-20.63333333,1.89067889,-22.46428571
1/10/2015,-22.4,-24.1,-17,-23.5,-24.2,-23.8,-22.5,2.771281292,-22.4547619
1/11/2015,-21.5,-22.6,-17,-21,-21.5,-23,-21.1,2.144761059,-21.28809524
1/12/2015,-20.7,-22.7,-17,-21,-24.7,-21.2,-21.21666667,2.546697207,-20.73333333
1/13/2015,-12.5,-12.4,-15.5,-10.5,-14.4,-12,-12.88333333,1.788202077,-19.41666667
1/14/2015,-5.2,-6.2,-5.5,-5,-4.8,-5.8,-5.416666667,0.523131596,-17.14285714
1/15/2015,-3.5,-4.2,-3.5,-2.8,-5.8,-3.3,-3.85,1.055935604,-15.37142857
1/16/2015,-3.7,-3,-5.8,-3,-6.8,-6.1,-4.733333333,1.694304184,-13.1
1/17/2015,-1.2,-2.4,-3.3,-0.3,-2.1,-2,-1.883333333,1.030372101,-10.1547619
1/18/2015,-7.1,-7.9,-8.3,-6.3,-8.1,-7.8,-7.583333333,0.749444239,-8.223809524
1/19/2015,-3.4,-4.1,-6.5,-3.3,-5.9,-6.7,-4.983333333,1.562583331,-5.904761905
1/20/2015,-3.2,-4.7,-4,-3.3,-5.6,-4.1,-4.15,0.900555384,-4.657142857
1/21/2015,-7.6,-8.3,-7,-5.5,-8.6,-6.5,-7.25,1.160603291,-4.919047619
1/22/2015,-1.1,-0.1,-2.5,-0.5,-3.1,-0.8,-1.35,1.186170308,-4.561904762
1/23/2015,0.3,0,0.8,0.5,0.7,-0.4,0.316666667,0.45350487,-3.84047619
1/24/2015,-1.3,-2,-1.5,-0.5,-4.1,-1.5,-1.816666667,1.220519015,-3.830952381
1/25/2015,-0.4,-1.6,-1.5,-0.5,-3.8,-3.1,-1.816666667,1.376105616,-3.007142857
1/26/2015,2.4,2.2,1.5,4,-0.7,1.7,1.85,1.529378959,-2.030952381
1/27/2015,1.6,0.2,-3,0,-1.4,1.6,-0.166666667,1.786243731,-1.461904762
1/28/2015,-3.2,-3.1,-3.8,-1.5,-2.9,-4.9,-3.233333333,1.116542282,-0.888095238
1/29/2015,-7.1,-7.8,-10.3,-7,-9.6,-10.2,-8.666666667,1.540995349,-1.933333333
1/30/2015,-7.8,-8.5,-10.8,-7,-8.3,-8.8,-8.533333333,1.276975594,-3.197619048
1/31/2015,-14.1,-15.4,-18,-16.3,-15.4,-20.4,-16.6,2.263625411,-5.30952381
2/1/2015,-19.5,-20.2,-23.3,-19,-22.6,-22,-21.1,1.77087549,-8.064285714
2/2/2015,-14.9,-16.6,-17.5,-16,-16.9,-17.5,-16.56666667,0.995322393,-10.6952381
2/3/2015,-17.4,-18.2,-16,-16.8,-16.8,-17,-17.03333333,0.731209044,-13.1047619
2/4/2015,-19.4,-21.2,-19.5,-19.3,-20.8,-19,-19.86666667,0.902588869,-15.48095238
2/5/2015,-10.9,-12.7,-13.3,-11.3,-11.2,-12.1,-11.91666667,0.947452725,-15.9452381
2/6/2015,-11.9,-11.9,-13.3,-6,-13,-14.5,-11.76666667,2.987752779,-16.40714286
2/7/2015,-4.7,-6.8,-13.3,-10,-11.4,-12.9,-9.85,3.448332931,-15.44285714
2/8/2015,-13.7,-13,-13.3,-11.5,-15.7,-15.7,-13.81666667,1.637579515,-14.40238095
2/9/2015,-11.5,-11.8,-13,-11.3,-13.1,-13.2,-12.31666667,0.875023809,-13.7952381
2/10/2015,-13.7,-14.2,-11.8,-12.5,-13.9,-14.4,-13.41666667,1.034246908,-13.27857143
2/11/2015,-21.4,-22.5,-20,-19.3,-23,-22.2,-21.4,1.468332387,-13.49761905
2/12/2015,-13.9,-14.3,-19.5,-14.5,-20,-18.2,-16.73333333,2.80760871,-14.18571429
2/13/2015,-8.2,-9.1,-10,-7.3,-13.3,-11.3,-9.866666667,2.18235347,-13.91428571
2/14/2015,-17.5,-17.3,-22.3,-16.5,-23.5,-22.5,-19.93333333,3.148121133,-15.3547619
2/15/2015,-13,-11.4,-15.3,-11.3,-15.9,-15,-13.65,2.030517175,-15.33095238
2/16/2015,-14.1,-14.1,-15.3,-13.5,-16.1,-16,-14.85,1.098635517,-15.69285714
2/17/2015,-21.9,-22.1,-21.8,-20.5,-22.6,-22,-21.81666667,0.702614166,-16.89285714
2/18/2015,-22.4,-22.3,-22.3,-19,-23.4,-20,-21.56666667,1.683646835,-16.91666667
2/19/2015,-8.1,-7,-15.3,-8,-16.3,-12.9,-11.26666667,4.078561838,-16.13571429
2/20/2015,-5.7,-6.7,-6.8,-5.3,-9.1,-9,-7.1,1.616168308,-15.74047619
2/21/2015,-20.6,-21.8,-20,-21.3,-22.3,-23,-21.5,1.1027239,-15.96428571
2/22/2015,-27,-25.9,-23.5,-19.5,-27.5,-22.5,-24.31666667,3.066213735,-17.48809524
2/23/2015,-10.5,-13.2,-16.3,-12.5,-14.3,-13.1,-13.31666667,1.925010822,-17.26904762
2/24/2015,-7.1,-7.2,-9.3,-6.8,-7.1,-10.9,-8.066666667,1.659718852,-15.3047619
2/25/2015,-18.9,-19.6,-17.3,-18,-18.5,-19.6,-18.65,0.909395404,-14.88809524
2/26/2015,-23.7,-25,-23,-23,-20.9,-21.9,-22.91666667,1.419037232,-16.55238095
2/27/2015,-18.3,-20.1,-21.3,-19.8,-21.1,-18.8,-19.9,1.201665511,-18.38095238
2/28/2015,-18,-19.1,-18.5,-17.5,-15.5,-18.8,-17.9,1.30690474,-17.86666667
3/1/2015,-12.8,-13.6,-12.5,-13.3,-12.9,-12.4,-12.91666667,0.462240918,-16.23809524
3/2/2015,-10.7,-11.3,-11.5,-11.5,-11.4,-11.4,-11.3,0.303315018,-15.95
3/3/2015,-18.6,-20.2,-18.3,-18.5,-16.3,-20.3,-18.7,1.468332387,-17.46904762
3/4/2015,-24.6,-25.6,-23.3,-25.3,-22.6,-23.9,-24.21666667,1.165189541,-18.26428571
3/5/2015,-13.5,-12.6,-17.5,-13.5,-16.1,-15.9,-14.85,1.918071949,-17.11190476
3/6/2015,-4.8,-5.8,-4.5,-4.3,-5.3,-6,-5.116666667,0.696897888,-15
3/7/2015,-2,-4.4,-2.5,-2,-3,-3.5,-2.9,0.938083152,-12.85714286
3/8/2015,0.6,-0.5,-1,-0.8,-1.4,-3,-1.016666667,1.183920042,-11.15714286
3/9/2015,4.1,1.1,1.8,2,-0.6,0.2,1.433333333,1.632993162,-9.338095238
3/10/2015,4.4,3.2,3.3,3.5,3.3,1.4,3.183333333,0.978604449,-6.211904762
3/11/2015,3.5,1.8,3,2,3.9,0.4,2.433333333,1.290994449,-2.404761905
3/12/2015,4.5,2.5,4,2.5,2.9,2.6,3.166666667,0.866410218,0.169047619
3/13/2015,6.7,5.8,4.8,6,4.9,2.3,5.083333333,1.538072387,1.626190476
3/14/2015,8.2,7.2,6.5,7,6.7,5.5,6.85,0.887130205,3.019047619
3/15/2015,7.2,6.8,9,6,8.4,6.1,7.25,1.222701926,4.2
3/16/2015,-0.6,-0.6,1,0.8,1.6,-0.3,0.316666667,0.938971068,4.04047619
3/17/2015,-1.2,-0.5,-0.8,0.8,0.4,-1.2,-0.416666667,0.840039682,3.526190476
3/18/2015,1.4,2.3,1,0.8,1.2,1.4,1.35,0.520576603,3.371428571
3/19/2015,4.2,3.8,4.8,3.5,3.6,3.2,3.85,0.571839138,3.469047619
3/20/2015,0.3,0.1,-2.5,-0.3,-2.1,-2.4,-1.15,1.317193987,2.578571429
3/21/2015,-4.5,-4.1,-7.3,-3.3,-6.6,-6.3,-5.35,1.597185024,0.835714286
3/22/2015,0.7,0.5,-2.3,0,-3.7,-3.3,-1.35,1.983683442,-0.392857143
3/23/2015,-1.3,-2,-2.8,-1.5,-1.3,-3.2,-2.016666667,0.813428956,-0.726190476
3/24/2015,-1.6,-1.9,-1,-1.5,-1.3,-1.8,-1.516666667,0.331159579,-0.883333333
3/25/2015,-1,-2.4,-2,-1.3,-2.4,-2.5,-1.933333333,0.637704216,-1.352380952
3/26/2015,-0.5,0.8,-2.5,0.5,-3.6,-3.2,-1.416666667,1.926049497,-2.104761905
3/27/2015,6,6.1,3.8,6.5,-0.5,2,3.983333333,2.790997432,-1.371428571
3/28/2015,10.4,9.5,8.3,10,5.3,7.1,8.433333333,1.953117167,0.597619048
3/29/2015,7,6.8,6,7.3,6.8,5.5,6.566666667,0.677249339,1.728571429
3/30/2015,8.4,7.9,7.5,8.5,8.2,6.6,7.85,0.712039325,3.138095238
3/31/2015,9.5,9.7,7,11,7.2,6.8,8.533333333,1.761438806,4.573809524
4/1/2015,7.1,6.8,7,8.5,8.4,6.7,7.416666667,0.813428956,5.90952381
4/2/2015,-1.7,-1.7,-1.8,-1.5,-0.2,-4.7,-1.933333333,1.48144074,5.835714286
4/3/2015,-0.8,-1,-1,0.5,-1,-3.3,-1.1,1.226376777,5.10952381
4/4/2015,0.7,0.6,-1,2,-2.2,-2.6,-0.416666667,1.811537101,3.845238095
4/5/2015,-2.8,-1.9,-2.5,0,-2,-4.9,-2.35,1.585875153,2.571428571
4/6/2015,-2.8,-2.1,-1.8,-1.8,-1.1,-2,-1.933333333,0.550151494,1.173809524
4/7/2015,-0.8,-0.3,-1.8,1,-1.2,-1.7,-0.8,1.044988038,-0.15952381
4/8/2015,1.1,2.5,0.8,4.5,1.5,2.8,2.2,1.37113092,-0.904761905
4/9/2015,6.2,6,6.5,8,6,4.6,6.216666667,1.092550533,0.25952381
4/10/2015,6.7,7,5.8,7.3,4.6,6.1,6.25,0.981325634,1.30952381
4/11/2015,12.9,12,5.8,11,12.3,12,11,2.620686933,2.94047619
4/12/2015,7.2,7.1,10,9,8.6,7.3,8.2,1.188276062,4.447619048
4/13/2015,6.5,6.3,5.8,7.3,6.7,5.4,6.333333333,0.671317113,5.628571429
4/14/2015,11.9,11.7,10,10,11.7,9.9,10.86666667,0.989275829,7.295238095
4/15/2015,11.5,10.7,15,10.5,14.8,12,12.41666667,1.999416582,8.754761905
4/16/2015,7.5,6.3,8.8,8.5,9.8,7.9,8.133333333,1.197775716,9.028571429
4/17/2015,9.8,9.3,10.3,12.5,9.9,9.6,10.23333333,1.158734942,9.597619048
4/18/2015,11.4,8.6,12,10,10.8,9.1,10.31666667,1.3242608,9.5
4/19/2015,2.5,1.6,4.3,6.8,4.7,4.2,4.016666667,1.814846183,8.902380952
4/20/2015,2.6,1.9,2.3,3.5,4.2,1.8,2.716666667,0.949561302,8.385714286
4/21/2015,1.2,1.3,2.8,2.5,2.8,1.6,2.033333333,0.750111103,7.123809524
4/22/2015,3.1,3.3,2.5,3.3,2,3.7,2.983333333,0.621020665,5.776190476
4/23/2015,2.9,4.5,3.5,3.3,3.9,3.4,3.583333333,0.552871293,5.126190476
4/24/2015,7.3,8.2,8.3,7,7.8,6.9,7.583333333,0.604703784,4.747619048
4/25/2015,9.8,9.5,8.8,9,8.8,9.3,9.2,0.404969135,4.588095238
4/26/2015,7.2,5.4,8,5.5,10.6,4.7,6.9,2.192715212,5
4/27/2015,9.5,9.2,9.5,10.5,9,8.5,9.366666667,0.668331255,5.95
4/28/2015,10.1,10.3,10.3,12,10.1,10.8,10.6,0.732120209,7.173809524
4/29/2015,13.8,14.3,15.8,13.5,14.3,15,14.45,0.836062199,8.811904762
4/30/2015,12.4,12,13.3,15.3,13.3,13.5,13.3,1.143678276,10.2
5/1/2015,12.7,11.6,12.5,13.5,13.9,13.7,12.98333333,0.877306484,10.97142857
5/2/2015,13.4,12.3,15,14.8,16.1,13.2,14.13333333,1.402378931,11.67619048
5/3/2015,9,8.4,9.3,11,10.3,8.5,9.416666667,1.034246908,12.03571429
5/4/2015,10.3,10.2,10,11,9.8,10.3,10.26666667,0.40824829,12.16428571
5/5/2015,16.3,16.7,15,16,15.9,16.6,16.08333333,0.617791766,12.94761905
5/6/2015,13.9,13.6,13.5,13.5,15.6,13.6,13.95,0.821583836,12.87619048
5/7/2015,5.9,6,8.8,6.8,9.2,5.8,7.083333333,1.531556942,11.98809524
5/8/2015,3,2,3.3,3.5,3.4,2.2,2.9,0.64498062,10.54761905
5/9/2015,4.6,3.7,4,4.3,3.8,4.4,4.133333333,0.355902608,9.119047619
5/10/2015,5.7,4.9,5.3,6.8,4.9,6.9,5.75,0.902773504,8.595238095
5/11/2015,5.9,7,7,8.8,7.1,6.1,6.983333333,1.026482667,8.126190476
5/12/2015,8.6,8.7,6.8,8.5,5.9,6.1,7.433333333,1.31402689,6.89047619
5/13/2015,7.2,6.6,5.8,7,7.2,6.1,6.65,0.59245253,5.847619048
5/14/2015,6.5,7.5,7.8,9.5,7.2,8.3,7.8,1.027618606,5.95
5/15/2015,8,8.2,8,9.8,10.4,9.7,9.016666667,1.070358195,6.823809524
5/16/2015,7.8,11.1,8,10,8.5,11.5,9.483333333,1.609244129,7.588095238
5/17/2015,5.2,4.8,8,5,4.4,1.7,4.85,2.00972635,7.45952381
5/18/2015,4,3.5,8,5.5,4.9,4.1,5,1.632176461,7.176190476
5/19/2015,7.7,7.3,7.8,8.3,7.9,8.7,7.95,0.488876262,7.25
5/20/2015,12,12.6,12.5,13.8,13.9,12.8,12.93333333,0.758067719,8.147619048
5/21/2015,14.3,13.5,14.5,15,15,15.1,14.56666667,0.61210021,9.114285714
5/22/2015,15.4,14.7,15.8,15.5,16.4,17.2,15.83333333,0.868715527,10.08809524
5/23/2015,16.4,15.5,17.3,17.5,17.9,17.6,17.03333333,0.907009739,11.16666667
5/24/2015,16.3,16.5,17,18.5,18.3,18.2,17.46666667,0.981155781,12.96904762
5/25/2015,16.4,16.9,17.3,17,19.1,18.4,17.51666667,1.02257844,14.75714286
5/26/2015,19.5,18.1,19.3,18.5,20.2,19.3,19.15,0.747663026,16.35714286
5/27/2015,15.4,14.8,16,17.5,16,14.3,15.66666667,1.120119041,16.74761905
5/28/2015,14.4,14.2,16.8,17,15.4,14.8,15.43333333,1.209407568,16.87142857
5/29/2015,9.2,8.7,8.5,10.5,8.3,6.8,8.666666667,1.207752734,15.84761905
5/30/2015,8.3,9.5,6.8,9.8,5.9,5.9,7.7,1.749285568,14.51428571
5/31/2015,13.7,13.6,13.3,14.5,13.1,9.9,13.01666667,1.600520749,13.87857143
6/1/2015,18.9,18.7,18,20.5,18.3,16.2,18.43333333,1.396662689,14.00952381
6/2/2015,13.7,14.5,14.3,13.5,13.6,14.1,13.95,0.408656335,13.26666667
6/3/2015,12.2,12.6,13.5,15.5,13.9,13.9,13.6,1.162755348,12.97142857
6/4/2015,12.8,13.8,11.8,10,13.4,13.5,12.55,1.436314729,12.55952381
6/5/2015,17.9,16.4,16.8,15,16.4,15.6,16.35,0.999499875,13.65714286
6/6/2015,19.2,18.9,19,19.3,19.9,18.7,19.16666667,0.417931414,15.2952381
6/7/2015,19.4,19.9,19.3,21,20.6,19.5,19.95,0.700713922,16.28571429
6/8/2015,20.4,21,20.5,22.5,21.3,20.9,21.1,0.761577311,16.66666667
6/9/2015,18.3,18.5,20.8,20.8,19.7,19.5,19.6,1.077032961,17.47380952
6/10/2015,15.8,16.4,16,19.8,17.3,17.5,17.13333333,1.474675105,17.97857143
6/11/2015,16.8,17.1,16.8,17,18.5,17.8,17.33333333,0.68019605,18.66190476
6/12/2015,21.7,21.1,21.3,22.8,20.8,21,21.45,0.728697468,19.39047619
6/13/2015,16.3,16.1,21.3,16,18.5,16.6,17.46666667,2.092526384,19.14761905
6/14/2015,14,12.8,14,14.5,17.3,13.5,14.35,1.555313473,18.34761905
6/15/2015,12,12.5,12.8,14,14.1,12.2,12.93333333,0.907009739,17.18095238
6/16/2015,14.2,14.4,12.5,15,14,14.5,14.1,0.85322916,16.3952381
6/17/2015,18.1,17,17.8,19.5,17.7,17.2,17.88333333,0.888631907,16.50238095
6/18/2015,14.2,12.8,13.5,13,13.6,11.6,13.11666667,0.890879715,15.9
6/19/2015,16.6,16.7,16.5,16.3,17.3,16.7,16.68333333,0.337144875,15.21904762
6/20/2015,18.1,17.4,17.3,17,16.6,16,17.06666667,0.720185161,15.16190476
6/21/2015,17.4,16.1,16.3,16.5,17.5,15.8,16.6,0.698569968,15.48333333
6/22/2015,15.6,16.5,17,18,18,15.9,16.83333333,1.025020325,16.04047619
6/23/2015,18.4,18.7,17,23,18.9,17.7,18.95,2.104043726,16.73333333
6/24/2015,18.5,18.2,18.8,18.5,18.9,17.7,18.43333333,0.436653944,16.81190476
6/25/2015,20.1,20.2,18.8,20,20.1,20,19.86666667,0.527888877,17.77619048
6/26/2015,20.4,21.3,18.8,21.5,20.3,20.5,20.46666667,0.956382071,18.31666667
6/27/2015,22.1,22,20.8,22,22.7,21.3,21.81666667,0.667582704,18.9952381
6/28/2015,20.3,22,20.8,22.5,20.7,21.2,21.25,0.84083292,19.65952381
6/29/2015,22.8,23.6,20.8,23.3,22,23.6,22.68333333,1.103479346,20.4952381
6/30/2015,17.8,17.5,18.3,18,18.4,17.4,17.9,0.409878031,20.3452381
7/1/2015,19.3,19.2,18.5,18.8,18,18.4,18.7,0.497995984,20.38333333
7/2/2015,19.8,20,18.8,20.3,19.7,20,19.76666667,0.516397779,20.36904762
7/3/2015,19.5,20.7,19.5,21.8,21,20.1,20.43333333,0.907009739,20.36428571
7/4/2015,22.5,20.8,22.3,22.3,23.5,23.1,22.41666667,0.926102946,20.45
7/5/2015,16.7,17,18.8,19.3,17.5,17.8,17.85,1.017349497,19.96428571
7/6/2015,15.2,15.3,14.3,16.5,14.1,14.3,14.95,0.911592014,18.85952381
7/7/2015,16.6,17.3,14.5,17.5,15.5,16,16.23333333,1.1378342,18.62142857
7/8/2015,15.1,15,15.8,15.5,16.6,14.4,15.4,0.756306816,18.15
7/9/2015,21,21,18.5,22.5,20.1,20.6,20.61666667,1.310597828,18.27142857
7/10/2015,23.8,23.9,20.5,23,22.5,24.3,23,1.388524397,18.63809524
7/11/2015,25,24.8,20.5,24.5,24.3,22.7,23.63333333,1.738581798,18.81190476
7/12/2015,23.7,23.5,22,24,25.5,22.7,23.56666667,1.196104789,19.62857143
7/13/2015,22.3,23.1,22,22.3,22.5,21,22.2,0.692820323,20.66428571
7/14/2015,21.4,21.9,21.5,22.3,22.6,22.2,21.98333333,0.470814896,21.48571429
7/15/2015,22.4,22.6,21.3,22.5,23.2,22.2,22.36666667,0.62182527,22.48095238
7/16/2015,21.7,22.9,21.5,23,22.6,22.1,22.3,0.629285309,22.72142857
7/17/2015,16.9,17,21.5,17,17.1,15.8,17.55,1.994743091,21.94285714
7/18/2015,17.6,17.6,21.5,18.3,17.9,15.9,18.13333333,1.842462121,21.15714286
7/19/2015,19.4,19.3,20,19.5,20.1,18.3,19.43333333,0.643946168,20.56666667
7/20/2015,17.4,17.8,17.8,19.3,18.3,17.3,17.98333333,0.735980072,19.96428571
7/21/2015,19.2,17.8,16,21,17.5,17.7,18.2,1.707629936,19.42380952
7/22/2015,19.2,24.2,21.5,21,22.7,21.8,21.73333333,1.675310916,19.33333333
7/23/2015,20.3,19.2,19.8,21,20.9,20.7,20.31666667,0.702614166,19.05
7/24/2015,20.7,20.2,21,20.8,20.8,20.5,20.66666667,0.280475786,19.4952381
7/25/2015,22.1,23.2,21.5,23,21.4,21.8,22.16666667,0.765941686,20.07142857
7/26/2015,22,22.2,20.5,24,22.3,21.2,22.03333333,1.184342293,20.44285714
7/27/2015,22.5,21,22.3,20.3,22.2,20,21.38333333,1.094379581,20.92857143
7/28/2015,16.6,16.7,16.5,16.8,20.1,16.5,17.2,1.425482374,20.78571429
7/29/2015,20.4,19.7,20,19.5,20.1,17.8,19.58333333,0.928260021,20.47857143
7/30/2015,18.1,18.5,18.8,19.5,19.8,17.5,18.7,0.860232527,20.24761905
7/31/2015,18,18.3,19,19.5,19.2,17.4,18.56666667,0.801664934,19.94761905
8/1/2015,21.7,21.5,20.3,22,20.5,19.1,20.85,1.091329464,19.75952381
8/2/2015,17.6,18,17.8,19.5,18.3,16.7,17.98333333,0.919601363,19.18095238
8/3/2015,16.8,18.2,17.8,19.5,17.9,17,17.86666667,0.966781602,18.67857143
8/4/2015,19.1,20,17.8,20,16.8,18.1,18.63333333,1.287892335,18.88333333
8/5/2015,20.9,21.2,18.8,22.5,18.6,17.1,19.85,2.008730943,18.92142857
8/6/2015,16.7,16.1,16.5,17.5,17.4,15.2,16.56666667,0.857126984,18.61666667
8/7/2015,17.7,17.4,17.5,16.8,19.5,16,17.48333333,1.165189541,18.46190476
8/8/2015,17.3,17.7,17,18.5,17.9,15.6,17.33333333,0.993310962,17.95952381
8/9/2015,17.9,18.6,17.5,19.5,17.9,17.1,18.08333333,0.854205284,17.97380952
8/10/2015,19.9,21.7,19,21,20.1,20,20.28333333,0.941098649,18.31904762
8/11/2015,23.9,23.6,22.3,25,23.5,23.6,23.65,0.864291617,19.03571429
8/12/2015,27.6,25.8,25.8,25.5,26.3,25.3,26.05,0.831264098,19.92142857
8/13/2015,26.9,25.7,25.5,26.5,24.3,24.1,25.5,1.13137085,21.19761905
8/14/2015,27.7,28.6,26.5,27.8,27.5,26.1,27.36666667,0.915787457,22.60952381
8/15/2015,22,20.9,26.5,24.3,24.9,23.3,23.65,2.025586335,23.51190476
8/16/2015,14,14.2,15,15,16,13.9,14.68333333,0.806019024,23.02619048
8/17/2015,13.5,13.6,14.5,14.5,15.4,15.2,14.45,0.786765531,22.19285714
8/18/2015,15.8,14.2,15.5,15,15.8,13.8,15.01666667,0.849509662,20.95952381
8/19/2015,13.8,14.7,13.8,16,15.5,15,14.8,0.892188321,19.35238095
8/20/2015,18.8,18.8,17.5,18.5,19.1,18.3,18.5,0.562138773,18.35238095
8/21/2015,16.5,18.2,16.3,16.8,16.5,15.5,16.63333333,0.884684501,16.81904762
8/22/2015,12.4,11.3,12.5,11.8,14.1,12.1,12.36666667,0.954288566,15.20714286
8/23/2015,12.1,11.7,12.5,13,13.2,11.1,12.26666667,0.796659693,14.86190476
8/24/2015,12.4,13.2,12.5,13.8,13.1,12.2,12.86666667,0.605530071,14.63571429
8/25/2015,17.2,18.8,14.8,19.3,14.1,15,16.53333333,2.214196619,14.85238095
8/26/2015,17.6,17.8,18.5,18.8,20,17.2,18.31666667,1.012752026,15.3547619
8/27/2015,19.8,19.9,18.8,19,19,18.4,19.15,0.585662019,15.44761905
8/28/2015,21.4,20.8,22.5,21,21.9,19.9,21.25,0.904986188,16.10714286
8/29/2015,21.4,22.6,20,23.5,21.9,22.1,21.91666667,1.178841239,17.47142857
8/30/2015,21.5,22.3,22.8,21.3,24.2,21.6,22.28333333,1.094379581,18.90238095
8/31/2015,18.6,18.6,18.8,18.8,19.1,17.8,18.61666667,0.440075751,19.72380952
9/1/2015,19.8,19.3,18,22,20,19.8,19.81666667,1.293702696,20.19285714
9/2/2015,22.6,22.4,21.5,21.5,23.1,21.2,22.05,0.755645419,20.72619048
9/3/2015,21.5,21.4,22,20.3,25.9,21.2,22.05,1.966468917,21.14047619
9/4/2015,17.2,16.3,16,17.3,18.3,14.8,16.65,1.217784874,20.48333333
9/5/2015,13.9,13.8,13.5,12,15,12.5,13.45,1.070980859,19.27380952
9/6/2015,13.7,12.9,16.3,13.3,15.7,14.2,14.35,1.361983847,18.14047619
9/7/2015,12.1,10.9,12.5,11.8,13.1,10.2,11.76666667,1.061445555,17.16190476
9/8/2015,12.9,12.9,12.3,13,12.3,11.4,12.46666667,0.608824003,16.11190476
9/9/2015,12.1,11,11.3,11.8,11.1,9.2,11.08333333,1.014724922,14.5452381
9/10/2015,9.6,10.2,9,11,9.2,8.8,9.633333333,0.833466656,12.77142857
9/11/2015,13.5,13,10.8,14,11.6,12.4,12.55,1.199583261,12.18571429
9/12/2015,17.8,18.2,16,20.3,17.8,18.2,18.05,1.373681186,12.84285714
9/13/2015,17.4,15.7,17.3,17,19.8,16.3,17.25,1.406769349,13.25714286
9/14/2015,14,13.8,12.8,13.5,12.8,11.3,13.03333333,0.985224171,13.43809524
9/15/2015,13.1,11.7,11.3,10.8,12.6,10.7,11.7,0.973652916,13.32857143
9/16/2015,11.8,9.7,14,11,14.1,12,12.1,1.713475999,13.47380952
9/17/2015,10.6,9.9,12.3,13,10.8,11.3,11.31666667,1.147896627,13.71428571
9/18/2015,11.8,10.8,9.8,11,11.2,10.8,10.9,0.654217089,13.47857143
9/19/2015,14.5,13.7,14,14.8,14.4,12.4,13.96666667,0.859457193,12.8952381
9/20/2015,16.6,15.3,14.5,16.8,15.8,15.1,15.68333333,0.893121866,12.67142857
9/21/2015,8,9.7,14.3,15,15,13.2,12.53333333,2.977023122,12.6
9/22/2015,6.5,6.3,7,15,9.5,7.3,8.6,3.338263021,12.15714286
9/23/2015,11.3,12.3,10.8,13,11.4,9.6,11.4,1.181524439,12.05714286
9/24/2015,13.6,14.3,13,14.8,13.5,13.1,13.71666667,0.702614166,12.4
9/25/2015,18.9,21.8,18,21.3,16.5,18.9,19.23333333,2.003663312,13.59047619
9/26/2015,20.7,20.4,20,23,21.9,21.5,21.25,1.10770032,14.63095238
9/27/2015,12.9,11.7,15.3,12.5,14.3,11.8,13.08333333,1.437242731,14.25952381
9/28/2015,7.7,6.9,7.5,7.5,7.9,6.1,7.266666667,0.662319158,13.50714286
9/29/2015,10.7,10.1,8.8,10.5,8.4,8.6,9.516666667,1.030372101,13.63809524
9/30/2015,15.3,14.4,13,15.3,16,13.9,14.65,1.096813567,14.10238095
10/1/2015,15.3,14.4,13.3,12.5,14.9,12.7,13.85,1.17940663,14.12142857
10/2/2015,10.9,11.7,11,12.5,13.5,10.8,11.73333333,1.07827022,13.05
10/3/2015,9,8.5,8.8,8,10.8,10.2,9.216666667,1.066614582,11.33095238
10/4/2015,9.6,7.9,8.8,8.5,9.2,8.1,8.683333333,0.649358658,10.70238095
10/5/2015,6.1,5,7.3,5.8,8.8,5,6.333333333,1.477385077,10.56904762
10/6/2015,6.6,5.5,6.8,7,7.6,5.8,6.55,0.779102047,10.1452381
10/7/2015,11.3,11,9,10,7.2,7.2,9.283333333,1.804900736,9.378571429
10/8/2015,9.4,8.6,11.5,9.5,9,9.4,9.566666667,1.005319186,8.766666667
10/9/2015,12.2,12.3,10.3,13.5,9.1,11,11.4,1.582403236,8.719047619
10/10/2015,19.2,18.1,19,19.3,17.8,16.6,18.33333333,1.046263192,10.02142857
10/11/2015,13.1,12.6,12.3,14.3,15.7,12.5,13.41666667,1.330288189,10.69761905
10/12/2015,8.2,7.6,12.3,8,7.7,6.2,8.333333333,2.066559137,10.98333333
10/13/2015,9.1,7.8,8,9.8,8.2,8.9,8.633333333,0.765941686,11.28095238
10/14/2015,9.1,7.7,8.8,9,10.1,7.8,8.75,0.896102673,11.2047619
10/15/2015,4.5,4.8,8.8,6.5,4.7,4.9,5.7,1.681665841,10.65238095
10/16/2015,5.2,5.5,8.8,7.5,4.5,4.6,6.016666667,1.74289032,9.883333333
10/17/2015,6,6.4,4.5,5.8,3.6,5.6,5.316666667,1.055304064,8.023809524
10/18/2015,9.9,11.7,9.5,11.5,11.1,10.4,10.68333333,0.890879715,7.633333333
10/19/2015,8.7,8.1,10,9.8,9.8,9.5,9.316666667,0.752108148,7.773809524
10/20/2015,7.5,7,8.3,7.3,10.6,6.1,7.8,1.546609194,7.654761905
10/21/2015,7.7,7.6,7,8.8,7.2,6.5,7.466666667,0.784006803,7.471428571
10/22/2015,10.1,10.8,7.5,10,7.4,10.2,9.333333333,1.48548533,7.99047619
10/23/2015,6.6,6.5,10,9,7.2,7.1,7.733333333,1.430617582,8.235714286
10/24/2015,6.2,4.3,3.8,6.5,5.6,4.6,5.166666667,1.093008082,8.214285714
10/25/2015,3.4,3.9,2.8,5.3,1.5,4,3.483333333,1.276583983,7.185714286
10/26/2015,2.8,1.9,3,3,3.1,3.9,2.95,0.641092817,6.276190476
10/27/2015,3.4,1.9,3,3.8,4,2.8,3.15,0.763544367,5.611904762
10/28/2015,0.8,0.8,3,0.5,1,-1.1,0.833333333,1.309452812,4.664285714
10/29/2015,-1.2,-0.1,3,1.5,-0.5,-0.7,0.333333333,1.598332464,3.378571429
10/30/2015,5.8,6.7,3,7,5.8,5.5,5.633333333,1.415156057,3.078571429
10/31/2015,4.9,5.2,3,8,4.8,4.4,5.05,1.639207125,3.061904762
11/1/2015,6,4.5,3,5.3,7,4.4,5.033333333,1.392360107,3.283333333
11/2/2015,1.7,0.8,3,1.5,4.4,2.9,2.383333333,1.301409492,3.202380952
11/3/2015,3.1,2.8,3,3.5,3,2,2.9,0.497995984,3.166666667
11/4/2015,1.5,1.4,3,2.5,2.6,0.3,1.883333333,1.002829331,3.316666667
11/5/2015,1.4,1.5,3,2.5,1.8,0.4,1.766666667,0.909212113,3.521428571
11/6/2015,-0.3,-1.1,3,2,-1.1,-0.5,0.333333333,1.737431054,2.764285714
11/7/2015,2.3,2,3,3,2.2,0.7,2.2,0.846167832,2.357142857
11/8/2015,6.7,6.5,3,8.3,6.2,7.1,6.3,1.774260409,2.538095238
11/9/2015,3.3,1.9,3,1,5.1,4.8,3.183333333,1.596767568,2.652380952
11/10/2015,0.9,0.6,3,0.8,1.6,0,1.15,1.042592922,2.402380952
11/11/2015,-0.3,0.8,3,2,0.8,-0.8,0.916666667,1.411972615,2.264285714
11/12/2015,-0.3,-1.6,3,-0.3,0.3,-0.6,0.083333333,1.558738806,2.023809524
11/13/2015,1.8,1.5,3,1.3,0.4,0.2,1.366666667,1.01718566,2.171428571
11/14/2015,5.8,4.6,6,5.5,5.5,4.3,5.283333333,0.67946057,2.611904762
11/15/2015,5,5.6,5,5,6,4.5,5.183333333,0.530722778,2.452380952
11/16/2015,2.3,0.8,2.8,0,4.6,2.6,2.183333333,1.617920476,2.30952381
11/17/2015,-1.5,-1.2,-1,2.5,0.4,-1.5,-0.383333333,1.579134784,2.09047619
11/18/2015,-1.6,-1.5,-3.3,-2,0.4,-2.5,-1.75,1.243784547,1.70952381
11/19/2015,-7,-7.6,-6.8,-7,-8.2,-10.4,-7.833333333,1.358921141,0.578571429
11/20/2015,-9,-9.7,-9.3,-8.5,-9,-11.3,-9.466666667,0.981155781,-0.969047619
11/21/2015,-7.7,-6.3,-7.5,-5,-6.9,-8.4,-6.966666667,1.199444316,-2.719047619
11/22/2015,2,2.7,-1.5,0.8,-0.6,-1.3,0.35,1.760397682,-3.40952381
11/23/2015,-2.6,-3.3,-2,-2,-0.1,-1.9,-1.983333333,1.064737839,-4.004761905
11/24/2015,-1.5,-0.7,-2.5,-1.5,0,-1.6,-1.3,0.855569985,-4.135714286
11/25/2015,-8,-7.8,-7.8,-9,-9.6,-9.3,-8.583333333,0.810966502,-5.111904762
11/26/2015,-14.3,-15.3,-14,-5.5,-9.6,-13.3,-12,3.738448876,-5.707142857
11/27/2015,-10.7,-10,-10.3,-9.8,-9.7,-9.2,-9.95,0.516720427,-5.776190476
11/28/2015,-7.1,-7.1,-6,-7,-6.4,-6.5,-6.683333333,0.45350487,-5.735714286
11/29/2015,-8.5,-6.7,-8,-5.5,-7.9,-4.4,-6.833333333,1.612038048,-6.761904762
11/30/2015,-8.3,-6.8,-7.8,-6.3,-8.2,-5.1,-7.083333333,1.254458715,-7.49047619
12/1/2015,-6.2,-6.7,-5.5,-5.5,-5.3,-3.6,-5.466666667,1.055777754,-8.085714286
12/2/2015,-5.1,-4.7,-4.3,-2,-4.8,-3.2,-4.016666667,1.188977151,-7.433333333
12/3/2015,-1.1,0.4,0.8,2.3,1.4,0.4,0.7,1.138419958,-5.619047619
12/4/2015,2.1,2.2,0.5,1.3,3.9,4.2,2.366666667,1.444529912,-3.85952381
12/5/2015,0.7,-0.1,1.8,1,1.5,0.5,0.9,0.689927532,-2.776190476
12/6/2015,0.9,0.4,-1,1,1.8,0,0.516666667,0.960034722,-1.726190476
12/7/2015,3.9,5.5,3.3,6.5,3.2,2.8,4.2,1.472412986,-0.114285714
12/8/2015,2.6,2.8,1,2.8,1.7,1.1,2,0.841427359,0.952380952
12/9/2015,6.5,4.4,3.8,3.5,4.7,4,4.483333333,1.075949193,2.166666667
12/10/2015,-0.2,-0.6,3.8,-1.5,-1.9,-4.1,-0.75,2.612852847,1.95952381
12/11/2015,-5.7,-5.2,3.8,-4,-5.3,-6.7,-3.85,3.847466699,1.071428571
12/12/2015,-5.3,-5.4,-5,-5,-8.7,-6.3,-5.95,1.42933551,0.092857143
12/13/2015,-1.4,-2,-3,-2,-4.6,-2.1,-2.516666667,1.142657721,-0.34047619
12/14/2015,-5.3,-4.4,-7.8,-3.8,-6.8,-7.7,-5.966666667,1.711919001,-1.792857143
12/15/2015,-4.3,-4,-6,-4.5,-6.2,-5.6,-5.1,0.946572765,-2.807142857
12/16/2015,-6.6,-7,-5.5,-5.9,-5.1,-6.1,-6.033333333,0.697614985,-4.30952381
12/17/2015,-11.3,-12.1,-11.5,-12,-9.2,-13.1,-11.53333333,1.303329071,-5.85
12/18/2015,-15.5,-15.4,-14,-13.3,-15.2,-15.4,-14.8,0.923038461,-7.414285714
12/19/2015,-10.3,-10.1,-14.5,-11,-13.4,-13.9,-12.2,1.953458472,-8.307142857
12/20/2015,-8.8,-9.6,-8.5,-8.8,-9.8,-7.2,-8.783333333,0.926102946,-9.202380952
12/21/2015,-4.4,-8.9,-5.8,-5.3,-8.7,-6.9,-6.666666667,1.840289832,-9.302380952
12/22/2015,-7,-9.9,-5.8,-8,-9.4,-9.5,-8.266666667,1.626857912,-9.754761905
12/23/2015,-9.9,-9.7,-5.8,-9.5,-9.2,-10.9,-9.166666667,1.747760472,-10.20238095
12/24/2015,-8.5,-8.6,-5.8,-8.5,-10.8,-11.5,-8.95,2.018662924,-9.833333333
12/25/2015,-18.4,-20.3,-5.8,-23,-17,-21.5,-17.66666667,6.194728942,-10.24285714
12/26/2015,-22.2,-24,-5.8,-22.8,-23.5,-21.7,-20,7.006568347,-11.35714286
12/27/2015,-19,-21.1,-22.3,-18.5,-20.1,-17.8,-19.8,1.694697613,-12.93095238
12/28/2015,-15.1,-15.8,-15.3,-11.5,-16.4,-12,-14.35,2.069541012,-14.02857143
12/29/2015,-16.9,-17.1,-17.5,-15.8,-18,-16.5,-16.96666667,0.768548415,-15.27142857
12/30/2015,-15,-14.7,-13,-12.8,-13,-13.9,-13.73333333,0.950087715,-15.92380952
12/31/2015,-10.4,-10.1,-10.8,-9.5,-10.3,-10.6,-10.28333333,0.45350487,-16.11428571
1/1/2016,-5.9,-5.6,-6.3,-4,-6.5,-5.7,-5.666666667,0.886942313,-14.4
1/2/2016,-9.4,-10,-6.5,-5.5,-7.7,-6.1,-7.533333333,1.835937544,-12.61904762
1/3/2016,-11.2,-12.8,-10,-10.8,-11.8,-9,-10.93333333,1.33666251,-11.35238095
1/4/2016,-7.8,-8.6,-10,-8.8,-8.2,-5.9,-8.216666667,1.357080199,-10.47619048
1/5/2016,-12.1,-12.5,-10,-10.8,-11.7,-10.9,-11.33333333,0.930949336,-9.671428571
1/6/2016,-6.6,-6.6,-8,-7,-7.5,-6.6,-7.05,0.585662019,-8.716666667
1/7/2016,-7.8,-9.3,-8.5,-5.8,-7.5,-7.9,-7.8,1.169615321,-8.361904762
1/8/2016,-16,-16.9,-15.8,-17,-13.5,-17.8,-16.16666667,1.494880151,-9.861904762
1/9/2016,-22.7,-23.4,-20.8,-20,-22,-22,-21.81666667,1.240026881,-11.90238095
1/10/2016,-20.8,-22.3,-22.5,-19.8,-22.6,-22.6,-21.76666667,1.184342293,-13.45
1/11/2016,-17.2,-18.3,-17,-14.3,-19.2,-18.7,-17.45,1.762668432,-14.76904762
1/12/2016,-16.4,-15.8,-16.5,-14.3,-19.4,-16.2,-16.43333333,1.662127151,-15.49761905
1/13/2016,-8.4,-10.9,-12.5,-9.8,-11.1,-11.2,-10.65,1.398213145,-16.01190476
1/14/2016,-9.9,-9.4,-11,-8.5,-13.3,-12.7,-10.8,1.895257238,-16.44047619
1/15/2016,-16.3,-18.8,-17.3,-21,-20.6,-20.7,-19.11666667,1.979309644,-16.86190476
1/16/2016,-28.1,-29.5,-27,-28,-27.3,-26.8,-27.78333333,0.99079093,-17.71428571
1/17/2016,-23.1,-25,-23.5,-23.5,-20.5,-20.9,-22.75,1.72017441,-17.8547619
1/18/2016,-21.2,-21.1,-20.3,-18,-19.1,-16.7,-19.4,1.804438971,-18.13333333
1/19/2016,-9.8,-9.3,-11.5,-9.3,-11.5,-11.2,-10.43333333,1.08012345,-17.27619048
1/20/2016,-9.5,-10.1,-7.3,-9.3,-8.7,-10.1,-9.166666667,1.055777754,-17.06428571
1/21/2016,-15.2,-15.4,-12.3,-11.5,-16.5,-13.7,-14.1,1.94010309,-17.53571429
1/22/2016,-7.9,-7.3,-11,-6.8,-11.7,-8.7,-8.9,2.012958022,-16.07619048
1/23/2016,-1.6,-1.8,-2.8,-2,-0.5,-2.1,-1.8,0.756306816,-12.36428571
1/24/2016,-5.5,-6,-5.5,-5.5,-5.3,-6.2,-5.666666667,0.350238014,-9.923809524
1/25/2016,-5.7,-6.1,-4.8,-5.5,-4,-5.7,-5.3,0.766811581,-7.90952381
1/26/2016,-6.3,-7.4,-2.3,-5.5,-6.5,-3.7,-5.283333333,1.920850506,-7.173809524
1/27/2016,-0.1,-0.1,-3,-5.5,-1.7,-2.8,-2.2,2.047437423,-6.178571429
1/28/2016,-3.5,-4.2,-3.8,-5.5,-1.7,-3.7,-3.733333333,1.227463509,-4.697619048
1/29/2016,1.8,2.2,0.3,-5.5,1.9,2.1,0.466666667,3.004441157,-3.35952381
1/30/2016,-1.9,-2.1,-1.8,0,-0.1,-3.3,-1.533333333,1.26912043,-3.321428571
1/31/2016,-5.4,-5.7,-5.8,-3,-3.2,-7.5,-5.1,1.715808847,-3.24047619
2/1/2016,-7.1,-7.4,-7.3,-5.5,-5.2,-6.5,-6.5,0.948683298,-3.411904762
2/2/2016,-8.2,-8.9,-8,-7.8,-9.8,-11,-8.95,1.242175511,-3.935714286
2/3/2016,-7.1,-7.5,-9.5,-4.8,-8.3,-9.3,-7.75,1.72945078,-4.728571429
2/4/2016,-5.7,-8.4,-6,-8.3,-7.4,-7.9,-7.283333333,1.168617417,-5.235714286
2/5/2016,-5,-5.8,-4.8,-4.5,-6.5,-6.9,-5.583333333,0.974508423,-6.1
2/6/2016,1.4,0.5,-0.8,0.5,1.9,-0.6,0.483333333,1.064737839,-5.811904762
2/7/2016,-2.2,-2.4,-4.5,-1,-1.6,-6.5,-3.033333333,2.071392446,-5.516666667
2/8/2016,-5.1,-5.2,-6.5,-3.5,-7.1,-7.5,-5.816666667,1.497219645,-5.419047619
2/9/2016,-3.3,-3.9,-4.5,-3,-6.1,-4.5,-4.216666667,1.107098309,-4.742857143
2/10/2016,-8,-6.7,-11.8,-5,-12.5,-11.3,-9.216666667,3.078581925,-4.952380952
2/11/2016,-9.1,-9.7,-10.8,-8,-15.5,-11.7,-10.8,2.639696952,-5.454761905
2/12/2016,-15.4,-16,-19.8,-15,-22.2,-20,-18.06666667,2.987083304,-7.238095238
2/13/2016,-11.2,-9.5,-12.5,-7.8,-16,-13.1,-11.68333333,2.877093441,-8.976190476
2/14/2016,-3.2,-1.5,-5,-7.8,-5.4,-4.7,-4.6,2.126969675,-9.2
2/15/2016,-4.2,-3.9,-4.3,-2.8,-6.5,-4.3,-4.333333333,1.204436244,-8.988095238
2/16/2016,-4.4,-3.9,-7,-1.3,-10,-6.1,-5.45,2.975063025,-9.164285714
2/17/2016,-2,-3.3,-4.5,-1.8,-4.1,-6.1,-3.633333333,1.624397324,-8.366666667
2/18/2016,-0.7,-0.6,0.3,3,-0.4,-0.5,0.183333333,1.424663703,-6.797619048
2/19/2016,3,1.6,2.8,3,2.6,1,2.333333333,0.835862828,-3.883333333
2/20/2016,-3,-5.1,-4,3,-5.1,-8.9,-3.85,3.906277,-2.764285714
2/21/2016,-4.4,-4.1,-5.3,3,-6.2,-6.2,-3.866666667,3.476588366,-2.65952381
2/22/2016,0.1,-1.4,-5.3,0,1.8,0.3,-0.75,2.450102039,-2.147619048
2/23/2016,-0.7,-1,-1.3,0.3,-0.4,-4.4,-1.25,1.637986569,-1.547619048
2/24/2016,-3.5,-3.4,-2.8,-0.8,-4,-4.2,-3.116666667,1.236796938,-1.473809524
2/25/2016,-4.4,-4,-3.3,-3.3,-4.2,-6.9,-4.35,1.33078924,-2.121428571
2/26/2016,3.4,4.6,2.8,5.3,1.5,0,2.933333333,1.963330504,-2.035714286
2/27/2016,1.8,2.7,1.3,3.8,-2.8,-0.1,1.116666667,2.325008961,-1.326190476
2/28/2016,-1.1,-1.9,-1,3.8,-4.3,-3.5,-1.333333333,2.840187787,-0.964285714
2/29/2016,-13.4,-13.3,-12.8,-11.8,-15.6,-16.7,-13.93333333,1.841376297,-2.847619048
3/1/2016,-8.5,-8.2,-11,-7,-10.6,-11.3,-9.433333333,1.767106863,-4.016666667
3/2/2016,-3.8,-4.1,-5.3,-3.3,-3.6,-4.9,-4.166666667,0.778888096,-4.166666667
3/3/2016,-1,-1.2,-2.3,-0.5,-3,-3.8,-1.966666667,1.281665583,-3.826190476
3/4/2016,-2.8,-2.7,0.3,-0.5,-1.9,-1.6,-1.533333333,1.227463509,-4.464285714
3/5/2016,4.5,5.3,3.3,-0.5,2.9,0.5,2.666666667,2.257136829,-4.242857143
3/6/2016,7.6,7.2,3.3,8.3,6.8,5.1,6.383333333,1.851935924,-3.14047619
3/7/2016,4,3.8,3.3,3.8,3.5,2.2,3.433333333,0.653197265,-0.65952381
3/8/2016,-1.9,-1.5,3.3,-0.3,-0.4,-4.2,-0.833333333,2.468737869,0.569047619
3/9/2016,0.3,-0.8,0.3,0,1.9,-1.6,0.016666667,1.182229532,1.166666667
3/10/2016,5.1,5.4,5.8,5.3,4.8,3.6,5,0.761577311,2.161904762
3/11/2016,9.2,7.6,8.8,8,7.5,8.3,8.233333333,0.671317113,3.557142857
3/12/2016,8,7.9,7,8,6.2,6.9,7.333333333,0.747440076,4.223809524
3/13/2016,7.7,6,7,7.5,9.3,7.8,7.55,1.082127534,4.39047619
3/14/2016,6.3,4.7,7.8,6.3,9,6.4,6.75,1.476143624,4.864285714
3/15/2016,-0.2,0.5,0.3,0,2.9,0.5,0.666666667,1.129011367,5.078571429
3/16/2016,-1.7,-2.3,0.8,0.5,1,-1,-0.45,1.403923075,5.011904762
3/17/2016,-4.2,-5,-4.5,-4.5,-2.4,-5.3,-4.316666667,1.01865925,3.680952381
3/18/2016,-4.1,-4.2,-3.3,-3.5,-0.8,-5.3,-3.533333333,1.510849651,2
3/19/2016,-4.5,-3.8,-4,-3,-3.1,-4.4,-3.8,0.635609943,0.40952381
3/20/2016,-0.1,0.6,-2,0.8,-1.7,-1.4,-0.633333333,1.220928608,-0.75952381
3/21/2016,0.5,2.1,0.8,1.5,1.5,-0.1,1.05,0.799374756,-1.573809524
3/22/2016,-3.1,-3.7,-6,-3.3,-6.5,-5.8,-4.733333333,1.526652111,-2.345238095
3/23/2016,-2.3,-5.4,-5.3,-3.3,-9.3,-9.8,-5.9,3.069201851,-3.123809524
3/24/2016,3.1,2.6,1,2.3,3,0,2,1.237739876,-2.221428571
3/25/2016,-3.8,-3.8,-4.5,4,-2.9,-5,-2.666666667,3.342853073,-2.097619048
3/26/2016,0.6,1.1,-0.8,2,-0.5,-0.5,0.316666667,1.105290309,-1.50952381
3/27/2016,2.6,1.6,2.8,3.5,2.1,1,2.266666667,0.893681524,-1.095238095
3/28/2016,2.9,3.6,1.8,4,2.2,1.3,2.633333333,1.051982256,-0.869047619
3/29/2016,4.6,5.9,4,6.5,4.3,5,5.05,0.969020124,0.528571429
3/30/2016,2.7,2,4,3.5,4.7,3.8,3.45,0.964883413,1.864285714
3/31/2016,0,-1.1,4,0.5,1,-0.5,0.65,1.798610575,1.671428571
4/1/2016,0.7,0.8,0.3,2,-0.2,-0.8,0.466666667,0.958471005,2.119047619
4/2/2016,7.9,7.7,5.8,9.3,1.2,7,6.483333333,2.830842042,3
4/3/2016,2.5,3.7,1,3,-3.4,-3.5,0.55,3.222886905,2.754761905
4/4/2016,2.4,2.1,1.3,3.5,0.3,0.5,1.683333333,1.220519015,2.619047619
4/5/2016,2.4,3.3,6.5,5,6.1,2.8,4.35,1.755847374,2.519047619
4/6/2016,2.4,3.5,4,5,2.8,2,3.283333333,1.110705482,2.495238095
4/7/2016,1.2,0.8,2.8,3.8,0.2,0.5,1.55,1.430734077,2.623809524
4/8/2016,-1.2,-0.2,-1.3,0,-3.5,-2.5,-1.45,1.345734,2.35
4/9/2016,8.7,7.6,-1.3,8.8,5.8,5,5.766666667,3.786643192,2.247619048
4/10/2016,-3.4,-3.7,-2.3,-1,-2.1,-4,-2.75,1.146734494,1.776190476
4/11/2016,-3.5,-3.8,-3,-3,-2.5,-3.3,-3.183333333,0.45350487,1.080952381
4/12/2016,7.9,9.1,5.5,10,4.1,7.3,7.316666667,2.207638255,1.504761905
4/13/2016,10.2,11.5,9,10.8,9.9,11.5,10.48333333,0.978604449,2.533333333
4/14/2016,10.2,9,10.5,11,11.8,9.3,10.3,1.046900186,3.783333333
4/15/2016,4.8,4.7,3,4,5,2.3,3.966666667,1.096661601,4.557142857
4/16/2016,2.5,3.7,1.8,5.5,0.6,1.3,2.566666667,1.786243731,4.1
4/17/2016,6.8,5.3,5.5,6,2.3,4.8,5.116666667,1.538072387,5.223809524
4/18/2016,7.7,7.7,7.8,8.5,8.8,7.8,8.05,0.47644517,6.828571429
4/19/2016,9,9,7.8,11.5,9,10.5,9.466666667,1.31402689,7.135714286
4/20/2016,12.5,12.4,12.5,13.5,14.5,13.8,13.2,0.867179336,7.523809524
4/21/2016,4.7,4.3,4.8,6.5,4.5,4.8,4.933333333,0.791622806,6.757142857
4/22/2016,7.5,8.7,6.5,9.5,5.1,6.5,7.3,1.609968944,7.233333333
4/23/2016,6.7,8.2,6.3,9.3,7,5.5,7.166666667,1.370644617,7.89047619
4/24/2016,4.5,5.4,6.3,5.5,6.4,4.8,5.483333333,0.767897563,7.942857143
4/25/2016,7.3,6.9,6.3,8,6.5,4.8,6.633333333,1.083820403,7.74047619
4/26/2016,4.4,6,6.3,7,5.8,5.3,5.8,0.887693641,7.216666667
4/27/2016,9.2,9.5,6.3,10.5,8.5,9.3,8.883333333,1.420445939,6.6
4/28/2016,7.3,7.6,7.3,8.5,6,7.5,7.366666667,0.804155872,6.947619048
4/29/2016,7.7,8.4,6.5,7.5,5.9,7.5,7.25,0.898331787,6.94047619
4/30/2016,7.7,9.9,6.5,9.5,7.7,8.5,8.3,1.264911064,7.102380952
5/1/2016,9,10.1,8.5,11,8.5,11,9.683333333,1.175443179,7.702380952
5/2/2016,13.6,12.3,13.5,16,13.4,14,13.8,1.218195387,8.726190476
5/3/2016,14.2,14.3,14.8,16,13.1,14,14.4,0.961249187,9.954761905
5/4/2016,17.2,18.2,17.3,19,16,18.3,17.66666667,1.057670396,11.20952381
5/5/2016,22.4,20.5,22.8,21,20.5,22,21.53333333,0.999333111,13.23333333
5/6/2016,12.3,13,16.3,16.5,12.8,14.8,14.28333333,1.845444842,14.23809524
5/7/2016,11.8,12.3,12.3,13.8,11,13,12.36666667,0.964710665,14.81904762
5/8/2016,15.4,15.5,14,16,15.9,16.3,15.51666667,0.813428956,15.65238095
5/9/2016,16.3,17.3,16,17.3,17.5,17,16.9,0.609918027,16.0952381
5/10/2016,8.9,11.3,10,11,9.8,10.8,10.3,0.898888202,15.50952381
5/11/2016,5.7,6.8,5.5,6.5,6.1,5.5,6.016666667,0.545588367,13.8452381
5/12/2016,3.4,2.9,3,3.5,4.8,1.5,3.183333333,1.068488028,11.22380952
5/13/2016,4.5,4.7,4.8,5.8,4.9,4,4.783333333,0.591326193,9.866666667
5/14/2016,8.7,8.8,8.8,10,8.1,9,8.9,0.619677335,9.371428571
5/15/2016,9.6,10.4,10.3,13,10.7,10.5,10.75,1.164044673,8.69047619
5/16/2016,11,11.4,9.8,13.5,10.9,12.3,11.48333333,1.276583983,7.916666667
5/17/2016,13.8,13.7,9.8,14,12.3,14.5,13.01666667,1.738294183,8.304761905
5/18/2016,17.7,17.5,15.5,17.5,16.3,17,16.91666667,0.858875233,9.861904762
5/19/2016,17.2,18.4,16.5,19.5,19.5,17.8,18.15,1.221065109,12
5/20/2016,18.2,18.9,18.3,18.5,19.1,17.5,18.41666667,0.567156651,13.94761905
5/21/2016,17,18.6,17.8,19.5,18.5,16.3,17.95,1.164044673,15.24047619
5/22/2016,19.7,17.8,20.5,19,19.4,20,19.4,0.935948717,16.47619048
5/23/2016,13.5,10.8,14.5,11.3,16.9,11.5,13.08333333,2.351524328,16.7047619
5/24/2016,13.3,11.6,11.5,12.3,14.3,12,12.5,1.093617849,16.63095238
5/25/2016,9.8,9,9.5,8,10.9,13,10.03333333,1.737431054,15.64761905
5/26/2016,11.5,12,12.8,13.3,14,13.5,12.85,0.948156105,14.89047619
5/27/2016,13.7,13.8,14.3,15.5,15.2,15.5,14.66666667,0.835862828,14.3547619
5/28/2016,13.3,13.2,13,14,14.2,11.8,13.25,0.85264295,13.68333333
5/29/2016,14.2,14.4,13,14.5,17.1,15,14.7,1.350555441,13.01190476
5/30/2016,14.2,13.9,14.3,14.5,16.7,15.3,14.81666667,1.036178878,13.25952381
5/31/2016,9.8,9.1,10.5,12.3,11.2,9.8,10.45,1.153689733,12.96666667
6/1/2016,11.8,11.3,12.8,12.3,13.1,12,12.21666667,0.661563804,13.27857143
6/2/2016,15.9,16.4,15.5,17.5,15.3,15.8,16.06666667,0.796659693,13.73809524
6/3/2016,17.1,16.8,15.5,17.5,18.4,16.3,16.93333333,0.997329768,14.06190476
6/4/2016,18.1,17.5,18,18.5,19,18,18.18333333,0.511533642,14.76666667
6/5/2016,17.5,17.3,17,18.5,18.7,17,17.66666667,0.750111103,15.19047619
6/6/2016,13.5,13.7,14.3,15.5,14.9,13.8,14.28333333,0.780811544,15.11428571
6/7/2016,16.3,17.7,14.5,18.5,15.6,15.3,16.31666667,1.518442184,15.95238095
6/8/2016,21.7,23.4,20,23.5,20.6,22,21.86666667,1.42501462,17.33095238
6/9/2016,21.7,23,23,23.8,24.1,23.8,23.23333333,0.877876225,18.3547619
6/10/2016,21.4,20.5,21.8,20.5,21.5,20,20.95,0.712039325,18.92857143
6/11/2016,16.4,16.1,15.3,16.8,15.7,14.3,15.76666667,0.889194392,18.58333333
6/12/2016,17.7,17,17.3,17.8,17.7,16.3,17.3,0.576194412,18.53095238
6/13/2016,18,17.9,17.3,17.5,17.8,17.8,17.71666667,0.263944439,19.02142857
6/14/2016,18.9,18.8,18,19.8,16.7,18.5,18.45,1.040672859,19.32619048
6/15/2016,17.5,15.9,18,15.5,18.6,17,17.08333333,1.202358793,18.64285714
6/16/2016,20.8,20.4,20.5,19.3,22,18,20.16666667,1.369184672,18.2047619
6/17/2016,18.1,16.6,18.5,17,19.2,16.5,17.65,1.111305539,17.73333333
6/18/2016,18.6,17.9,18.3,18.3,19.9,17,18.33333333,0.947980309,18.1
6/19/2016,16.8,16,19,15,18.8,15.3,16.81666667,1.730221566,18.03095238
6/20/2016,16.6,16.2,16,18.5,16.9,15.3,16.58333333,1.087044924,17.86904762
6/21/2016,17.5,17.3,16.8,16.5,16.3,17,16.9,0.460434577,17.64761905
6/22/2016,15.8,16.6,15.5,17.5,15.5,16.8,16.28333333,0.813428956,17.53333333
6/23/2016,16.7,17.3,15.3,21,16.6,16.5,17.23333333,1.957208897,17.11428571
6/24/2016,19.3,20.2,17.8,21.5,20.4,19,19.7,1.283744523,17.40714286
6/25/2016,14.9,15.1,15.8,16.5,17.9,15.8,16,1.091787525,17.07380952
6/26/2016,16.9,16.8,15.8,17,16.6,15,16.35,0.78930349,17.00714286
6/27/2016,16.1,16.8,15.5,19,16.1,14.5,16.33333333,1.516135438,16.97142857
6/28/2016,17.9,16.8,16.5,18.5,17.4,17.8,17.48333333,0.741395081,17.0547619
6/29/2016,20.2,19.4,19,21.5,19.5,19.3,19.81666667,0.915241316,17.55952381
6/30/2016,15.6,16.4,15.3,19.5,13.9,14.8,15.91666667,1.942592769,17.37142857
7/1/2016,15.2,16.3,14,17,14.9,14,15.23333333,1.217648006,16.73333333
7/2/2016,19.2,18.9,17.8,21.3,19.3,16.8,18.88333333,1.525013661,17.1452381
7/3/2016,21.3,21.9,20,21.5,20.2,19.8,20.78333333,0.888631907,17.77857143
7/4/2016,18.3,17.1,19.8,19.5,20.7,18.3,18.95,1.292671652,18.15238095
7/5/2016,17.5,16.9,17.5,18.5,18.6,17.3,17.71666667,0.682397733,18.18571429
7/6/2016,17.1,16,17.3,16.5,17.2,16.5,16.76666667,0.512510163,17.75
7/7/2016,16,16.9,15,20.5,16,16.3,16.78333333,1.921891429,17.87380952
7/8/2016,18.2,18,15.3,18,16,17,17.08333333,1.207338671,18.13809524
7/9/2016,20.6,20.9,19.8,22.5,19.9,19.3,20.5,1.136661779,18.36904762
7/10/2016,20.8,20,21,19.8,22,21.3,20.81666667,0.820771994,18.37380952
7/11/2016,18.5,18.9,20,20,20.6,19.8,19.63333333,0.781451641,18.47142857
7/12/2016,16.8,16.5,16.8,20,18.6,15.5,17.36666667,1.632993162,18.42142857
7/13/2016,16.9,17.3,18.3,19,16.9,16.5,17.48333333,0.964192235,18.52380952
7/14/2016,16,16,16.8,17.3,18.2,15.5,16.63333333,1.001332446,18.50238095
7/15/2016,16.9,15.9,16,17,17.7,16.8,16.71666667,0.673547821,18.45
7/16/2016,17.8,17.9,16,18,16.2,17.5,17.23333333,0.895916663,17.98333333
7/17/2016,19.3,18.4,19.3,20,18.8,18.5,19.05,0.602494813,17.73095238
7/18/2016,20.6,19.6,18.3,20.8,19,19.5,19.63333333,0.947980309,17.73095238
7/19/2016,24.3,24.7,23.3,25,23.8,22.5,23.93333333,0.930949336,18.66904762
7/20/2016,24.3,23,26,23.3,25.1,23.3,24.16666667,1.192755912,19.62380952
7/21/2016,22.3,20.8,22,21.5,23.2,20.8,21.76666667,0.930949336,20.35714286
7/22/2016,21.2,20.4,19.8,21.5,20.7,20,20.6,0.66633325,20.91190476
7/23/2016,20.7,19.9,19.8,21.3,21.8,20.5,20.66666667,0.781451641,21.40238095
7/24/2016,20,19.2,18.8,20.8,19.8,18.3,19.48333333,0.899814796,21.46428571
7/25/2016,21.9,21.6,20,21.8,20.4,19.8,20.91666667,0.955859125,21.64761905
7/26/2016,20.4,19.3,20,19,20.8,18.5,19.66666667,0.880151502,21.03809524
7/27/2016,18.4,18.4,17.5,18.3,18.6,17.3,18.08333333,0.541910202,20.16904762
7/28/2016,17.8,18.3,16.5,19,15.8,17,17.4,1.188276062,19.5452381
7/29/2016,18.1,18.6,16.5,18.5,17.9,17.8,17.9,0.756306816,19.15952381
7/30/2016,20.8,21.1,16.5,22,21.7,20.3,20.4,2.005991027,19.12142857
7/31/2016,24.2,24.7,16.5,24.5,23.9,22.5,22.71666667,3.143511837,19.58333333
8/1/2016,21.1,18.8,21.8,19.5,21.5,18.8,20.25,1.375136357,19.48809524
8/2/2016,20.5,19.9,19.8,22,20.7,18.3,20.2,1.219836055,19.56428571
8/3/2016,22.9,22.1,23.3,22,22.5,21.5,22.38333333,0.65243135,20.17857143
8/4/2016,17.9,17.9,17.8,19,17.9,16.3,17.8,0.862554346,20.23571429
8/5/2016,18.6,18.7,18,19.8,17.7,17.3,18.35,0.887130205,20.3
8/6/2016,19.9,19.9,18,20.3,17.3,17.8,18.86666667,1.306394529,20.08095238
8/7/2016,23.4,24,21.8,24,21.6,19.8,22.43333333,1.665733072,20.04047619
8/8/2016,22,20.5,23,22,23.4,22.3,22.2,1.005982107,20.31904762
8/9/2016,19.1,19.4,18.5,20,18.7,18.3,19,0.632455532,20.14761905
8/10/2016,19,18,18.3,16.5,19.6,15,17.73333333,1.701371995,19.48333333
8/11/2016,18.7,18.1,19.8,18,20,17.5,18.68333333,1.01865925,19.60952381
8/12/2016,18.2,18.3,17.3,18.3,18.3,17,17.9,0.589915248,19.5452381
8/13/2016,18,18.7,18,20,18.8,17.3,18.46666667,0.928798507,19.48809524
8/14/2016,19.7,20.4,20,20.5,19.6,19,19.86666667,0.557374799,19.12142857
8/15/2016,21.1,20.2,20.3,21,22.3,19.5,20.73333333,0.964710665,18.91190476
8/16/2016,20.8,21,20,22.3,20.5,20,20.76666667,0.854790423,19.16428571
8/17/2016,23.3,23.5,22.5,22,22.7,20.8,22.46666667,0.981155781,19.84047619
8/18/2016,18,17.7,19,18,19,17.3,18.16666667,0.694742158,19.76666667
8/19/2016,14.8,13.6,14.3,14.8,16.5,12.8,14.46666667,1.258040805,19.27619048
8/20/2016,14.4,14.7,13.8,16.3,14.3,13.8,14.55,0.926822529,18.71666667
8/21/2016,19,20.3,18.5,20.3,18.8,18.3,19.2,0.885437745,18.62142857
8/22/2016,24.3,23.8,22,22.8,24,22.3,23.2,0.961249187,18.97380952
8/23/2016,17.9,18.3,19,18.5,20.2,17.8,18.61666667,0.888631907,18.66666667
8/24/2016,14.9,14.3,15.3,13.8,16.1,13.3,14.61666667,1.024532414,17.5452381
8/25/2016,16.5,15.4,16.3,16.3,16.1,14.5,15.85,0.763544367,17.21428571
8/26/2016,16.3,16.1,17,17,16.6,15.3,16.38333333,0.643169236,17.48809524
8/27/2016,15.5,15.6,15.5,17.5,16.8,14.8,15.95,0.997496867,17.68809524
8/28/2016,19.7,18.7,15.5,22,22.2,17.3,19.23333333,2.631856126,17.69285714
8/29/2016,15.1,14.5,14.8,15,16.2,14.3,14.98333333,0.667582704,16.51904762
8/30/2016,19.3,19.8,17.5,19.8,16.8,16.8,18.33333333,1.458309524,16.47857143
8/31/2016,19.6,20.3,16.8,20.5,17.5,16.8,18.58333333,1.74289032,17.0452381
9/1/2016,22.8,24.3,22.8,24.5,21.8,22,23.03333333,1.136075115,18.07142857
9/2/2016,23.2,25.3,22.8,26.5,22.5,21.8,23.68333333,1.817048889,19.11428571
9/3/2016,16,15.7,18.5,18,16.6,16.3,16.85,1.136221809,19.24285714
9/4/2016,14.3,11.7,13.3,12.5,14,12.3,13.01666667,1.020620726,18.3547619
9/5/2016,11,10.8,10.5,11.5,12.4,10.5,11.11666667,0.730524925,17.80238095
9/6/2016,13.2,11.6,10.5,11.3,12.9,12,11.91666667,1.01077528,16.88571429
9/7/2016,12.5,13.7,10.5,14.5,12.6,11.5,12.55,1.444645285,16.02380952
9/8/2016,13,12.5,12.5,11.8,12.4,12,12.36666667,0.4226898,14.5
9/9/2016,13.7,14,14.3,14.5,15,13.3,14.13333333,0.602218122,13.13571429
9/10/2016,13.2,13.6,13,14.5,13.1,11.8,13.2,0.878635305,12.61428571
9/11/2016,13.9,12.4,13.8,13,16.5,12.8,13.73333333,1.474675105,12.71666667
9/12/2016,8,5.6,8.3,7.5,9.8,6.3,7.583333333,1.49588324,12.21190476
9/13/2016,5.9,6.7,7.5,8,8.2,8,7.383333333,0.906458309,11.56428571
9/14/2016,11.9,11.2,10.3,11.8,10.7,11.5,11.23333333,0.63140056,11.37619048
9/15/2016,14.5,15.8,10.3,15.5,14.5,15.3,14.31666667,2.038054628,11.6547619
9/16/2016,14.1,14.2,10.3,14.5,11.5,13.3,12.98333333,1.704601615,11.49047619
9/17/2016,16.4,17.5,10.3,16.5,13.3,15.3,14.88333333,2.662642797,11.73095238
9/18/2016,16.5,16.2,19,16.5,18.4,17.5,17.35,1.150217371,12.24761905
9/19/2016,13.7,13.6,14.3,14.5,14.5,12.8,13.9,0.66633325,13.15
9/20/2016,11.7,11.6,10.5,12.3,11.8,10.8,11.45,0.671565336,13.73095238
9/21/2016,10.8,10.4,10.5,10,11.9,11.3,10.81666667,0.685322309,13.67142857
9/22/2016,12.5,11.7,10.5,11,11,10.3,11.16666667,0.814043406,13.22142857
9/23/2016,10.3,9.9,10.3,9.8,11.5,9.5,10.21666667,0.699761864,12.82619048
9/24/2016,12.2,11.1,13.5,11.5,18.1,11.5,12.98333333,2.646066263,12.5547619
9/25/2016,10.5,11.1,11.3,11.5,11.7,10.8,11.15,0.44609416,11.66904762
9/26/2016,10.2,9.9,9.8,12.5,10.8,9.5,10.45,1.096813567,11.17619048
9/27/2016,12.8,13.7,11,15,11,11.8,12.55,1.597185024,11.33333333
9/28/2016,13.1,14,11.8,15.8,10.8,13,13.08333333,1.737143249,11.65714286
9/29/2016,14.7,16.8,13.3,18,13.7,14.8,15.21666667,1.825833143,12.23571429
9/30/2016,11.7,12,12,13.8,14,14.3,12.96666667,1.184342293,12.62857143
10/1/2016,14.1,14.9,14.3,14.5,17.6,13.5,14.81666667,1.440023148,12.89047619
10/2/2016,13.7,14.5,14.3,14.5,14.7,13.3,14.16666667,0.546504041,13.32142857
10/3/2016,10,9.7,10.3,7.8,12.8,9,9.933333333,1.663329993,13.24761905
10/4/2016,12.7,10.7,13.8,8.5,13.4,10.5,11.6,2.045482828,13.11190476
10/5/2016,3.9,4.1,2,0.8,4.9,2,2.95,1.578290214,11.66428571
10/6/2016,0.6,-0.2,0.3,0.3,2.3,-0.5,0.466666667,0.981155781,9.557142857
10/7/2016,1.3,0.8,1.3,1.8,1.6,0,1.133333333,0.650128192,7.866666667
10/8/2016,2.2,2.2,8,1.8,2,0.8,2.833333333,2.584311643,6.154761905
10/9/2016,11.8,9.9,8,1.8,8.2,8,7.95,3.361993456,5.266666667
10/10/2016,2.6,0.6,2.3,0.5,4.2,0.5,1.783333333,1.514485611,4.102380952
10/11/2016,1.2,-0.2,1.3,0.8,1,-0.3,0.633333333,0.706163343,2.535714286
10/12/2016,1.2,1.3,0.3,2.5,0.9,0.8,1.166666667,0.742069179,2.280952381
10/13/2016,1.3,0.7,0.8,1.8,0.4,0.3,0.883333333,0.570672118,2.34047619
10/14/2016,9.7,9.6,8.3,10.8,9.5,8.3,9.366666667,0.950087715,3.516666667
10/15/2016,10.8,7,9.8,8,9.3,5.5,8.4,1.952434378,4.311904762
10/16/2016,7.7,7,9.8,6,7,4,6.916666667,1.912502723,4.164285714
10/17/2016,5,3.7,4.8,3.3,7,3.8,4.6,1.349073756,4.566666667
10/18/2016,1.7,1.5,0.8,1.3,2.2,0.8,1.383333333,0.541910202,4.673809524
10/19/2016,3.8,3.4,3.8,3.5,4.7,2,3.533333333,0.880151502,5.011904762
10/20/2016,5.4,3.5,3.8,3.5,5.2,5,4.4,0.892188321,5.514285714
10/21/2016,8.5,6.9,8.8,10.3,8.6,8.8,8.65,1.082127534,5.411904762
10/22/2016,4.2,1.5,2.3,2.8,3,3.8,2.933333333,0.98319208,4.630952381
10/23/2016,4.7,2,6,1.8,4.3,4.3,3.85,1.635542723,4.192857143
10/24/2016,5.5,6.2,3.8,6.3,4.2,4.5,5.083333333,1.064737839,4.261904762
10/25/2016,5.7,6.4,3.8,6,7.5,5.5,5.816666667,1.215593134,4.895238095
10/26/2016,5.4,3.9,3.8,5.3,5.5,5,4.816666667,0.767897563,5.078571429
10/27/2016,7.4,7.2,3.8,7.8,4.9,6,6.183333333,1.580400793,5.333333333
10/28/2016,6.4,5.5,3.8,5.8,7.3,5.3,5.683333333,1.172035267,4.90952381
10/29/2016,1.6,3,3.8,4,2.8,1.5,2.783333333,1.059087658,4.888095238
10/30/2016,7.3,8,3.8,8,3.1,4,5.7,2.297825059,5.152380952
10/31/2016,5,3.5,3.8,3.5,5.9,3.5,4.2,1.015874008,5.026190476
11/1/2016,6.6,6.7,3.8,7,7,6.5,6.266666667,1.22583305,5.09047619
11/2/2016,5.7,5.2,3.8,4.5,3.7,4.3,4.533333333,0.786553664,5.05
11/3/2016,7.9,7.7,3.8,8.3,5.8,5.3,6.466666667,1.78063659,5.09047619
11/4/2016,9.4,9,3.8,10,9.2,9,8.4,2.283856388,5.478571429
11/5/2016,9.5,9.2,3.8,9.3,8.3,10.8,8.483333333,2.430980598,6.292857143
11/6/2016,9.1,10.2,3.8,11,11.6,11.3,9.5,2.933939331,6.835714286
11/7/2016,5.8,5.2,3.8,8.3,6.7,7.3,6.183333333,1.599270667,7.119047619
11/8/2016,5.1,4.9,3.8,5.5,3.7,5.3,4.716666667,0.775671752,6.897619048
11/9/2016,12.3,11.4,3.8,12.3,11.6,12.8,10.7,3.418771709,7.778571429
11/10/2016,5.2,3.4,3.8,7,6.2,7,5.433333333,1.571835445,7.630952381
11/11/2016,4,3.7,2.5,7,2.2,4,3.9,1.704112672,6.988095238
11/12/2016,10,8.9,7,7,7.8,8.8,8.25,1.192895637,6.954761905
11/13/2016,5.7,5.9,7,9.3,6.7,6.3,6.816666667,1.309070917,6.571428571
11/14/2016,7.8,8,6,8.5,4.9,6.8,7,1.366747965,6.688095238
11/15/2016,4.1,3.5,6,3.8,5.2,2.8,4.233333333,1.170754742,6.619047619
11/16/2016,4.5,0.8,5.8,3,7.2,3.5,4.133333333,2.241130667,5.680952381
11/17/2016,-3.6,-4.9,-1.8,-3.3,0.7,-3,-2.65,1.921197543,4.526190476
11/18/2016,-5.7,-6.7,-2,-5.3,-4.1,-5.5,-4.883333333,1.640020325,3.271428571
11/19/2016,-6.1,-7.1,-8.3,-8,-6.8,-7,-7.216666667,0.808496547,1.061904762
11/20/2016,-2,-0.5,-3.3,0.5,-1.7,-2,-1.5,1.325141502,-0.126190476
11/21/2016,-1.9,-1.7,-3.8,-1,-1.4,-2.8,-2.1,1.027618606,-1.426190476
11/22/2016,-1.9,-2.6,-2.8,-2.5,-1.7,-2.3,-2.3,0.424264069,-2.35952381
11/23/2016,-0.9,-1.3,-0.8,-1.8,-0.1,-1,-0.983333333,0.563619257,-3.09047619
11/24/2016,-1.8,-2.5,-0.5,1.8,1.5,-0.8,-0.383333333,1.731377101,-2.766666667
11/25/2016,0,-0.9,-1.5,-1,-0.2,-0.8,-0.733333333,0.550151494,-2.173809524
11/26/2016,1.2,-0.1,1.8,1.3,1.7,0.5,1.066666667,0.733939144,-0.99047619
11/27/2016,0.2,1.6,-1.3,0.5,-0.3,0,0.116666667,0.953764471,-0.75952381
11/28/2016,-2.6,-2.5,-2.8,-2.5,-1.6,-3.5,-2.583333333,0.611282804,-0.828571429
11/29/2016,-3.7,-3.7,-2.8,-3.5,-1.4,-4.3,-3.233333333,1.019149973,-0.961904762
11/30/2016,-4.1,-4,-3.5,-3.8,-2.2,-4.5,-3.683333333,0.798540335,-1.347619048
12/1/2016,-2.7,-2.9,-2.8,-2.8,-3.7,-2.3,-2.866666667,0.458984386,-1.702380952
12/2/2016,-2.7,-3.4,-4,-3.5,-3,-3.3,-3.316666667,0.444597196,-2.071428571
12/3/2016,-4.7,-4.2,-4,-4.5,-3.8,-4,-4.2,0.340587727,-2.823809524
12/4/2016,-6.5,-6,-5.8,-6.5,-4.3,-7,-6.016666667,0.941098649,-3.7
12/5/2016,-9,-8.8,-9.8,-8.3,-6.2,-8.5,-8.433333333,1.211060142,-4.535714286
12/6/2016,-14.3,-14.9,-9.8,-15.5,-9.5,-15,-13.16666667,2.752211232,-5.954761905
12/7/2016,-17.2,-17.5,-16.3,-17,-13.5,-16.5,-16.33333333,1.456937427,-7.761904762
12/8/2016,-22.7,-23.3,-20.5,-20.5,-20.3,-19.8,-21.18333333,1.442798207,-10.37857143
12/9/2016,-27.7,-28.2,-27.5,-25,-26.4,-26.3,-26.85,1.174308307,-13.74047619
12/10/2016,-26.3,-27.5,-29.8,-25.5,-28.1,-25.5,-27.11666667,1.685724374,-17.01428571
12/11/2016,-21.1,-21.6,-24.3,-20.5,-22,-22,-21.91666667,1.301409492,-19.28571429
12/12/2016,-21.2,-19.4,-21.8,-19.3,-21.1,-21.5,-20.71666667,1.087044924,-21.04047619
12/13/2016,-18.1,-17.8,-18.3,-17,-18,-18.5,-17.95,0.524404424,-21.72380952
12/14/2016,-24.1,-24.3,-23,-20.8,-23.6,-23.5,-23.21666667,1.270301801,-22.70714286
12/15/2016,-22.4,-24.1,-25.3,-21.5,-24.5,-22.3,-23.35,1.490972837,-23.01666667
12/16/2016,-24.6,-25.7,-24.3,-23.5,-24,-25.3,-24.56666667,0.818942407,-22.69047619
12/17/2016,-29.8,-30.6,-31,-28,-29.7,-29.5,-29.76666667,1.040512694,-23.06904762
12/18/2016,-16.8,-17.5,-22.3,-16,-18.9,-17.5,-18.16666667,2.239345142,-22.53333333
12/19/2016,-3.3,-1.8,-7.3,-1.5,-2.5,-5.5,-3.65,2.2906331,-20.0952381
12/20/2016,-6,-5.2,-5.5,-3.8,-5.5,-6.5,-5.416666667,0.915241316,-18.3047619
12/21/2016,-4.5,-5.8,-8,-6,-4.9,-7.5,-6.116666667,1.390563435,-15.86190476
12/22/2016,-5,-5.5,-4.8,-2,-6.2,-5.8,-4.883333333,1.502553382,-13.22380952
12/23/2016,-10.8,-9.8,-11.3,-8,-9.1,-8.3,-9.55,1.33078924,-11.07857143
12/24/2016,-12.1,-12.7,-15.8,-14.5,-14.2,-18.3,-14.6,2.243211983,-8.911904762
12/25/2016,-16,-15.8,-15.8,-15.3,-15,-16.3,-15.7,0.473286383,-8.55952381
12/26/2016,-17.1,-16.3,-13.8,-14.3,-13.3,-14.8,-14.93333333,1.478738201,-10.17142857
12/27/2016,-15.2,-13,-16.5,-12.8,-17.3,-11.3,-14.35,2.348403713,-11.44761905
12/28/2016,-5.6,-4.3,-16.5,-5,-5.9,-5.8,-7.183333333,4.603223508,-11.6
12/29/2016,-9.9,-9.9,-16.5,-7.5,-8.1,-9.3,-10.2,3.23666495,-12.35952381
12/30/2016,-10,-9.7,-16.5,-8.5,-12.4,-10.3,-11.23333333,2.874485461,-12.6
12/31/2016,-9.2,-10,-16.5,-9.3,-10.4,-11,-11.06666667,2.746391572,-12.0952381
1/1/2017,-14.4,-14.3,-16.5,-14.2,-13.7,-15.8,-14.81666667,1.083358974,-11.96904762
1/2/2017,-16.4,-18.1,-16.5,-18.7,-17.1,-19.8,-17.76666667,1.34412301,-12.37380952
1/3/2017,-24.1,-23.6,-16.5,-22.6,-23.1,-24.3,-22.36666667,2.941881484,-13.51904762
1/4/2017,-22.2,-21.6,-24,-20.7,-24.5,-23.3,-22.71666667,1.46617416,-15.73809524
1/5/2017,-22.1,-21.1,-23.8,-19.3,-23.2,-22,-21.91666667,1.596767568,-17.41190476
1/6/2017,-22,-21.5,-21.3,-20.8,-22.8,-19.5,-21.31666667,1.119672571,-18.85238095
1/7/2017,-26.6,-22.8,-25,-24.8,-27,-20.5,-24.45,2.444381312,-20.76428571
1/8/2017,-22.4,-22.1,-24.5,-20.9,-22.2,-20,-22.01666667,1.527634337,-21.79285714
1/9/2017,-20.9,-20.7,-22.8,-20.2,-20.6,-21.8,-21.16666667,0.960555395,-22.27857143
1/10/2017,-20.6,-22.2,-21.5,-21.3,-19.9,-21.5,-21.16666667,0.804155872,-22.10714286
1/11/2017,-24.4,-19.9,-23.3,-20.9,-24.1,-22.5,-22.51666667,1.796014105,-22.07857143
1/12/2017,-23.3,-22.1,-28.5,-22.5,-24.4,-26,-24.46666667,2.427069564,-22.44285714
1/13/2017,-24,-21.3,-26.5,-20.6,-25.6,-23.8,-23.63333333,2.319195263,-22.77380952
1/14/2017,-17.2,-17.3,-16,-15.2,-18.7,-13.8,-16.36666667,1.737431054,-21.61904762
1/15/2017,-12.9,-12.5,-13.8,-11.4,-13.7,-10.5,-12.46666667,1.303329071,-20.2547619
1/16/2017,-11,-9,-9.8,-6.8,-11,-7.5,-9.183333333,1.762290177,-18.54285714
1/17/2017,-5.7,-4.4,-7.8,-3.1,-7.6,-3.8,-5.4,1.976866207,-16.29047619
1/18/2017,0.2,-0.1,0.3,0.5,-3.2,0.8,-0.25,1.476143624,-13.10952381
1/19/2017,-2.2,-2.4,-1.8,0.2,-3.8,1.5,-1.416666667,1.925010822,-9.816666667
1/20/2017,-8.3,-6,-9.5,-3,-6.2,-2,-5.833333333,2.912501788,-7.273809524
1/21/2017,-7,-7.4,-7.5,-5.8,-1.7,-5,-5.733333333,2.205145498,-5.754761905
1/22/2017,-2.9,-3.7,-4,-3.5,-2.1,-5.3,-3.583333333,1.077806414,-4.485714286
1/23/2017,-5.5,-6.6,-6.8,-6.6,-5.5,-7,-6.333333333,0.662319158,-4.078571429
1/24/2017,-8,-8.9,-8,-8.9,-6.2,-9,-8.166666667,1.067083252,-4.473809524
1/25/2017,-12.3,-12.8,-8.8,-11.2,-10.2,-11,-11.05,1.444645285,-6.016666667
1/26/2017,-12.9,-12.1,-13.5,-11.3,-10.6,-10.8,-11.86666667,1.170754742,-7.50952381
1/27/2017,-5.9,-4.1,-6.5,-2.4,-7.2,-4.8,-5.15,1.753567792,-7.411904762
1/28/2017,-0.5,-0.5,-3,0.1,-2.3,-1,-1.2,1.196662024,-6.764285714
1/29/2017,-2,-0.6,-2.3,0.7,-5.8,-2.3,-2.05,2.184261889,-6.545238095
1/30/2017,1.1,1.4,-0.3,0.7,-0.7,0.3,0.416666667,0.810966502,-5.580952381
1/31/2017,-10.6,-11.6,-9.3,-11.2,-11,-11,-10.78333333,0.796031825,-5.954761905
2/1/2017,-18,-17.2,-19.3,-11.2,-19.4,-19.5,-17.43333333,3.189148267,-6.866666667
2/2/2017,-18.1,-15.9,-19.5,-14.7,-19.6,-17.8,-17.6,1.959591794,-7.685714286
2/3/2017,-16,-16,-16.5,-13.4,-17.4,-16.5,-15.96666667,1.357448587,-9.230952381
2/4/2017,-14.5,-15,-14.5,-14.2,-15.6,-15.8,-14.93333333,0.650128192,-11.19285714
2/5/2017,-19.3,-19,-21.8,-17.4,-20.8,-18.5,-19.46666667,1.59206365,-13.68095238
2/6/2017,-16.8,-16.5,-17.3,-16.8,-16.9,-17,-16.88333333,0.263944439,-16.15238095
2/7/2017,-24.4,-25.8,-22.3,-25.5,-24,-22.8,-24.13333333,1.405228333,-18.05952381
2/8/2017,-26.2,-25.5,-26.5,-25.7,-25.5,-26.3,-25.95,0.437035468,-19.27619048
2/9/2017,-17.9,-18.2,-14,-16.6,-18.2,-14.3,-16.53333333,1.940790217,-19.12380952
2/10/2017,-1.4,-1.5,-6.5,-2.1,-5.6,-9,-4.35,3.15261796,-17.46428571
2/11/2017,-5.3,-4.8,-6,-5.3,-3.5,-6.8,-5.283333333,1.116094381,-16.08571429
2/12/2017,-5.3,-4.1,-6.3,-2.9,-6,-7.5,-5.35,1.64408029,-14.06904762
2/13/2017,-3.1,-1.5,-3,-0.8,-3.3,-2.3,-2.333333333,1.001332446,-11.99047619
2/14/2017,-4.4,-4.1,-4.8,-2.2,-4.1,-3.3,-3.816666667,0.932559203,-9.088095238
2/15/2017,-1.4,0.2,-5,1.3,-4.2,-1.3,-1.733333333,2.449217562,-5.628571429
2/16/2017,2.4,3.2,2.5,4.9,0.4,3.5,2.816666667,1.487839597,-2.864285714
2/17/2017,2.3,4.5,3.8,5.3,2.8,4,3.783333333,1.098028536,-1.702380952
2/18/2017,-1.9,-1.6,-1,-0.6,-0.2,2,-0.55,1.396782016,-1.026190476
2/19/2017,-0.1,-0.1,-0.8,-0.4,0.2,0,-0.2,0.352136337,-0.29047619
2/20/2017,1.5,3,1.8,3.7,-0.6,1.8,1.866666667,1.474675105,0.30952381
2/21/2017,1.1,-0.4,-1.3,1.4,-1.1,0,-0.05,1.114899099,0.847619048
2/22/2017,-1.1,-1.5,0.3,-0.8,0.3,-2.3,-0.85,1.023230179,0.973809524
2/23/2017,-3.5,-3.5,-4.5,-3.4,-3.6,-6,-4.083333333,1.02257844,-0.011904762
2/24/2017,-6.9,-5,-8.3,-4.2,-10,-5.8,-6.7,2.165178976,-1.50952381
2/25/2017,-12.3,-11.9,-10,-11.3,-13.5,-12,-11.83333333,1.155277744,-3.121428571
2/26/2017,-12.6,-10.4,-12.3,-9.4,-14.5,-12.3,-11.91666667,1.792670262,-4.795238095
2/27/2017,-14.4,-15.2,-14,-14.3,-15.3,-16.3,-14.91666667,0.851860708,-7.192857143
2/28/2017,-14.4,-12.6,-17,-11.7,-16.6,-14,-14.38333333,2.111318703,-9.24047619
3/1/2017,-12.5,-11.6,-14,-10.9,-13.9,-13.5,-12.73333333,1.284782731,-10.93809524
3/2/2017,-13.4,-12.8,-14,-12.5,-18,-13.8,-14.08333333,2.002415208,-12.36666667
3/3/2017,-6.2,-6.2,-12.3,-3.4,-9.1,-7.3,-7.416666667,3.026163688,-12.46904762
3/4/2017,0.3,0.1,-3.8,1.5,-1.3,0.5,-0.45,1.871630305,-10.84285714
3/5/2017,0.8,-0.5,-1.8,1.1,-0.7,0.8,-0.05,1.136221809,-9.147619048
3/6/2017,-5.6,-6.4,-7.8,-8,-5.6,-9.8,-7.2,1.644384383,-8.045238095
3/7/2017,-12.1,-12.2,-13,-12,-12.1,-14,-12.56666667,0.791622806,-7.785714286
3/8/2017,-14.3,-14.3,-14,-13.9,-12.8,-15.3,-14.1,0.80746517,-7.980952381
3/9/2017,-19,-18.9,-18,-18.2,-21.2,-19.3,-19.1,1.141928194,-8.697619048
3/10/2017,-20.8,-20.5,-22,-19.6,-23.3,-21.5,-21.28333333,1.289056503,-10.67857143
3/11/2017,-17.7,-18.1,-18.5,-17.6,-18.1,-18,-18,0.32249031,-13.18571429
3/12/2017,-17.3,-17.3,-17,-16.8,-18.9,-16,-17.21666667,0.953764471,-15.63809524
3/13/2017,-17.4,-16.7,-17,-16.5,-20,-17.8,-17.56666667,1.281665583,-17.11904762
3/14/2017,-8.4,-9,-11.3,-7.5,-9.6,-10.3,-9.35,1.357571361,-16.65952381
3/15/2017,-3.5,-2.6,-5.3,-1.7,-4.3,-2.5,-3.316666667,1.321236794,-15.11904762
3/16/2017,1.1,2.9,-0.8,4,-0.5,2.3,1.5,1.913112647,-12.17619048
3/17/2017,-2.6,-1.3,-0.8,0.2,-3.4,-2.3,-1.7,1.314534138,-9.378571429
3/18/2017,-0.7,-0.3,-2.8,2.2,-4.7,0,-1.05,2.397290137,-6.957142857
3/19/2017,1.8,4.1,2,3.7,1.7,3.8,2.85,1.125610945,-4.09047619
3/20/2017,-3.3,-2.4,-2,-2.1,-3.9,-2,-2.616666667,0.798540335,-1.954761905
3/21/2017,-9.3,-8.2,-11.8,-6.8,-12.8,-10,-9.816666667,2.229274919,-2.021428571
3/22/2017,-2.9,-2.6,-11.8,-1.2,-6.2,-4.5,-4.866666667,3.806135398,-2.242857143
3/23/2017,0.3,1.7,-11.8,1.8,-1.4,2.3,-1.183333333,5.372305526,-2.626190476
3/24/2017,-0.1,0.3,-11.8,1.1,-2.7,-0.5,-2.283333333,4.833390804,-2.70952381
3/25/2017,6.4,7.7,3,8.1,0.7,5.3,5.2,2.870540019,-1.816666667
3/26/2017,7.2,5.8,3.3,5.3,2.6,6.8,5.166666667,1.859749087,-1.485714286
3/27/2017,0.7,3,1.3,3.3,-0.3,0.8,1.466666667,1.406650869,-0.902380952
3/28/2017,2,2.1,1.3,1.8,1,1.3,1.583333333,0.444597196,0.726190476
3/29/2017,6.7,7.9,5.5,8.8,4.7,7,6.766666667,1.506873142,2.388095238
3/30/2017,9,10.2,5,10.2,5.9,9.3,8.266666667,2.251814084,3.738095238
3/31/2017,2.6,3.6,1.5,2.5,2.3,3,2.583333333,0.702614166,4.433333333
4/1/2017,7.4,7.7,5,5.9,5.2,4.5,5.95,1.321741276,4.54047619
4/2/2017,7.7,6.9,8.3,6.9,7.7,8,7.583333333,0.574166062,4.885714286
4/3/2017,5,4.9,8.3,4.8,5.5,5,5.583333333,1.352651717,5.473809524
4/4/2017,5.2,4.1,6.5,4.4,6,4.8,5.166666667,0.930949336,5.985714286
4/5/2017,3.2,3.4,3.5,3,3.7,2.8,3.266666667,0.332665999,5.485714286
4/6/2017,6.5,7.6,3.5,7.7,5.3,4.8,5.9,1.662528195,5.147619048
4/7/2017,13.3,14.7,11.3,15.2,11,13.3,13.13333333,1.714253968,6.654761905
4/8/2017,11.6,9.2,13,9.7,12.2,12.5,11.36666667,1.560341843,7.428571429
4/9/2017,2.3,0.6,13,-1,1.9,-0.8,2.666666667,5.238956639,6.726190476
4/10/2017,0.8,0.3,-0.3,-0.7,-0.6,-1.3,-0.3,0.750999334,5.885714286
4/11/2017,6.1,5.5,4.5,5.5,5.1,5,5.283333333,0.545588367,5.902380952
4/12/2017,6.2,5.4,6,5.7,6.8,6,6.016666667,0.475043858,6.295238095
4/13/2017,10.8,11.8,6,9.9,9.7,9.3,9.583333333,1.971209443,6.821428571
4/14/2017,12.5,9,14.3,7.6,15,12.8,11.86666667,2.947315162,6.64047619
4/15/2017,6.7,4.8,6,6.4,8.5,6.3,6.45,1.20124935,5.938095238
4/16/2017,-1.4,-2.9,-0.8,-4.5,1.1,-3.8,-2.05,2.083026644,5.264285714
4/17/2017,-0.2,-2.1,-1.5,-2.2,-0.1,-1.5,-1.266666667,0.913600934,5.126190476
4/18/2017,5.7,5.8,4.3,5.5,5,5.8,5.35,0.595818764,5.135714286
4/19/2017,6.7,8.2,6,7.2,5.4,7,6.75,0.975192289,5.24047619
4/20/2017,9.6,9.1,9.3,8.8,8.1,8.8,8.95,0.516720427,5.15
4/21/2017,9.9,9,9.3,9.1,9.1,9.5,9.316666667,0.337144875,4.785714286
4/22/2017,5.4,5.4,9.3,6.1,4.2,4.3,5.783333333,1.869135272,4.69047619
4/23/2017,-0.2,1.4,9.3,1.3,0.9,1.5,2.366666667,3.453500639,5.321428571
4/24/2017,-1.5,-1.5,-2.3,-1.3,-0.8,-2.3,-1.616666667,0.587934237,5.271428571
4/25/2017,1.3,1.6,0.5,1.4,1.7,-0.3,1.033333333,0.778888096,4.654761905
4/26/2017,1.3,1.3,1.8,0.7,2,0.8,1.316666667,0.519294393,3.878571429
4/27/2017,3.5,2.9,1.8,2.6,2.6,2,2.566666667,0.615358974,2.966666667
4/28/2017,5.4,5.4,4.8,5,4.8,5,5.066666667,0.27325202,2.35952381
4/29/2017,7.7,7.2,7.8,7.9,9.3,8,7.983333333,0.702614166,2.673809524
4/30/2017,11.5,11.5,10,10.2,11.1,11.5,10.96666667,0.691857403,3.902380952
5/1/2017,9.4,10.8,9.3,8.9,10.6,9.8,9.8,0.756306816,5.533333333
5/2/2017,9.5,10.5,9.3,8.9,9.1,8.8,9.35,0.618869938,6.721428571
5/3/2017,9.5,9,10,9.4,10,9.3,9.533333333,0.398329847,7.895238095
5/4/2017,9.5,12.8,13.3,13.3,13.1,13.3,12.55,1.506983742,9.321428571
5/5/2017,17.8,16.9,17.8,17.3,15.7,18.8,17.38333333,1.041953294,11.08095238
5/6/2017,18.8,19.8,16.8,20.7,15.8,16.8,18.11666667,1.939501654,12.52857143
5/7/2017,16.9,17.7,15.8,18.8,15.1,16,16.71666667,1.364429063,13.35
5/8/2017,11,9.1,12.3,8.5,11.7,10.5,10.51666667,1.475691928,13.45238095
5/9/2017,11.1,10.1,11.3,10,12.6,10.8,10.98333333,0.949561302,13.68571429
5/10/2017,9.9,9.4,8.8,9,9,7.8,8.983333333,0.699761864,13.60714286
5/11/2017,13.9,14.4,12,13.9,9,11.8,12.5,2.025833162,13.6
5/12/2017,13.7,14.3,11.8,14.9,11.1,11,12.8,1.708800749,12.9452381
5/13/2017,14.8,15.5,14,16.1,14.4,12,14.46666667,1.42501462,12.42380952
5/14/2017,13.7,10.9,14,11,13.8,13.5,12.81666667,1.455220487,11.86666667
5/15/2017,11.8,10.4,11,10.4,12,11.5,11.18333333,0.694022094,11.96190476
5/16/2017,13.1,9.9,11.8,9.3,13.1,12.5,11.61666667,1.64489108,12.05238095
5/17/2017,7,6.4,8,5.9,7.3,7.8,7.066666667,0.809114743,11.77857143
5/18/2017,6.1,5.3,6.3,4.6,6,5.3,5.6,0.64498062,10.79285714
5/19/2017,8.5,7.8,6.3,8,7.7,8.5,7.8,0.809938269,10.07857143
5/20/2017,12.4,11.7,6.3,12.7,12,12,11.18333333,2.417781352,9.60952381
5/21/2017,12.5,12.3,11.3,11.6,11,12.8,11.91666667,0.719490561,9.480952381
5/22/2017,12.9,13.1,12,12.4,12.6,12.8,12.63333333,0.393276832,9.688095238
5/23/2017,12,12.6,11.3,12.5,11.3,12.3,12,0.57965507,9.742857143
5/24/2017,16.2,16.7,15.5,17.8,14.5,16,16.11666667,1.112504682,11.03571429
5/25/2017,12.7,9.2,12.5,9.6,15.5,11.5,11.83333333,2.309689734,11.92619048
5/26/2017,14.1,14.1,13.3,14.5,13.5,12.3,13.63333333,0.786553664,12.75952381
5/27/2017,13.8,14.3,13.3,14.1,14.7,13.5,13.95,0.520576603,13.1547619
5/28/2017,13,12.6,11.8,13.6,13.8,11.8,12.76666667,0.861781101,13.27619048
5/29/2017,12.3,12.8,11.3,11.8,11.9,12.3,12.06666667,0.516397779,13.1952381
5/30/2017,10.2,12.8,11.3,9.7,13.2,11,11.36666667,1.392360107,13.1047619
5/31/2017,13.9,13.7,12.8,13.5,14.2,13.5,13.6,0.473286383,12.7452381
6/1/2017,20,20.8,17.5,21.1,14.2,19,18.76666667,2.592810573,13.73571429
6/2/2017,22.7,20.9,21.3,20.5,24.8,21.5,21.95,1.582087229,14.92380952
6/3/2017,18.6,19.1,18.3,18.4,20.7,18.3,18.9,0.931665176,15.63095238
6/4/2017,19.1,19.5,17.8,19.2,17.9,20.3,18.96666667,0.962635272,16.51666667
6/5/2017,21.6,24,17.8,23.8,19.7,20,21.15,2.44928561,17.81428571
6/6/2017,14.7,13.1,14.8,13.4,18,13.5,14.58333333,1.817048889,18.27380952
6/7/2017,17.1,15.6,18,15.7,18,17,16.9,1.058300524,18.7452381
6/8/2017,17.6,18.1,17,17.3,17.7,17.8,17.58333333,0.386867764,18.57619048
6/9/2017,19.9,20.1,19.3,19.8,17.8,18.5,19.23333333,0.907009739,18.18809524
6/10/2017,19.5,19.2,19.3,18.4,19.1,18,18.91666667,0.584522597,18.19047619
6/11/2017,16.9,15.9,17,14.8,17.7,14.5,16.13333333,1.287892335,17.78571429
6/12/2017,16.8,16.9,17,16.4,16.1,16.5,16.61666667,0.343025752,17.13809524
6/13/2017,15.8,16.7,13.8,17.5,15.7,14.5,15.66666667,1.363329258,17.29285714
6/14/2017,13,12.3,13.3,12.6,14.7,11.8,12.95,1.005484958,16.72857143
6/15/2017,16,15.2,15,15.4,16.1,14,15.28333333,0.765288617,16.4
6/16/2017,15.2,13.7,14.3,13.2,15.2,12.5,14.01666667,1.090718418,15.6547619
6/17/2017,14.3,15.6,14.5,14.8,16.1,14.3,14.93333333,0.750111103,15.08571429
6/18/2017,16.4,15.8,15.8,15.9,15.2,14.8,15.65,0.56480085,15.01666667
6/19/2017,15.1,15.4,14.5,15.2,14.8,13.8,14.8,0.583095189,14.75714286
6/20/2017,15,16,13.5,15.4,14.4,14.8,14.85,0.85732141,14.64047619
6/21/2017,18.5,18.3,17.5,16.8,19,16.5,17.76666667,0.995322393,15.32857143
6/22/2017,14.6,13.7,14.3,13.1,16,12,13.95,1.366382084,15.13809524
6/23/2017,11.7,11.8,11,11.6,11.5,10,11.26666667,0.68019605,14.7452381
6/24/2017,11.2,10.8,9.8,11.7,10.9,10.8,10.86666667,0.625033332,14.16428571
6/25/2017,14.1,14.4,12.8,14.3,12.8,13.5,13.65,0.728697468,13.87857143
6/26/2017,15.2,15.3,12.3,15,13,13.8,14.1,1.264911064,13.77857143
6/27/2017,20.6,21.6,17.3,21.9,20,19.3,20.11666667,1.686910391,14.53095238
6/28/2017,16.8,15.2,17,16.2,19.5,16.3,16.83333333,1.448677558,14.39761905
6/29/2017,16.2,17.6,18.3,16.3,17,16,16.9,0.907744457,14.81904762
6/30/2017,15.4,15.1,15,15.1,15.4,15.5,15.25,0.207364414,15.38809524
7/1/2017,18,17.9,15,17.2,16.8,17,16.98333333,1.085203514,16.26190476
7/2/2017,17.1,17.7,15,17.5,15.6,16.3,16.53333333,1.085664159,16.67380952
7/3/2017,22.7,23.9,15,23.6,21.6,16.3,20.51666667,3.875779491,17.59047619
